table_name,ordinal_position,column_name,data_type,character_maximum_length,numeric_precision,numeric_scale,is_nullable
account_account,1,id,integer,,32,0,NO
account_account,2,currency_id,integer,,32,0,YES
account_account,3,create_uid,integer,,32,0,YES
account_account,4,write_uid,integer,,32,0,YES
account_account,5,account_type,character varying,,,,NO
account_account,6,name,jsonb,,,,NO
account_account,7,description,jsonb,,,,YES
account_account,8,code_store,jsonb,,,,YES
account_account,9,note,text,,,,YES
account_account,10,active,boolean,,,,YES
account_account,11,reconcile,boolean,,,,YES
account_account,12,non_trade,boolean,,,,YES
account_account,13,create_date,timestamp without time zone,,,,YES
account_account,14,write_date,timestamp without time zone,,,,YES
account_account,15,l10n_in_tds_tcs_section_id,integer,,32,0,YES
account_account,16,l10n_in_tds_feature_enabled,boolean,,,,YES
account_account,17,l10n_in_tcs_feature_enabled,boolean,,,,YES
account_account_account_merge_wizard_rel,1,account_merge_wizard_id,integer,,32,0,NO
account_account_account_merge_wizard_rel,2,account_account_id,integer,,32,0,NO
account_account_account_tag,1,account_account_id,integer,,32,0,NO
account_account_account_tag,2,account_account_tag_id,integer,,32,0,NO
account_account_res_company_rel,1,account_account_id,integer,,32,0,NO
account_account_res_company_rel,2,res_company_id,integer,,32,0,NO
account_account_tag,1,id,integer,,32,0,NO
account_account_tag,2,color,integer,,32,0,YES
account_account_tag,3,country_id,integer,,32,0,YES
account_account_tag,4,create_uid,integer,,32,0,YES
account_account_tag,5,write_uid,integer,,32,0,YES
account_account_tag,6,applicability,character varying,,,,NO
account_account_tag,7,name,jsonb,,,,NO
account_account_tag,8,active,boolean,,,,YES
account_account_tag,9,create_date,timestamp without time zone,,,,YES
account_account_tag,10,write_date,timestamp without time zone,,,,YES
account_account_tag_account_move_line_rel,1,account_move_line_id,integer,,32,0,NO
account_account_tag_account_move_line_rel,2,account_account_tag_id,integer,,32,0,NO
account_account_tag_account_tax_repartition_line_rel,1,account_tax_repartition_line_id,integer,,32,0,NO
account_account_tag_account_tax_repartition_line_rel,2,account_account_tag_id,integer,,32,0,NO
account_account_tag_product_template_rel,1,product_template_id,integer,,32,0,NO
account_account_tag_product_template_rel,2,account_account_tag_id,integer,,32,0,NO
account_account_tax_default_rel,1,account_id,integer,,32,0,NO
account_account_tax_default_rel,2,tax_id,integer,,32,0,NO
account_accrued_orders_wizard,1,id,integer,,32,0,NO
account_accrued_orders_wizard,2,company_id,integer,,32,0,YES
account_accrued_orders_wizard,3,journal_id,integer,,32,0,NO
account_accrued_orders_wizard,4,currency_id,integer,,32,0,YES
account_accrued_orders_wizard,5,account_id,integer,,32,0,NO
account_accrued_orders_wizard,6,create_uid,integer,,32,0,YES
account_accrued_orders_wizard,7,write_uid,integer,,32,0,YES
account_accrued_orders_wizard,8,date,date,,,,NO
account_accrued_orders_wizard,9,reversal_date,date,,,,NO
account_accrued_orders_wizard,10,amount,numeric,,,,YES
account_accrued_orders_wizard,11,create_date,timestamp without time zone,,,,YES
account_accrued_orders_wizard,12,write_date,timestamp without time zone,,,,YES
account_analytic_account,1,id,integer,,32,0,NO
account_analytic_account,2,plan_id,integer,,32,0,NO
account_analytic_account,3,root_plan_id,integer,,32,0,YES
account_analytic_account,4,company_id,integer,,32,0,YES
account_analytic_account,5,partner_id,integer,,32,0,YES
account_analytic_account,6,create_uid,integer,,32,0,YES
account_analytic_account,7,write_uid,integer,,32,0,YES
account_analytic_account,8,code,character varying,,,,YES
account_analytic_account,9,name,jsonb,,,,NO
account_analytic_account,10,active,boolean,,,,YES
account_analytic_account,11,create_date,timestamp without time zone,,,,YES
account_analytic_account,12,write_date,timestamp without time zone,,,,YES
account_analytic_applicability,1,id,integer,,32,0,NO
account_analytic_applicability,2,analytic_plan_id,integer,,32,0,YES
account_analytic_applicability,3,company_id,integer,,32,0,YES
account_analytic_applicability,4,create_uid,integer,,32,0,YES
account_analytic_applicability,5,write_uid,integer,,32,0,YES
account_analytic_applicability,6,business_domain,character varying,,,,NO
account_analytic_applicability,7,applicability,character varying,,,,NO
account_analytic_applicability,8,create_date,timestamp without time zone,,,,YES
account_analytic_applicability,9,write_date,timestamp without time zone,,,,YES
account_analytic_applicability,10,product_categ_id,integer,,32,0,YES
account_analytic_applicability,11,account_prefix,character varying,,,,YES
account_analytic_distribution_model,1,id,integer,,32,0,NO
account_analytic_distribution_model,2,sequence,integer,,32,0,YES
account_analytic_distribution_model,3,partner_id,integer,,32,0,YES
account_analytic_distribution_model,4,partner_category_id,integer,,32,0,YES
account_analytic_distribution_model,5,company_id,integer,,32,0,YES
account_analytic_distribution_model,6,create_uid,integer,,32,0,YES
account_analytic_distribution_model,7,write_uid,integer,,32,0,YES
account_analytic_distribution_model,8,analytic_distribution,jsonb,,,,YES
account_analytic_distribution_model,9,create_date,timestamp without time zone,,,,YES
account_analytic_distribution_model,10,write_date,timestamp without time zone,,,,YES
account_analytic_distribution_model,11,product_id,integer,,32,0,YES
account_analytic_distribution_model,12,product_categ_id,integer,,32,0,YES
account_analytic_distribution_model,13,account_prefix,character varying,,,,YES
account_analytic_line,1,id,integer,,32,0,NO
account_analytic_line,2,account_id,integer,,32,0,YES
account_analytic_line,3,product_uom_id,integer,,32,0,YES
account_analytic_line,4,partner_id,integer,,32,0,YES
account_analytic_line,5,user_id,integer,,32,0,YES
account_analytic_line,6,company_id,integer,,32,0,NO
account_analytic_line,7,currency_id,integer,,32,0,YES
account_analytic_line,8,create_uid,integer,,32,0,YES
account_analytic_line,9,write_uid,integer,,32,0,YES
account_analytic_line,10,name,character varying,,,,NO
account_analytic_line,11,category,character varying,,,,YES
account_analytic_line,12,date,date,,,,NO
account_analytic_line,13,amount,numeric,,,,NO
account_analytic_line,14,create_date,timestamp without time zone,,,,YES
account_analytic_line,15,write_date,timestamp without time zone,,,,YES
account_analytic_line,16,unit_amount,double precision,,53,,YES
account_analytic_line,17,product_id,integer,,32,0,YES
account_analytic_line,18,general_account_id,integer,,32,0,YES
account_analytic_line,19,journal_id,integer,,32,0,YES
account_analytic_line,20,move_line_id,integer,,32,0,YES
account_analytic_line,21,code,character varying,8,,,YES
account_analytic_line,22,ref,character varying,,,,YES
account_analytic_line,23,task_id,integer,,32,0,YES
account_analytic_line,24,parent_task_id,integer,,32,0,YES
account_analytic_line,25,project_id,integer,,32,0,YES
account_analytic_line,26,department_id,integer,,32,0,YES
account_analytic_line,27,manager_id,integer,,32,0,YES
account_analytic_line,28,employee_id,integer,,32,0,YES
account_analytic_line,29,holiday_id,integer,,32,0,YES
account_analytic_line,30,global_leave_id,integer,,32,0,YES
account_analytic_line_calendar_employee,1,id,integer,,32,0,NO
account_analytic_line_calendar_employee,2,user_id,integer,,32,0,NO
account_analytic_line_calendar_employee,3,employee_id,integer,,32,0,YES
account_analytic_line_calendar_employee,4,create_uid,integer,,32,0,YES
account_analytic_line_calendar_employee,5,write_uid,integer,,32,0,YES
account_analytic_line_calendar_employee,6,checked,boolean,,,,YES
account_analytic_line_calendar_employee,7,active,boolean,,,,YES
account_analytic_line_calendar_employee,8,create_date,timestamp without time zone,,,,YES
account_analytic_line_calendar_employee,9,write_date,timestamp without time zone,,,,YES
account_analytic_plan,1,id,integer,,32,0,NO
account_analytic_plan,2,parent_id,integer,,32,0,YES
account_analytic_plan,3,color,integer,,32,0,YES
account_analytic_plan,4,sequence,integer,,32,0,YES
account_analytic_plan,5,create_uid,integer,,32,0,YES
account_analytic_plan,6,write_uid,integer,,32,0,YES
account_analytic_plan,7,parent_path,character varying,,,,YES
account_analytic_plan,8,complete_name,character varying,,,,YES
account_analytic_plan,9,name,jsonb,,,,NO
account_analytic_plan,10,default_applicability,jsonb,,,,YES
account_analytic_plan,11,description,text,,,,YES
account_analytic_plan,12,create_date,timestamp without time zone,,,,YES
account_analytic_plan,13,write_date,timestamp without time zone,,,,YES
account_automatic_entry_wizard,1,id,integer,,32,0,NO
account_automatic_entry_wizard,2,company_id,integer,,32,0,NO
account_automatic_entry_wizard,3,destination_account_id,integer,,32,0,YES
account_automatic_entry_wizard,4,create_uid,integer,,32,0,YES
account_automatic_entry_wizard,5,write_uid,integer,,32,0,YES
account_automatic_entry_wizard,6,action,character varying,,,,NO
account_automatic_entry_wizard,7,account_type,character varying,,,,YES
account_automatic_entry_wizard,8,date,date,,,,NO
account_automatic_entry_wizard,9,total_amount,numeric,,,,YES
account_automatic_entry_wizard,10,create_date,timestamp without time zone,,,,YES
account_automatic_entry_wizard,11,write_date,timestamp without time zone,,,,YES
account_automatic_entry_wizard,12,percentage,double precision,,53,,YES
account_automatic_entry_wizard_account_move_line_rel,1,account_automatic_entry_wizard_id,integer,,32,0,NO
account_automatic_entry_wizard_account_move_line_rel,2,account_move_line_id,integer,,32,0,NO
account_autopost_bills_wizard,1,id,integer,,32,0,NO
account_autopost_bills_wizard,2,partner_id,integer,,32,0,YES
account_autopost_bills_wizard,3,nb_unmodified_bills,integer,,32,0,YES
account_autopost_bills_wizard,4,create_uid,integer,,32,0,YES
account_autopost_bills_wizard,5,write_uid,integer,,32,0,YES
account_autopost_bills_wizard,6,create_date,timestamp without time zone,,,,YES
account_autopost_bills_wizard,7,write_date,timestamp without time zone,,,,YES
account_bank_statement,1,id,integer,,32,0,NO
account_bank_statement,2,company_id,integer,,32,0,YES
account_bank_statement,3,currency_id,integer,,32,0,YES
account_bank_statement,4,journal_id,integer,,32,0,YES
account_bank_statement,5,create_uid,integer,,32,0,YES
account_bank_statement,6,write_uid,integer,,32,0,YES
account_bank_statement,7,name,character varying,,,,YES
account_bank_statement,8,reference,character varying,,,,YES
account_bank_statement,9,first_line_index,character varying,,,,YES
account_bank_statement,10,date,date,,,,YES
account_bank_statement,11,balance_start,numeric,,,,YES
account_bank_statement,12,balance_end,numeric,,,,YES
account_bank_statement,13,balance_end_real,numeric,,,,YES
account_bank_statement,14,is_complete,boolean,,,,YES
account_bank_statement,15,create_date,timestamp without time zone,,,,YES
account_bank_statement,16,write_date,timestamp without time zone,,,,YES
account_bank_statement_ir_attachment_rel,1,account_bank_statement_id,integer,,32,0,NO
account_bank_statement_ir_attachment_rel,2,ir_attachment_id,integer,,32,0,NO
account_bank_statement_line,1,id,integer,,32,0,NO
account_bank_statement_line,2,move_id,integer,,32,0,NO
account_bank_statement_line,3,journal_id,integer,,32,0,NO
account_bank_statement_line,4,company_id,integer,,32,0,NO
account_bank_statement_line,5,statement_id,integer,,32,0,YES
account_bank_statement_line,6,sequence,integer,,32,0,YES
account_bank_statement_line,7,partner_id,integer,,32,0,YES
account_bank_statement_line,8,currency_id,integer,,32,0,YES
account_bank_statement_line,9,foreign_currency_id,integer,,32,0,YES
account_bank_statement_line,10,create_uid,integer,,32,0,YES
account_bank_statement_line,11,write_uid,integer,,32,0,YES
account_bank_statement_line,12,account_number,character varying,,,,YES
account_bank_statement_line,13,partner_name,character varying,,,,YES
account_bank_statement_line,14,transaction_type,character varying,,,,YES
account_bank_statement_line,15,payment_ref,character varying,,,,YES
account_bank_statement_line,16,internal_index,character varying,,,,YES
account_bank_statement_line,17,transaction_details,jsonb,,,,YES
account_bank_statement_line,18,amount,numeric,,,,YES
account_bank_statement_line,19,amount_currency,numeric,,,,YES
account_bank_statement_line,20,is_reconciled,boolean,,,,YES
account_bank_statement_line,21,create_date,timestamp without time zone,,,,YES
account_bank_statement_line,22,write_date,timestamp without time zone,,,,YES
account_bank_statement_line,23,amount_residual,double precision,,53,,YES
account_cash_rounding,1,id,integer,,32,0,NO
account_cash_rounding,2,create_uid,integer,,32,0,YES
account_cash_rounding,3,write_uid,integer,,32,0,YES
account_cash_rounding,4,strategy,character varying,,,,NO
account_cash_rounding,5,rounding_method,character varying,,,,NO
account_cash_rounding,6,name,jsonb,,,,NO
account_cash_rounding,7,profit_account_id,jsonb,,,,YES
account_cash_rounding,8,loss_account_id,jsonb,,,,YES
account_cash_rounding,9,create_date,timestamp without time zone,,,,YES
account_cash_rounding,10,write_date,timestamp without time zone,,,,YES
account_cash_rounding,11,rounding,double precision,,53,,NO
account_debit_note,1,id,integer,,32,0,NO
account_debit_note,2,journal_id,integer,,32,0,YES
account_debit_note,3,create_uid,integer,,32,0,YES
account_debit_note,4,write_uid,integer,,32,0,YES
account_debit_note,5,reason,character varying,,,,YES
account_debit_note,6,date,date,,,,NO
account_debit_note,7,copy_lines,boolean,,,,YES
account_debit_note,8,create_date,timestamp without time zone,,,,YES
account_debit_note,9,write_date,timestamp without time zone,,,,YES
account_financial_year_op,1,id,integer,,32,0,NO
account_financial_year_op,2,company_id,integer,,32,0,NO
account_financial_year_op,3,create_uid,integer,,32,0,YES
account_financial_year_op,4,write_uid,integer,,32,0,YES
account_financial_year_op,5,create_date,timestamp without time zone,,,,YES
account_financial_year_op,6,write_date,timestamp without time zone,,,,YES
account_fiscal_position,1,id,integer,,32,0,NO
account_fiscal_position,2,sequence,integer,,32,0,YES
account_fiscal_position,3,company_id,integer,,32,0,NO
account_fiscal_position,4,country_id,integer,,32,0,YES
account_fiscal_position,5,country_group_id,integer,,32,0,YES
account_fiscal_position,6,create_uid,integer,,32,0,YES
account_fiscal_position,7,write_uid,integer,,32,0,YES
account_fiscal_position,8,zip_from,character varying,,,,YES
account_fiscal_position,9,zip_to,character varying,,,,YES
account_fiscal_position,10,foreign_vat,character varying,,,,YES
account_fiscal_position,11,name,jsonb,,,,NO
account_fiscal_position,12,note,jsonb,,,,YES
account_fiscal_position,13,active,boolean,,,,YES
account_fiscal_position,14,auto_apply,boolean,,,,YES
account_fiscal_position,15,vat_required,boolean,,,,YES
account_fiscal_position,16,is_domestic,boolean,,,,YES
account_fiscal_position,17,create_date,timestamp without time zone,,,,YES
account_fiscal_position,18,write_date,timestamp without time zone,,,,YES
account_fiscal_position_account,1,id,integer,,32,0,NO
account_fiscal_position_account,2,position_id,integer,,32,0,NO
account_fiscal_position_account,3,company_id,integer,,32,0,YES
account_fiscal_position_account,4,account_src_id,integer,,32,0,NO
account_fiscal_position_account,5,account_dest_id,integer,,32,0,NO
account_fiscal_position_account,6,create_uid,integer,,32,0,YES
account_fiscal_position_account,7,write_uid,integer,,32,0,YES
account_fiscal_position_account,8,create_date,timestamp without time zone,,,,YES
account_fiscal_position_account,9,write_date,timestamp without time zone,,,,YES
account_fiscal_position_account_tax_rel,1,account_fiscal_position_id,integer,,32,0,NO
account_fiscal_position_account_tax_rel,2,account_tax_id,integer,,32,0,NO
account_fiscal_position_res_country_state_rel,1,account_fiscal_position_id,integer,,32,0,NO
account_fiscal_position_res_country_state_rel,2,res_country_state_id,integer,,32,0,NO
account_full_reconcile,1,id,integer,,32,0,NO
account_full_reconcile,2,create_uid,integer,,32,0,YES
account_full_reconcile,3,write_uid,integer,,32,0,YES
account_full_reconcile,4,create_date,timestamp without time zone,,,,YES
account_full_reconcile,5,write_date,timestamp without time zone,,,,YES
account_group,1,id,integer,,32,0,NO
account_group,2,parent_id,integer,,32,0,YES
account_group,3,company_id,integer,,32,0,NO
account_group,4,create_uid,integer,,32,0,YES
account_group,5,write_uid,integer,,32,0,YES
account_group,6,code_prefix_start,character varying,,,,YES
account_group,7,code_prefix_end,character varying,,,,YES
account_group,8,name,jsonb,,,,NO
account_group,9,create_date,timestamp without time zone,,,,YES
account_group,10,write_date,timestamp without time zone,,,,YES
account_incoterms,1,id,integer,,32,0,NO
account_incoterms,2,create_uid,integer,,32,0,YES
account_incoterms,3,write_uid,integer,,32,0,YES
account_incoterms,4,code,character varying,3,,,NO
account_incoterms,5,name,jsonb,,,,NO
account_incoterms,6,active,boolean,,,,YES
account_incoterms,7,create_date,timestamp without time zone,,,,YES
account_incoterms,8,write_date,timestamp without time zone,,,,YES
account_invoice_transaction_rel,1,invoice_id,integer,,32,0,NO
account_invoice_transaction_rel,2,transaction_id,integer,,32,0,NO
account_journal,1,id,integer,,32,0,NO
account_journal,2,alias_id,integer,,32,0,YES
account_journal,3,default_account_id,integer,,32,0,YES
account_journal,4,suspense_account_id,integer,,32,0,YES
account_journal,5,non_deductible_account_id,integer,,32,0,YES
account_journal,6,sequence,integer,,32,0,YES
account_journal,7,currency_id,integer,,32,0,YES
account_journal,8,company_id,integer,,32,0,NO
account_journal,9,invoice_template_pdf_report_id,integer,,32,0,YES
account_journal,10,profit_account_id,integer,,32,0,YES
account_journal,11,loss_account_id,integer,,32,0,YES
account_journal,12,bank_account_id,integer,,32,0,YES
account_journal,13,create_uid,integer,,32,0,YES
account_journal,14,write_uid,integer,,32,0,YES
account_journal,15,color,integer,,32,0,YES
account_journal,16,access_token,character varying,,,,YES
account_journal,17,code,character varying,5,,,NO
account_journal,18,type,character varying,,,,NO
account_journal,19,invoice_reference_type,character varying,,,,NO
account_journal,20,invoice_reference_model,character varying,,,,NO
account_journal,21,bank_statements_source,character varying,,,,YES
account_journal,22,incoming_einvoice_notification_email,character varying,,,,YES
account_journal,23,name,jsonb,,,,NO
account_journal,24,sequence_override_regex,text,,,,YES
account_journal,25,active,boolean,,,,YES
account_journal,26,is_self_billing,boolean,,,,YES
account_journal,27,restrict_mode_hash_table,boolean,,,,YES
account_journal,28,refund_sequence,boolean,,,,YES
account_journal,29,payment_sequence,boolean,,,,YES
account_journal,30,show_on_dashboard,boolean,,,,YES
account_journal,31,create_date,timestamp without time zone,,,,YES
account_journal,32,write_date,timestamp without time zone,,,,YES
account_journal,33,debit_sequence,boolean,,,,YES
account_journal_account_journal_group_rel,1,account_journal_group_id,integer,,32,0,NO
account_journal_account_journal_group_rel,2,account_journal_id,integer,,32,0,NO
account_journal_account_reconcile_model_rel,1,account_reconcile_model_id,integer,,32,0,NO
account_journal_account_reconcile_model_rel,2,account_journal_id,integer,,32,0,NO
account_journal_group,1,id,integer,,32,0,NO
account_journal_group,2,company_id,integer,,32,0,YES
account_journal_group,3,sequence,integer,,32,0,YES
account_journal_group,4,create_uid,integer,,32,0,YES
account_journal_group,5,write_uid,integer,,32,0,YES
account_journal_group,6,name,jsonb,,,,NO
account_journal_group,7,create_date,timestamp without time zone,,,,YES
account_journal_group,8,write_date,timestamp without time zone,,,,YES
account_lock_exception,1,id,integer,,32,0,NO
account_lock_exception,2,company_id,integer,,32,0,NO
account_lock_exception,3,user_id,integer,,32,0,YES
account_lock_exception,4,create_uid,integer,,32,0,YES
account_lock_exception,5,write_uid,integer,,32,0,YES
account_lock_exception,6,reason,character varying,,,,YES
account_lock_exception,7,lock_date_field,character varying,,,,NO
account_lock_exception,8,lock_date,date,,,,YES
account_lock_exception,9,company_lock_date,date,,,,YES
account_lock_exception,10,active,boolean,,,,YES
account_lock_exception,11,end_datetime,timestamp without time zone,,,,YES
account_lock_exception,12,create_date,timestamp without time zone,,,,YES
account_lock_exception,13,write_date,timestamp without time zone,,,,YES
account_merge_wizard,1,id,integer,,32,0,NO
account_merge_wizard,2,create_uid,integer,,32,0,YES
account_merge_wizard,3,write_uid,integer,,32,0,YES
account_merge_wizard,4,is_group_by_name,boolean,,,,YES
account_merge_wizard,5,create_date,timestamp without time zone,,,,YES
account_merge_wizard,6,write_date,timestamp without time zone,,,,YES
account_merge_wizard_line,1,id,integer,,32,0,NO
account_merge_wizard_line,2,wizard_id,integer,,32,0,NO
account_merge_wizard_line,3,sequence,integer,,32,0,YES
account_merge_wizard_line,4,account_id,integer,,32,0,YES
account_merge_wizard_line,5,create_uid,integer,,32,0,YES
account_merge_wizard_line,6,write_uid,integer,,32,0,YES
account_merge_wizard_line,7,grouping_key,character varying,,,,YES
account_merge_wizard_line,8,display_type,character varying,,,,NO
account_merge_wizard_line,9,is_selected,boolean,,,,YES
account_merge_wizard_line,10,create_date,timestamp without time zone,,,,YES
account_merge_wizard_line,11,write_date,timestamp without time zone,,,,YES
account_move,1,id,integer,,32,0,NO
account_move,2,sequence_number,integer,,32,0,YES
account_move,3,message_main_attachment_id,integer,,32,0,YES
account_move,4,journal_id,integer,,32,0,NO
account_move,5,company_id,integer,,32,0,YES
account_move,6,origin_payment_id,integer,,32,0,YES
account_move,7,statement_line_id,integer,,32,0,YES
account_move,8,tax_cash_basis_rec_id,integer,,32,0,YES
account_move,9,tax_cash_basis_origin_move_id,integer,,32,0,YES
account_move,10,auto_post_origin_id,integer,,32,0,YES
account_move,11,secure_sequence_number,integer,,32,0,YES
account_move,12,invoice_payment_term_id,integer,,32,0,YES
account_move,13,partner_id,integer,,32,0,YES
account_move,14,commercial_partner_id,integer,,32,0,YES
account_move,15,partner_shipping_id,integer,,32,0,YES
account_move,16,partner_bank_id,integer,,32,0,YES
account_move,17,fiscal_position_id,integer,,32,0,YES
account_move,18,preferred_payment_method_line_id,integer,,32,0,YES
account_move,19,currency_id,integer,,32,0,NO
account_move,20,reversed_entry_id,integer,,32,0,YES
account_move,21,invoice_user_id,integer,,32,0,YES
account_move,22,invoice_incoterm_id,integer,,32,0,YES
account_move,23,invoice_cash_rounding_id,integer,,32,0,YES
account_move,24,create_uid,integer,,32,0,YES
account_move,25,write_uid,integer,,32,0,YES
account_move,26,sequence_prefix,character varying,,,,YES
account_move,27,access_token,character varying,,,,YES
account_move,28,name,character varying,,,,YES
account_move,29,ref,character varying,,,,YES
account_move,30,state,character varying,,,,NO
account_move,31,move_type,character varying,,,,NO
account_move,32,auto_post,character varying,,,,NO
account_move,33,inalterable_hash,character varying,,,,YES
account_move,34,payment_reference,character varying,,,,YES
account_move,35,qr_code_method,character varying,,,,YES
account_move,36,payment_state,character varying,,,,YES
account_move,37,invoice_source_email,character varying,,,,YES
account_move,38,invoice_partner_display_name,character varying,,,,YES
account_move,39,invoice_origin,character varying,,,,YES
account_move,40,incoterm_location,character varying,,,,YES
account_move,41,date,date,,,,NO
account_move,42,auto_post_until,date,,,,YES
account_move,43,invoice_date,date,,,,YES
account_move,44,invoice_date_due,date,,,,YES
account_move,45,delivery_date,date,,,,YES
account_move,46,taxable_supply_date,date,,,,YES
account_move,47,sending_data,jsonb,,,,YES
account_move,48,narration,text,,,,YES
account_move,49,invoice_currency_rate,numeric,,,,YES
account_move,50,amount_untaxed,numeric,,,,YES
account_move,51,amount_tax,numeric,,,,YES
account_move,52,amount_total,numeric,,,,YES
account_move,53,amount_residual,numeric,,,,YES
account_move,54,amount_untaxed_signed,numeric,,,,YES
account_move,55,amount_untaxed_in_currency_signed,numeric,,,,YES
account_move,56,amount_tax_signed,numeric,,,,YES
account_move,57,amount_total_signed,numeric,,,,YES
account_move,58,amount_total_in_currency_signed,numeric,,,,YES
account_move,59,amount_residual_signed,numeric,,,,YES
account_move,60,quick_edit_total_amount,numeric,,,,YES
account_move,61,always_tax_exigible,boolean,,,,YES
account_move,62,checked,boolean,,,,YES
account_move,63,posted_before,boolean,,,,YES
account_move,64,made_sequence_gap,boolean,,,,YES
account_move,65,is_manually_modified,boolean,,,,YES
account_move,66,is_move_sent,boolean,,,,YES
account_move,67,create_date,timestamp without time zone,,,,YES
account_move,68,write_date,timestamp without time zone,,,,YES
account_move,69,debit_origin_id,integer,,32,0,YES
account_move,70,l10n_in_state_id,integer,,32,0,YES
account_move,71,l10n_in_shipping_port_code_id,integer,,32,0,YES
account_move,72,l10n_in_reseller_partner_id,integer,,32,0,YES
account_move,73,l10n_in_withholding_ref_move_id,integer,,32,0,YES
account_move,74,l10n_in_withholding_ref_payment_id,integer,,32,0,YES
account_move,75,l10n_in_gst_treatment,character varying,,,,YES
account_move,76,l10n_in_gstin,character varying,,,,YES
account_move,77,l10n_in_shipping_bill_number,character varying,,,,YES
account_move,78,l10n_in_shipping_bill_date,date,,,,YES
account_move,79,l10n_in_is_withholding,boolean,,,,YES
account_move__account_payment,1,invoice_id,integer,,32,0,NO
account_move__account_payment,2,payment_id,integer,,32,0,NO
account_move_account_move_send_batch_wizard_rel,1,account_move_send_batch_wizard_id,integer,,32,0,NO
account_move_account_move_send_batch_wizard_rel,2,account_move_id,integer,,32,0,NO
account_move_account_resequence_wizard_rel,1,account_resequence_wizard_id,integer,,32,0,NO
account_move_account_resequence_wizard_rel,2,account_move_id,integer,,32,0,NO
account_move_debit_move,1,debit_id,integer,,32,0,NO
account_move_debit_move,2,move_id,integer,,32,0,NO
account_move_line,1,id,integer,,32,0,NO
account_move_line,2,move_id,integer,,32,0,NO
account_move_line,3,journal_id,integer,,32,0,YES
account_move_line,4,company_id,integer,,32,0,YES
account_move_line,5,company_currency_id,integer,,32,0,YES
account_move_line,6,sequence,integer,,32,0,YES
account_move_line,7,account_id,integer,,32,0,YES
account_move_line,8,currency_id,integer,,32,0,NO
account_move_line,9,partner_id,integer,,32,0,YES
account_move_line,10,reconcile_model_id,integer,,32,0,YES
account_move_line,11,payment_id,integer,,32,0,YES
account_move_line,12,statement_line_id,integer,,32,0,YES
account_move_line,13,statement_id,integer,,32,0,YES
account_move_line,14,group_tax_id,integer,,32,0,YES
account_move_line,15,tax_line_id,integer,,32,0,YES
account_move_line,16,tax_group_id,integer,,32,0,YES
account_move_line,17,tax_repartition_line_id,integer,,32,0,YES
account_move_line,18,full_reconcile_id,integer,,32,0,YES
account_move_line,19,product_id,integer,,32,0,YES
account_move_line,20,product_uom_id,integer,,32,0,YES
account_move_line,21,create_uid,integer,,32,0,YES
account_move_line,22,write_uid,integer,,32,0,YES
account_move_line,23,move_name,character varying,,,,YES
account_move_line,24,parent_state,character varying,,,,YES
account_move_line,25,ref,character varying,,,,YES
account_move_line,26,name,character varying,,,,YES
account_move_line,27,matching_number,character varying,,,,YES
account_move_line,28,display_type,character varying,,,,NO
account_move_line,29,date,date,,,,YES
account_move_line,30,invoice_date,date,,,,YES
account_move_line,31,date_maturity,date,,,,YES
account_move_line,32,discount_date,date,,,,YES
account_move_line,33,analytic_distribution,jsonb,,,,YES
account_move_line,34,extra_tax_data,jsonb,,,,YES
account_move_line,35,debit,numeric,,,,YES
account_move_line,36,credit,numeric,,,,YES
account_move_line,37,balance,numeric,,,,YES
account_move_line,38,amount_currency,numeric,,,,YES
account_move_line,39,tax_base_amount,numeric,,,,YES
account_move_line,40,amount_residual,numeric,,,,YES
account_move_line,41,amount_residual_currency,numeric,,,,YES
account_move_line,42,quantity,numeric,,,,YES
account_move_line,43,price_unit,numeric,,,,YES
account_move_line,44,price_subtotal,numeric,,,,YES
account_move_line,45,price_total,numeric,,,,YES
account_move_line,46,discount,numeric,,,,YES
account_move_line,47,discount_amount_currency,numeric,,,,YES
account_move_line,48,discount_balance,numeric,,,,YES
account_move_line,49,is_storno,boolean,,,,YES
account_move_line,50,is_imported,boolean,,,,YES
account_move_line,51,reconciled,boolean,,,,YES
account_move_line,52,collapse_composition,boolean,,,,YES
account_move_line,53,collapse_prices,boolean,,,,YES
account_move_line,54,no_followup,boolean,,,,YES
account_move_line,55,create_date,timestamp without time zone,,,,YES
account_move_line,56,write_date,timestamp without time zone,,,,YES
account_move_line,57,deductible_amount,double precision,,53,,YES
account_move_line,58,expense_id,integer,,32,0,YES
account_move_line,59,l10n_in_hsn_code,character varying,,,,YES
account_move_line,60,l10n_in_gstr_section,character varying,,,,YES
account_move_line,61,loan_id,integer,,32,0,YES
account_move_line_account_tax_rel,1,account_move_line_id,integer,,32,0,NO
account_move_line_account_tax_rel,2,account_tax_id,integer,,32,0,NO
account_move_reversal,1,id,integer,,32,0,NO
account_move_reversal,2,journal_id,integer,,32,0,NO
account_move_reversal,3,company_id,integer,,32,0,NO
account_move_reversal,4,create_uid,integer,,32,0,YES
account_move_reversal,5,write_uid,integer,,32,0,YES
account_move_reversal,6,reason,character varying,,,,YES
account_move_reversal,7,date,date,,,,YES
account_move_reversal,8,create_date,timestamp without time zone,,,,YES
account_move_reversal,9,write_date,timestamp without time zone,,,,YES
account_move_reversal_move,1,reversal_id,integer,,32,0,NO
account_move_reversal_move,2,move_id,integer,,32,0,NO
account_move_reversal_new_move,1,reversal_id,integer,,32,0,NO
account_move_reversal_new_move,2,new_move_id,integer,,32,0,NO
account_move_send_batch_wizard,1,id,integer,,32,0,NO
account_move_send_batch_wizard,2,create_uid,integer,,32,0,YES
account_move_send_batch_wizard,3,write_uid,integer,,32,0,YES
account_move_send_batch_wizard,4,create_date,timestamp without time zone,,,,YES
account_move_send_batch_wizard,5,write_date,timestamp without time zone,,,,YES
account_move_send_wizard,1,id,integer,,32,0,NO
account_move_send_wizard,2,template_id,integer,,32,0,YES
account_move_send_wizard,3,move_id,integer,,32,0,NO
account_move_send_wizard,4,pdf_report_id,integer,,32,0,YES
account_move_send_wizard,5,create_uid,integer,,32,0,YES
account_move_send_wizard,6,write_uid,integer,,32,0,YES
account_move_send_wizard,7,lang,character varying,,,,YES
account_move_send_wizard,8,subject,character varying,,,,YES
account_move_send_wizard,9,model,character varying,,,,YES
account_move_send_wizard,10,template_name,character varying,,,,YES
account_move_send_wizard,11,sending_method_checkboxes,jsonb,,,,YES
account_move_send_wizard,12,extra_edi_checkboxes,jsonb,,,,YES
account_move_send_wizard,13,mail_attachments_widget,jsonb,,,,YES
account_move_send_wizard,14,body,text,,,,YES
account_move_send_wizard,15,res_ids,text,,,,YES
account_move_send_wizard,16,create_date,timestamp without time zone,,,,YES
account_move_send_wizard,17,write_date,timestamp without time zone,,,,YES
account_move_send_wizard_res_partner_rel,1,account_move_send_wizard_id,integer,,32,0,NO
account_move_send_wizard_res_partner_rel,2,res_partner_id,integer,,32,0,NO
account_move_validate_account_move_rel,1,validate_account_move_id,integer,,32,0,NO
account_move_validate_account_move_rel,2,account_move_id,integer,,32,0,NO
account_partial_reconcile,1,id,integer,,32,0,NO
account_partial_reconcile,2,debit_move_id,integer,,32,0,NO
account_partial_reconcile,3,credit_move_id,integer,,32,0,NO
account_partial_reconcile,4,full_reconcile_id,integer,,32,0,YES
account_partial_reconcile,5,exchange_move_id,integer,,32,0,YES
account_partial_reconcile,6,debit_currency_id,integer,,32,0,YES
account_partial_reconcile,7,credit_currency_id,integer,,32,0,YES
account_partial_reconcile,8,company_id,integer,,32,0,YES
account_partial_reconcile,9,create_uid,integer,,32,0,YES
account_partial_reconcile,10,write_uid,integer,,32,0,YES
account_partial_reconcile,11,max_date,date,,,,YES
account_partial_reconcile,12,draft_caba_move_vals,jsonb,,,,YES
account_partial_reconcile,13,amount,numeric,,,,YES
account_partial_reconcile,14,debit_amount_currency,numeric,,,,YES
account_partial_reconcile,15,credit_amount_currency,numeric,,,,YES
account_partial_reconcile,16,create_date,timestamp without time zone,,,,YES
account_partial_reconcile,17,write_date,timestamp without time zone,,,,YES
account_payment,1,id,integer,,32,0,NO
account_payment,2,message_main_attachment_id,integer,,32,0,YES
account_payment,3,move_id,integer,,32,0,YES
account_payment,4,journal_id,integer,,32,0,NO
account_payment,5,company_id,integer,,32,0,NO
account_payment,6,partner_bank_id,integer,,32,0,YES
account_payment,7,paired_internal_transfer_payment_id,integer,,32,0,YES
account_payment,8,payment_method_line_id,integer,,32,0,YES
account_payment,9,payment_method_id,integer,,32,0,YES
account_payment,10,currency_id,integer,,32,0,YES
account_payment,11,partner_id,integer,,32,0,YES
account_payment,12,outstanding_account_id,integer,,32,0,YES
account_payment,13,destination_account_id,integer,,32,0,YES
account_payment,14,create_uid,integer,,32,0,YES
account_payment,15,write_uid,integer,,32,0,YES
account_payment,16,name,character varying,,,,YES
account_payment,17,state,character varying,,,,NO
account_payment,18,payment_type,character varying,,,,NO
account_payment,19,partner_type,character varying,,,,NO
account_payment,20,memo,character varying,,,,YES
account_payment,21,payment_reference,character varying,,,,YES
account_payment,22,date,date,,,,NO
account_payment,23,amount,numeric,,,,YES
account_payment,24,amount_company_currency_signed,numeric,,,,YES
account_payment,25,is_reconciled,boolean,,,,YES
account_payment,26,is_matched,boolean,,,,YES
account_payment,27,is_sent,boolean,,,,YES
account_payment,28,create_date,timestamp without time zone,,,,YES
account_payment,29,write_date,timestamp without time zone,,,,YES
account_payment,30,payment_transaction_id,integer,,32,0,YES
account_payment,31,payment_token_id,integer,,32,0,YES
account_payment,32,source_payment_id,integer,,32,0,YES
account_payment_account_bank_statement_line_rel,1,account_bank_statement_line_id,integer,,32,0,NO
account_payment_account_bank_statement_line_rel,2,account_payment_id,integer,,32,0,NO
account_payment_method,1,id,integer,,32,0,NO
account_payment_method,2,create_uid,integer,,32,0,YES
account_payment_method,3,write_uid,integer,,32,0,YES
account_payment_method,4,code,character varying,,,,NO
account_payment_method,5,payment_type,character varying,,,,NO
account_payment_method,6,name,jsonb,,,,NO
account_payment_method,7,create_date,timestamp without time zone,,,,YES
account_payment_method,8,write_date,timestamp without time zone,,,,YES
account_payment_method_line,1,id,integer,,32,0,NO
account_payment_method_line,2,sequence,integer,,32,0,YES
account_payment_method_line,3,payment_method_id,integer,,32,0,NO
account_payment_method_line,4,payment_account_id,integer,,32,0,YES
account_payment_method_line,5,journal_id,integer,,32,0,YES
account_payment_method_line,6,create_uid,integer,,32,0,YES
account_payment_method_line,7,write_uid,integer,,32,0,YES
account_payment_method_line,8,name,character varying,,,,YES
account_payment_method_line,9,create_date,timestamp without time zone,,,,YES
account_payment_method_line,10,write_date,timestamp without time zone,,,,YES
account_payment_method_line,11,payment_provider_id,integer,,32,0,YES
account_payment_method_line_res_company_rel,1,res_company_id,integer,,32,0,NO
account_payment_method_line_res_company_rel,2,account_payment_method_line_id,integer,,32,0,NO
account_payment_register,1,id,integer,,32,0,NO
account_payment_register,2,currency_id,integer,,32,0,YES
account_payment_register,3,journal_id,integer,,32,0,YES
account_payment_register,4,partner_bank_id,integer,,32,0,YES
account_payment_register,5,custom_user_currency_id,integer,,32,0,YES
account_payment_register,6,source_currency_id,integer,,32,0,YES
account_payment_register,7,company_id,integer,,32,0,YES
account_payment_register,8,partner_id,integer,,32,0,YES
account_payment_register,9,payment_method_line_id,integer,,32,0,YES
account_payment_register,10,writeoff_account_id,integer,,32,0,YES
account_payment_register,11,create_uid,integer,,32,0,YES
account_payment_register,12,write_uid,integer,,32,0,YES
account_payment_register,13,communication,character varying,,,,YES
account_payment_register,14,installments_mode,character varying,,,,YES
account_payment_register,15,payment_type,character varying,,,,YES
account_payment_register,16,partner_type,character varying,,,,YES
account_payment_register,17,payment_difference_handling,character varying,,,,YES
account_payment_register,18,writeoff_label,character varying,,,,YES
account_payment_register,19,payment_date,date,,,,NO
account_payment_register,20,amount,numeric,,,,YES
account_payment_register,21,custom_user_amount,numeric,,,,YES
account_payment_register,22,source_amount,numeric,,,,YES
account_payment_register,23,source_amount_currency,numeric,,,,YES
account_payment_register,24,group_payment,boolean,,,,YES
account_payment_register,25,can_edit_wizard,boolean,,,,YES
account_payment_register,26,can_group_payments,boolean,,,,YES
account_payment_register,27,create_date,timestamp without time zone,,,,YES
account_payment_register,28,write_date,timestamp without time zone,,,,YES
account_payment_register,29,payment_token_id,integer,,32,0,YES
account_payment_register_move_line_rel,1,wizard_id,integer,,32,0,NO
account_payment_register_move_line_rel,2,line_id,integer,,32,0,NO
account_payment_term,1,id,integer,,32,0,NO
account_payment_term,2,company_id,integer,,32,0,YES
account_payment_term,3,sequence,integer,,32,0,NO
account_payment_term,4,discount_days,integer,,32,0,YES
account_payment_term,5,create_uid,integer,,32,0,YES
account_payment_term,6,write_uid,integer,,32,0,YES
account_payment_term,7,early_pay_discount_computation,character varying,,,,YES
account_payment_term,8,name,jsonb,,,,NO
account_payment_term,9,note,jsonb,,,,YES
account_payment_term,10,active,boolean,,,,YES
account_payment_term,11,display_on_invoice,boolean,,,,YES
account_payment_term,12,early_discount,boolean,,,,YES
account_payment_term,13,create_date,timestamp without time zone,,,,YES
account_payment_term,14,write_date,timestamp without time zone,,,,YES
account_payment_term,15,discount_percentage,double precision,,53,,YES
account_payment_term_line,1,id,integer,,32,0,NO
account_payment_term_line,2,nb_days,integer,,32,0,YES
account_payment_term_line,3,payment_id,integer,,32,0,NO
account_payment_term_line,4,create_uid,integer,,32,0,YES
account_payment_term_line,5,write_uid,integer,,32,0,YES
account_payment_term_line,6,value,character varying,,,,NO
account_payment_term_line,7,delay_type,character varying,,,,NO
account_payment_term_line,8,days_next_month,character varying,2,,,YES
account_payment_term_line,9,value_amount,numeric,,,,YES
account_payment_term_line,10,create_date,timestamp without time zone,,,,YES
account_payment_term_line,11,write_date,timestamp without time zone,,,,YES
account_reconcile_model,1,id,integer,,32,0,NO
account_reconcile_model,2,sequence,integer,,32,0,NO
account_reconcile_model,3,company_id,integer,,32,0,NO
account_reconcile_model,4,next_activity_type_id,integer,,32,0,YES
account_reconcile_model,5,mapped_partner_id,integer,,32,0,YES
account_reconcile_model,6,create_uid,integer,,32,0,YES
account_reconcile_model,7,write_uid,integer,,32,0,YES
account_reconcile_model,8,trigger,character varying,,,,NO
account_reconcile_model,9,match_amount,character varying,,,,YES
account_reconcile_model,10,match_label,character varying,,,,YES
account_reconcile_model,11,match_label_param,character varying,,,,YES
account_reconcile_model,12,name,jsonb,,,,NO
account_reconcile_model,13,active,boolean,,,,YES
account_reconcile_model,14,can_be_proposed,boolean,,,,YES
account_reconcile_model,15,create_date,timestamp without time zone,,,,YES
account_reconcile_model,16,write_date,timestamp without time zone,,,,YES
account_reconcile_model,17,match_amount_min,double precision,,53,,YES
account_reconcile_model,18,match_amount_max,double precision,,53,,YES
account_reconcile_model_line,1,id,integer,,32,0,NO
account_reconcile_model_line,2,model_id,integer,,32,0,YES
account_reconcile_model_line,3,company_id,integer,,32,0,YES
account_reconcile_model_line,4,sequence,integer,,32,0,NO
account_reconcile_model_line,5,account_id,integer,,32,0,YES
account_reconcile_model_line,6,partner_id,integer,,32,0,YES
account_reconcile_model_line,7,create_uid,integer,,32,0,YES
account_reconcile_model_line,8,write_uid,integer,,32,0,YES
account_reconcile_model_line,9,amount_type,character varying,,,,NO
account_reconcile_model_line,10,amount_string,character varying,,,,NO
account_reconcile_model_line,11,analytic_distribution,jsonb,,,,YES
account_reconcile_model_line,12,label,jsonb,,,,YES
account_reconcile_model_line,13,create_date,timestamp without time zone,,,,YES
account_reconcile_model_line,14,write_date,timestamp without time zone,,,,YES
account_reconcile_model_line,15,amount,double precision,,53,,YES
account_reconcile_model_line_account_tax_rel,1,account_reconcile_model_line_id,integer,,32,0,NO
account_reconcile_model_line_account_tax_rel,2,account_tax_id,integer,,32,0,NO
account_reconcile_model_res_partner_rel,1,account_reconcile_model_id,integer,,32,0,NO
account_reconcile_model_res_partner_rel,2,res_partner_id,integer,,32,0,NO
account_report,1,id,integer,,32,0,NO
account_report,2,sequence,integer,,32,0,YES
account_report,3,root_report_id,integer,,32,0,YES
account_report,4,country_id,integer,,32,0,YES
account_report,5,load_more_limit,integer,,32,0,YES
account_report,6,prefix_groups_threshold,integer,,32,0,YES
account_report,7,create_uid,integer,,32,0,YES
account_report,8,write_uid,integer,,32,0,YES
account_report,9,chart_template,character varying,,,,YES
account_report,10,availability_condition,character varying,,,,YES
account_report,11,integer_rounding,character varying,,,,YES
account_report,12,default_opening_date_filter,character varying,,,,YES
account_report,13,currency_translation,character varying,,,,YES
account_report,14,filter_multi_company,character varying,,,,YES
account_report,15,filter_hide_0_lines,character varying,,,,YES
account_report,16,filter_hierarchy,character varying,,,,YES
account_report,17,filter_account_type,character varying,,,,YES
account_report,18,name,jsonb,,,,NO
account_report,19,active,boolean,,,,YES
account_report,20,use_sections,boolean,,,,YES
account_report,21,only_tax_exigible,boolean,,,,YES
account_report,22,search_bar,boolean,,,,YES
account_report,23,allow_foreign_vat,boolean,,,,YES
account_report,24,filter_date_range,boolean,,,,YES
account_report,25,filter_show_draft,boolean,,,,YES
account_report,26,filter_unreconciled,boolean,,,,YES
account_report,27,filter_unfold_all,boolean,,,,YES
account_report,28,filter_period_comparison,boolean,,,,YES
account_report,29,filter_growth_comparison,boolean,,,,YES
account_report,30,filter_journals,boolean,,,,YES
account_report,31,filter_analytic,boolean,,,,YES
account_report,32,filter_partner,boolean,,,,YES
account_report,33,filter_aml_ir_filters,boolean,,,,YES
account_report,34,filter_budgets,boolean,,,,YES
account_report,35,create_date,timestamp without time zone,,,,YES
account_report,36,write_date,timestamp without time zone,,,,YES
account_report_column,1,id,integer,,32,0,NO
account_report_column,2,sequence,integer,,32,0,YES
account_report_column,3,report_id,integer,,32,0,YES
account_report_column,4,custom_audit_action_id,integer,,32,0,YES
account_report_column,5,create_uid,integer,,32,0,YES
account_report_column,6,write_uid,integer,,32,0,YES
account_report_column,7,expression_label,character varying,,,,NO
account_report_column,8,figure_type,character varying,,,,NO
account_report_column,9,name,jsonb,,,,NO
account_report_column,10,sortable,boolean,,,,YES
account_report_column,11,blank_if_zero,boolean,,,,YES
account_report_column,12,create_date,timestamp without time zone,,,,YES
account_report_column,13,write_date,timestamp without time zone,,,,YES
account_report_expression,1,id,integer,,32,0,NO
account_report_expression,2,report_line_id,integer,,32,0,NO
account_report_expression,3,create_uid,integer,,32,0,YES
account_report_expression,4,write_uid,integer,,32,0,YES
account_report_expression,5,label,character varying,,,,NO
account_report_expression,6,engine,character varying,,,,NO
account_report_expression,7,formula,character varying,,,,NO
account_report_expression,8,subformula,character varying,,,,YES
account_report_expression,9,date_scope,character varying,,,,NO
account_report_expression,10,figure_type,character varying,,,,YES
account_report_expression,11,carryover_target,character varying,,,,YES
account_report_expression,12,green_on_positive,boolean,,,,YES
account_report_expression,13,blank_if_zero,boolean,,,,YES
account_report_expression,14,auditable,boolean,,,,YES
account_report_expression,15,create_date,timestamp without time zone,,,,YES
account_report_expression,16,write_date,timestamp without time zone,,,,YES
account_report_external_value,1,id,integer,,32,0,NO
account_report_external_value,2,target_report_expression_id,integer,,32,0,NO
account_report_external_value,3,company_id,integer,,32,0,NO
account_report_external_value,4,carryover_origin_report_line_id,integer,,32,0,YES
account_report_external_value,5,create_uid,integer,,32,0,YES
account_report_external_value,6,write_uid,integer,,32,0,YES
account_report_external_value,7,name,character varying,,,,NO
account_report_external_value,8,text_value,character varying,,,,YES
account_report_external_value,9,carryover_origin_expression_label,character varying,,,,YES
account_report_external_value,10,date,date,,,,NO
account_report_external_value,11,create_date,timestamp without time zone,,,,YES
account_report_external_value,12,write_date,timestamp without time zone,,,,YES
account_report_external_value,13,value,double precision,,53,,YES
account_report_line,1,id,integer,,32,0,NO
account_report_line,2,report_id,integer,,32,0,NO
account_report_line,3,hierarchy_level,integer,,32,0,NO
account_report_line,4,parent_id,integer,,32,0,YES
account_report_line,5,sequence,integer,,32,0,YES
account_report_line,6,action_id,integer,,32,0,YES
account_report_line,7,create_uid,integer,,32,0,YES
account_report_line,8,write_uid,integer,,32,0,YES
account_report_line,9,groupby,character varying,,,,YES
account_report_line,10,user_groupby,character varying,,,,YES
account_report_line,11,code,character varying,,,,YES
account_report_line,12,horizontal_split_side,character varying,,,,YES
account_report_line,13,name,jsonb,,,,NO
account_report_line,14,foldable,boolean,,,,YES
account_report_line,15,print_on_new_page,boolean,,,,YES
account_report_line,16,hide_if_zero,boolean,,,,YES
account_report_line,17,create_date,timestamp without time zone,,,,YES
account_report_line,18,write_date,timestamp without time zone,,,,YES
account_report_section_rel,1,main_report_id,integer,,32,0,NO
account_report_section_rel,2,sub_report_id,integer,,32,0,NO
account_resequence_wizard,1,id,integer,,32,0,NO
account_resequence_wizard,2,create_uid,integer,,32,0,YES
account_resequence_wizard,3,write_uid,integer,,32,0,YES
account_resequence_wizard,4,first_name,character varying,,,,NO
account_resequence_wizard,5,ordering,character varying,,,,NO
account_resequence_wizard,6,first_date,date,,,,YES
account_resequence_wizard,7,end_date,date,,,,YES
account_resequence_wizard,8,create_date,timestamp without time zone,,,,YES
account_resequence_wizard,9,write_date,timestamp without time zone,,,,YES
account_secure_entries_wizard,1,id,integer,,32,0,NO
account_secure_entries_wizard,2,company_id,integer,,32,0,NO
account_secure_entries_wizard,3,create_uid,integer,,32,0,YES
account_secure_entries_wizard,4,write_uid,integer,,32,0,YES
account_secure_entries_wizard,5,hash_date,date,,,,NO
account_secure_entries_wizard,6,create_date,timestamp without time zone,,,,YES
account_secure_entries_wizard,7,write_date,timestamp without time zone,,,,YES
account_setup_bank_manual_config,1,id,integer,,32,0,NO
account_setup_bank_manual_config,2,res_partner_bank_id,integer,,32,0,NO
account_setup_bank_manual_config,3,num_journals_without_account_bank,integer,,32,0,YES
account_setup_bank_manual_config,4,num_journals_without_account_credit,integer,,32,0,YES
account_setup_bank_manual_config,5,create_uid,integer,,32,0,YES
account_setup_bank_manual_config,6,write_uid,integer,,32,0,YES
account_setup_bank_manual_config,7,new_journal_name,character varying,,,,NO
account_setup_bank_manual_config,8,create_date,timestamp without time zone,,,,YES
account_setup_bank_manual_config,9,write_date,timestamp without time zone,,,,YES
account_tax,1,id,integer,,32,0,NO
account_tax,2,company_id,integer,,32,0,NO
account_tax,3,sequence,integer,,32,0,NO
account_tax,4,tax_group_id,integer,,32,0,NO
account_tax,5,cash_basis_transition_account_id,integer,,32,0,YES
account_tax,6,country_id,integer,,32,0,NO
account_tax,7,create_uid,integer,,32,0,YES
account_tax,8,write_uid,integer,,32,0,YES
account_tax,9,type_tax_use,character varying,,,,NO
account_tax,10,tax_scope,character varying,,,,YES
account_tax,11,amount_type,character varying,,,,NO
account_tax,12,price_include_override,character varying,,,,YES
account_tax,13,tax_exigibility,character varying,,,,YES
account_tax,14,name,jsonb,,,,NO
account_tax,15,description,jsonb,,,,YES
account_tax,16,invoice_label,jsonb,,,,YES
account_tax,17,invoice_legal_notes,jsonb,,,,YES
account_tax,18,amount,numeric,,,,NO
account_tax,19,is_domestic,boolean,,,,YES
account_tax,20,active,boolean,,,,YES
account_tax,21,include_base_amount,boolean,,,,YES
account_tax,22,is_base_affected,boolean,,,,YES
account_tax,23,analytic,boolean,,,,YES
account_tax,24,create_date,timestamp without time zone,,,,YES
account_tax,25,write_date,timestamp without time zone,,,,YES
account_tax,26,ubl_cii_tax_category_code,character varying,,,,YES
account_tax,27,ubl_cii_tax_exemption_reason_code,character varying,,,,YES
account_tax,28,formula,text,,,,YES
account_tax,29,l10n_in_section_id,integer,,32,0,YES
account_tax,30,l10n_in_tax_type,character varying,,,,YES
account_tax,31,l10n_in_reverse_charge,boolean,,,,YES
account_tax,32,l10n_in_is_lut,boolean,,,,YES
account_tax_alternatives,1,dest_tax_id,integer,,32,0,NO
account_tax_alternatives,2,src_tax_id,integer,,32,0,NO
account_tax_filiation_rel,1,parent_tax,integer,,32,0,NO
account_tax_filiation_rel,2,child_tax,integer,,32,0,NO
account_tax_group,1,id,integer,,32,0,NO
account_tax_group,2,sequence,integer,,32,0,YES
account_tax_group,3,company_id,integer,,32,0,NO
account_tax_group,4,tax_payable_account_id,integer,,32,0,YES
account_tax_group,5,tax_receivable_account_id,integer,,32,0,YES
account_tax_group,6,advance_tax_payment_account_id,integer,,32,0,YES
account_tax_group,7,country_id,integer,,32,0,YES
account_tax_group,8,create_uid,integer,,32,0,YES
account_tax_group,9,write_uid,integer,,32,0,YES
account_tax_group,10,pos_receipt_label,character varying,,,,YES
account_tax_group,11,name,jsonb,,,,NO
account_tax_group,12,preceding_subtotal,jsonb,,,,YES
account_tax_group,13,create_date,timestamp without time zone,,,,YES
account_tax_group,14,write_date,timestamp without time zone,,,,YES
account_tax_hr_expense_split_rel,1,hr_expense_split_id,integer,,32,0,NO
account_tax_hr_expense_split_rel,2,account_tax_id,integer,,32,0,NO
account_tax_repartition_line,1,id,integer,,32,0,NO
account_tax_repartition_line,2,account_id,integer,,32,0,YES
account_tax_repartition_line,3,tax_id,integer,,32,0,YES
account_tax_repartition_line,4,company_id,integer,,32,0,YES
account_tax_repartition_line,5,sequence,integer,,32,0,YES
account_tax_repartition_line,6,create_uid,integer,,32,0,YES
account_tax_repartition_line,7,write_uid,integer,,32,0,YES
account_tax_repartition_line,8,repartition_type,character varying,,,,NO
account_tax_repartition_line,9,document_type,character varying,,,,NO
account_tax_repartition_line,10,factor_percent,numeric,,,,NO
account_tax_repartition_line,11,use_in_tax_closing,boolean,,,,YES
account_tax_repartition_line,12,create_date,timestamp without time zone,,,,YES
account_tax_repartition_line,13,write_date,timestamp without time zone,,,,YES
activity_attachment_rel,1,activity_id,integer,,32,0,NO
activity_attachment_rel,2,attachment_id,integer,,32,0,NO
adjusting_entries__account_move,1,move_id,integer,,32,0,NO
adjusting_entries__account_move,2,adjusting_entry_move_id,integer,,32,0,NO
applicant_get_refuse_reason,1,id,integer,,32,0,NO
applicant_get_refuse_reason,2,template_id,integer,,32,0,YES
applicant_get_refuse_reason,3,refuse_reason_id,integer,,32,0,NO
applicant_get_refuse_reason,4,create_uid,integer,,32,0,YES
applicant_get_refuse_reason,5,write_uid,integer,,32,0,YES
applicant_get_refuse_reason,6,lang,character varying,,,,YES
applicant_get_refuse_reason,7,subject,character varying,,,,YES
applicant_get_refuse_reason,8,scheduled_date,character varying,,,,YES
applicant_get_refuse_reason,9,body,text,,,,YES
applicant_get_refuse_reason,10,send_mail,boolean,,,,YES
applicant_get_refuse_reason,11,duplicates,boolean,,,,YES
applicant_get_refuse_reason,12,create_date,timestamp without time zone,,,,YES
applicant_get_refuse_reason,13,write_date,timestamp without time zone,,,,YES
applicant_get_refuse_reason_duplicate_applicants_rel,1,applicant_get_refuse_reason_id,integer,,32,0,NO
applicant_get_refuse_reason_duplicate_applicants_rel,2,hr_applicant_id,integer,,32,0,NO
applicant_get_refuse_reason_hr_applicant_rel,1,applicant_get_refuse_reason_id,integer,,32,0,NO
applicant_get_refuse_reason_hr_applicant_rel,2,hr_applicant_id,integer,,32,0,NO
applicant_get_refuse_reason_ir_attachment_rel,1,applicant_get_refuse_reason_id,integer,,32,0,NO
applicant_get_refuse_reason_ir_attachment_rel,2,ir_attachment_id,integer,,32,0,NO
applicant_send_mail,1,id,integer,,32,0,NO
applicant_send_mail,2,template_id,integer,,32,0,YES
applicant_send_mail,3,author_id,integer,,32,0,NO
applicant_send_mail,4,create_uid,integer,,32,0,YES
applicant_send_mail,5,write_uid,integer,,32,0,YES
applicant_send_mail,6,lang,character varying,,,,YES
applicant_send_mail,7,subject,character varying,,,,YES
applicant_send_mail,8,body,text,,,,YES
applicant_send_mail,9,create_date,timestamp without time zone,,,,YES
applicant_send_mail,10,write_date,timestamp without time zone,,,,YES
applicant_send_mail_hr_applicant_rel,1,applicant_send_mail_id,integer,,32,0,NO
applicant_send_mail_hr_applicant_rel,2,hr_applicant_id,integer,,32,0,NO
applicant_send_mail_ir_attachment_rel,1,applicant_send_mail_id,integer,,32,0,NO
applicant_send_mail_ir_attachment_rel,2,ir_attachment_id,integer,,32,0,NO
attach_ids,1,attachment_id3,integer,,32,0,NO
attach_ids,2,document_id,integer,,32,0,NO
attach_rel,1,doc_id,integer,,32,0,NO
attach_rel,2,attach_id3,integer,,32,0,NO
auth_passkey_key,1,id,integer,,32,0,NO
auth_passkey_key,2,sign_count,integer,,32,0,YES
auth_passkey_key,3,create_uid,integer,,32,0,YES
auth_passkey_key,4,write_uid,integer,,32,0,YES
auth_passkey_key,5,name,character varying,,,,NO
auth_passkey_key,6,credential_identifier,character varying,,,,NO
auth_passkey_key,7,create_date,timestamp without time zone,,,,YES
auth_passkey_key,8,write_date,timestamp without time zone,,,,YES
auth_passkey_key,9,public_key,character varying,,,,YES
auth_passkey_key_create,1,id,integer,,32,0,NO
auth_passkey_key_create,2,create_uid,integer,,32,0,YES
auth_passkey_key_create,3,write_uid,integer,,32,0,YES
auth_passkey_key_create,4,name,character varying,,,,NO
auth_passkey_key_create,5,create_date,timestamp without time zone,,,,YES
auth_passkey_key_create,6,write_date,timestamp without time zone,,,,YES
auth_totp_device,1,id,integer,,32,0,NO
auth_totp_device,2,name,character varying,,,,NO
auth_totp_device,3,user_id,integer,,32,0,NO
auth_totp_device,4,scope,character varying,,,,YES
auth_totp_device,5,expiration_date,timestamp without time zone,,,,YES
auth_totp_device,6,index,character varying,8,,,YES
auth_totp_device,7,key,character varying,,,,YES
auth_totp_device,8,create_date,timestamp without time zone,,,,YES
auth_totp_rate_limit_log,1,id,integer,,32,0,NO
auth_totp_rate_limit_log,2,user_id,integer,,32,0,NO
auth_totp_rate_limit_log,3,create_uid,integer,,32,0,YES
auth_totp_rate_limit_log,4,write_uid,integer,,32,0,YES
auth_totp_rate_limit_log,5,ip,character varying,,,,YES
auth_totp_rate_limit_log,6,limit_type,character varying,,,,YES
auth_totp_rate_limit_log,7,create_date,timestamp without time zone,,,,YES
auth_totp_rate_limit_log,8,write_date,timestamp without time zone,,,,YES
auth_totp_wizard,1,id,integer,,32,0,NO
auth_totp_wizard,2,user_id,integer,,32,0,NO
auth_totp_wizard,3,create_uid,integer,,32,0,YES
auth_totp_wizard,4,write_uid,integer,,32,0,YES
auth_totp_wizard,5,secret,character varying,,,,NO
auth_totp_wizard,6,url,character varying,,,,YES
auth_totp_wizard,7,create_date,timestamp without time zone,,,,YES
auth_totp_wizard,8,write_date,timestamp without time zone,,,,YES
auth_totp_wizard,9,qrcode,bytea,,,,YES
badge_unlocked_definition_rel,1,gamification_badge_id,integer,,32,0,NO
badge_unlocked_definition_rel,2,gamification_goal_definition_id,integer,,32,0,NO
barcode_nomenclature,1,id,integer,,32,0,NO
barcode_nomenclature,2,create_uid,integer,,32,0,YES
barcode_nomenclature,3,write_uid,integer,,32,0,YES
barcode_nomenclature,4,name,character varying,,,,NO
barcode_nomenclature,5,upc_ean_conv,character varying,,,,NO
barcode_nomenclature,6,create_date,timestamp without time zone,,,,YES
barcode_nomenclature,7,write_date,timestamp without time zone,,,,YES
barcode_rule,1,id,integer,,32,0,NO
barcode_rule,2,barcode_nomenclature_id,integer,,32,0,YES
barcode_rule,3,sequence,integer,,32,0,YES
barcode_rule,4,create_uid,integer,,32,0,YES
barcode_rule,5,write_uid,integer,,32,0,YES
barcode_rule,6,name,character varying,,,,NO
barcode_rule,7,encoding,character varying,,,,NO
barcode_rule,8,type,character varying,,,,NO
barcode_rule,9,pattern,character varying,,,,NO
barcode_rule,10,alias,character varying,,,,NO
barcode_rule,11,create_date,timestamp without time zone,,,,YES
barcode_rule,12,write_date,timestamp without time zone,,,,YES
base_document_layout,1,id,integer,,32,0,NO
base_document_layout,2,company_id,integer,,32,0,NO
base_document_layout,3,report_layout_id,integer,,32,0,YES
base_document_layout,4,create_uid,integer,,32,0,YES
base_document_layout,5,write_uid,integer,,32,0,YES
base_document_layout,6,create_date,timestamp without time zone,,,,YES
base_document_layout,7,write_date,timestamp without time zone,,,,YES
base_document_layout,8,from_invoice,boolean,,,,YES
base_enable_profiling_wizard,1,id,integer,,32,0,NO
base_enable_profiling_wizard,2,create_uid,integer,,32,0,YES
base_enable_profiling_wizard,3,write_uid,integer,,32,0,YES
base_enable_profiling_wizard,4,duration,character varying,,,,YES
base_enable_profiling_wizard,5,expiration,timestamp without time zone,,,,YES
base_enable_profiling_wizard,6,create_date,timestamp without time zone,,,,YES
base_enable_profiling_wizard,7,write_date,timestamp without time zone,,,,YES
base_geo_provider,1,id,integer,,32,0,NO
base_geo_provider,2,create_uid,integer,,32,0,YES
base_geo_provider,3,write_uid,integer,,32,0,YES
base_geo_provider,4,tech_name,character varying,,,,YES
base_geo_provider,5,name,character varying,,,,YES
base_geo_provider,6,create_date,timestamp without time zone,,,,YES
base_geo_provider,7,write_date,timestamp without time zone,,,,YES
base_import_import,1,id,integer,,32,0,NO
base_import_import,2,create_uid,integer,,32,0,YES
base_import_import,3,write_uid,integer,,32,0,YES
base_import_import,4,res_model,character varying,,,,YES
base_import_import,5,file_name,character varying,,,,YES
base_import_import,6,file_type,character varying,,,,YES
base_import_import,7,create_date,timestamp without time zone,,,,YES
base_import_import,8,write_date,timestamp without time zone,,,,YES
base_import_import,9,file,bytea,,,,YES
base_import_mapping,1,id,integer,,32,0,NO
base_import_mapping,2,create_uid,integer,,32,0,YES
base_import_mapping,3,write_uid,integer,,32,0,YES
base_import_mapping,4,res_model,character varying,,,,YES
base_import_mapping,5,column_name,character varying,,,,YES
base_import_mapping,6,field_name,character varying,,,,YES
base_import_mapping,7,create_date,timestamp without time zone,,,,YES
base_import_mapping,8,write_date,timestamp without time zone,,,,YES
base_import_module,1,id,integer,,32,0,NO
base_import_module,2,create_uid,integer,,32,0,YES
base_import_module,3,write_uid,integer,,32,0,YES
base_import_module,4,state,character varying,,,,YES
base_import_module,5,import_message,text,,,,YES
base_import_module,6,modules_dependencies,text,,,,YES
base_import_module,7,force,boolean,,,,YES
base_import_module,8,with_demo,boolean,,,,YES
base_import_module,9,create_date,timestamp without time zone,,,,YES
base_import_module,10,write_date,timestamp without time zone,,,,YES
base_import_module,11,module_file,bytea,,,,NO
base_language_export,1,id,integer,,32,0,NO
base_language_export,2,model_id,integer,,32,0,YES
base_language_export,3,create_uid,integer,,32,0,YES
base_language_export,4,write_uid,integer,,32,0,YES
base_language_export,5,name,character varying,,,,YES
base_language_export,6,lang,character varying,,,,NO
base_language_export,7,format,character varying,,,,NO
base_language_export,8,export_type,character varying,,,,NO
base_language_export,9,domain,character varying,,,,YES
base_language_export,10,state,character varying,,,,YES
base_language_export,11,create_date,timestamp without time zone,,,,YES
base_language_export,12,write_date,timestamp without time zone,,,,YES
base_language_export,13,data,bytea,,,,YES
base_language_import,1,id,integer,,32,0,NO
base_language_import,2,create_uid,integer,,32,0,YES
base_language_import,3,write_uid,integer,,32,0,YES
base_language_import,4,name,character varying,,,,NO
base_language_import,5,code,character varying,,,,NO
base_language_import,6,filename,character varying,,,,NO
base_language_import,7,overwrite,boolean,,,,YES
base_language_import,8,create_date,timestamp without time zone,,,,YES
base_language_import,9,write_date,timestamp without time zone,,,,YES
base_language_import,10,data,bytea,,,,NO
base_language_install,1,id,integer,,32,0,NO
base_language_install,2,create_uid,integer,,32,0,YES
base_language_install,3,write_uid,integer,,32,0,YES
base_language_install,4,overwrite,boolean,,,,YES
base_language_install,5,create_date,timestamp without time zone,,,,YES
base_language_install,6,write_date,timestamp without time zone,,,,YES
base_module_install_request,1,id,integer,,32,0,NO
base_module_install_request,2,module_id,integer,,32,0,NO
base_module_install_request,3,user_id,integer,,32,0,NO
base_module_install_request,4,create_uid,integer,,32,0,YES
base_module_install_request,5,write_uid,integer,,32,0,YES
base_module_install_request,6,body_html,text,,,,YES
base_module_install_request,7,create_date,timestamp without time zone,,,,YES
base_module_install_request,8,write_date,timestamp without time zone,,,,YES
base_module_install_review,1,id,integer,,32,0,NO
base_module_install_review,2,module_id,integer,,32,0,NO
base_module_install_review,3,create_uid,integer,,32,0,YES
base_module_install_review,4,write_uid,integer,,32,0,YES
base_module_install_review,5,create_date,timestamp without time zone,,,,YES
base_module_install_review,6,write_date,timestamp without time zone,,,,YES
base_module_uninstall,1,id,integer,,32,0,NO
base_module_uninstall,2,create_uid,integer,,32,0,YES
base_module_uninstall,3,write_uid,integer,,32,0,YES
base_module_uninstall,4,show_all,boolean,,,,YES
base_module_uninstall,5,create_date,timestamp without time zone,,,,YES
base_module_uninstall,6,write_date,timestamp without time zone,,,,YES
base_module_uninstall_ir_module_module_rel,1,base_module_uninstall_id,integer,,32,0,NO
base_module_uninstall_ir_module_module_rel,2,ir_module_module_id,integer,,32,0,NO
base_module_update,1,id,integer,,32,0,NO
base_module_update,2,updated,integer,,32,0,YES
base_module_update,3,added,integer,,32,0,YES
base_module_update,4,create_uid,integer,,32,0,YES
base_module_update,5,write_uid,integer,,32,0,YES
base_module_update,6,state,character varying,,,,YES
base_module_update,7,create_date,timestamp without time zone,,,,YES
base_module_update,8,write_date,timestamp without time zone,,,,YES
base_module_upgrade,1,id,integer,,32,0,NO
base_module_upgrade,2,create_uid,integer,,32,0,YES
base_module_upgrade,3,write_uid,integer,,32,0,YES
base_module_upgrade,4,module_info,text,,,,YES
base_module_upgrade,5,create_date,timestamp without time zone,,,,YES
base_module_upgrade,6,write_date,timestamp without time zone,,,,YES
base_partner_merge_automatic_wizard,1,id,integer,,32,0,NO
base_partner_merge_automatic_wizard,2,number_group,integer,,32,0,YES
base_partner_merge_automatic_wizard,3,current_line_id,integer,,32,0,YES
base_partner_merge_automatic_wizard,4,dst_partner_id,integer,,32,0,YES
base_partner_merge_automatic_wizard,5,maximum_group,integer,,32,0,YES
base_partner_merge_automatic_wizard,6,create_uid,integer,,32,0,YES
base_partner_merge_automatic_wizard,7,write_uid,integer,,32,0,YES
base_partner_merge_automatic_wizard,8,state,character varying,,,,NO
base_partner_merge_automatic_wizard,9,group_by_email,boolean,,,,YES
base_partner_merge_automatic_wizard,10,group_by_name,boolean,,,,YES
base_partner_merge_automatic_wizard,11,group_by_is_company,boolean,,,,YES
base_partner_merge_automatic_wizard,12,group_by_vat,boolean,,,,YES
base_partner_merge_automatic_wizard,13,group_by_parent_id,boolean,,,,YES
base_partner_merge_automatic_wizard,14,exclude_contact,boolean,,,,YES
base_partner_merge_automatic_wizard,15,exclude_journal_item,boolean,,,,YES
base_partner_merge_automatic_wizard,16,create_date,timestamp without time zone,,,,YES
base_partner_merge_automatic_wizard,17,write_date,timestamp without time zone,,,,YES
base_partner_merge_automatic_wizard_res_partner_rel,1,base_partner_merge_automatic_wizard_id,integer,,32,0,NO
base_partner_merge_automatic_wizard_res_partner_rel,2,res_partner_id,integer,,32,0,NO
base_partner_merge_line,1,id,integer,,32,0,NO
base_partner_merge_line,2,wizard_id,integer,,32,0,YES
base_partner_merge_line,3,min_id,integer,,32,0,YES
base_partner_merge_line,4,create_uid,integer,,32,0,YES
base_partner_merge_line,5,write_uid,integer,,32,0,YES
base_partner_merge_line,6,aggr_ids,character varying,,,,NO
base_partner_merge_line,7,create_date,timestamp without time zone,,,,YES
base_partner_merge_line,8,write_date,timestamp without time zone,,,,YES
bus_bus,1,id,integer,,32,0,NO
bus_bus,2,create_uid,integer,,32,0,YES
bus_bus,3,write_uid,integer,,32,0,YES
bus_bus,4,channel,character varying,,,,YES
bus_bus,5,message,character varying,,,,YES
bus_bus,6,create_date,timestamp without time zone,,,,YES
bus_bus,7,write_date,timestamp without time zone,,,,YES
calendar_alarm,1,id,integer,,32,0,NO
calendar_alarm,2,duration,integer,,32,0,NO
calendar_alarm,3,duration_minutes,integer,,32,0,YES
calendar_alarm,4,mail_template_id,integer,,32,0,YES
calendar_alarm,5,create_uid,integer,,32,0,YES
calendar_alarm,6,write_uid,integer,,32,0,YES
calendar_alarm,7,alarm_type,character varying,,,,NO
calendar_alarm,8,interval,character varying,,,,NO
calendar_alarm,9,name,jsonb,,,,NO
calendar_alarm,10,body,text,,,,YES
calendar_alarm,11,notify_responsible,boolean,,,,YES
calendar_alarm,12,create_date,timestamp without time zone,,,,YES
calendar_alarm,13,write_date,timestamp without time zone,,,,YES
calendar_alarm,14,sms_template_id,integer,,32,0,YES
calendar_alarm_calendar_event_rel,1,calendar_event_id,integer,,32,0,NO
calendar_alarm_calendar_event_rel,2,calendar_alarm_id,integer,,32,0,NO
calendar_attendee,1,id,integer,,32,0,NO
calendar_attendee,2,event_id,integer,,32,0,NO
calendar_attendee,3,partner_id,integer,,32,0,NO
calendar_attendee,4,create_uid,integer,,32,0,YES
calendar_attendee,5,write_uid,integer,,32,0,YES
calendar_attendee,6,common_name,character varying,,,,YES
calendar_attendee,7,access_token,character varying,,,,YES
calendar_attendee,8,state,character varying,,,,YES
calendar_attendee,9,availability,character varying,,,,YES
calendar_attendee,10,create_date,timestamp without time zone,,,,YES
calendar_attendee,11,write_date,timestamp without time zone,,,,YES
calendar_event,1,id,integer,,32,0,NO
calendar_event,2,user_id,integer,,32,0,YES
calendar_event,3,videocall_channel_id,integer,,32,0,YES
calendar_event,4,res_id,integer,,32,0,YES
calendar_event,5,res_model_id,integer,,32,0,YES
calendar_event,6,recurrence_id,integer,,32,0,YES
calendar_event,7,create_uid,integer,,32,0,YES
calendar_event,8,write_uid,integer,,32,0,YES
calendar_event,9,name,character varying,,,,NO
calendar_event,10,location,character varying,,,,YES
calendar_event,11,videocall_location,character varying,,,,YES
calendar_event,12,access_token,character varying,,,,YES
calendar_event,13,privacy,character varying,,,,YES
calendar_event,14,show_as,character varying,,,,NO
calendar_event,15,res_model,character varying,,,,YES
calendar_event,16,start_date,date,,,,YES
calendar_event,17,stop_date,date,,,,YES
calendar_event,18,description,text,,,,YES
calendar_event,19,notes,text,,,,YES
calendar_event,20,active,boolean,,,,YES
calendar_event,21,allday,boolean,,,,YES
calendar_event,22,recurrency,boolean,,,,YES
calendar_event,23,follow_recurrence,boolean,,,,YES
calendar_event,24,start,timestamp without time zone,,,,NO
calendar_event,25,stop,timestamp without time zone,,,,NO
calendar_event,26,create_date,timestamp without time zone,,,,YES
calendar_event,27,write_date,timestamp without time zone,,,,YES
calendar_event,28,duration,double precision,,53,,YES
calendar_event,29,applicant_id,integer,,32,0,YES
calendar_event_res_partner_rel,1,res_partner_id,integer,,32,0,NO
calendar_event_res_partner_rel,2,calendar_event_id,integer,,32,0,NO
calendar_event_type,1,id,integer,,32,0,NO
calendar_event_type,2,color,integer,,32,0,YES
calendar_event_type,3,create_uid,integer,,32,0,YES
calendar_event_type,4,write_uid,integer,,32,0,YES
calendar_event_type,5,name,character varying,,,,NO
calendar_event_type,6,create_date,timestamp without time zone,,,,YES
calendar_event_type,7,write_date,timestamp without time zone,,,,YES
calendar_filters,1,id,integer,,32,0,NO
calendar_filters,2,user_id,integer,,32,0,NO
calendar_filters,3,partner_id,integer,,32,0,NO
calendar_filters,4,create_uid,integer,,32,0,YES
calendar_filters,5,write_uid,integer,,32,0,YES
calendar_filters,6,active,boolean,,,,YES
calendar_filters,7,partner_checked,boolean,,,,YES
calendar_filters,8,create_date,timestamp without time zone,,,,YES
calendar_filters,9,write_date,timestamp without time zone,,,,YES
calendar_popover_delete_wizard,1,id,integer,,32,0,NO
calendar_popover_delete_wizard,2,template_id,integer,,32,0,YES
calendar_popover_delete_wizard,3,calendar_event_id,integer,,32,0,YES
calendar_popover_delete_wizard,4,create_uid,integer,,32,0,YES
calendar_popover_delete_wizard,5,write_uid,integer,,32,0,YES
calendar_popover_delete_wizard,6,lang,character varying,,,,YES
calendar_popover_delete_wizard,7,subject,character varying,,,,YES
calendar_popover_delete_wizard,8,delete,character varying,,,,YES
calendar_popover_delete_wizard,9,body,text,,,,YES
calendar_popover_delete_wizard,10,create_date,timestamp without time zone,,,,YES
calendar_popover_delete_wizard,11,write_date,timestamp without time zone,,,,YES
calendar_provider_config,1,id,integer,,32,0,NO
calendar_provider_config,2,create_uid,integer,,32,0,YES
calendar_provider_config,3,write_uid,integer,,32,0,YES
calendar_provider_config,4,external_calendar_provider,character varying,,,,YES
calendar_provider_config,5,cal_client_id,character varying,,,,YES
calendar_provider_config,6,cal_client_secret,character varying,,,,YES
calendar_provider_config,7,microsoft_outlook_client_identifier,character varying,,,,YES
calendar_provider_config,8,microsoft_outlook_client_secret,character varying,,,,YES
calendar_provider_config,9,cal_sync_paused,boolean,,,,YES
calendar_provider_config,10,microsoft_outlook_sync_paused,boolean,,,,YES
calendar_provider_config,11,create_date,timestamp without time zone,,,,YES
calendar_provider_config,12,write_date,timestamp without time zone,,,,YES
calendar_recurrence,1,id,integer,,32,0,NO
calendar_recurrence,2,base_event_id,integer,,32,0,YES
calendar_recurrence,3,interval,integer,,32,0,YES
calendar_recurrence,4,count,integer,,32,0,YES
calendar_recurrence,5,day,integer,,32,0,YES
calendar_recurrence,6,trigger_id,integer,,32,0,YES
calendar_recurrence,7,create_uid,integer,,32,0,YES
calendar_recurrence,8,write_uid,integer,,32,0,YES
calendar_recurrence,9,name,character varying,,,,YES
calendar_recurrence,10,event_tz,character varying,,,,YES
calendar_recurrence,11,rrule,character varying,,,,YES
calendar_recurrence,12,rrule_type,character varying,,,,YES
calendar_recurrence,13,end_type,character varying,,,,YES
calendar_recurrence,14,month_by,character varying,,,,YES
calendar_recurrence,15,weekday,character varying,,,,YES
calendar_recurrence,16,byday,character varying,,,,YES
calendar_recurrence,17,until,date,,,,YES
calendar_recurrence,18,mon,boolean,,,,YES
calendar_recurrence,19,tue,boolean,,,,YES
calendar_recurrence,20,wed,boolean,,,,YES
calendar_recurrence,21,thu,boolean,,,,YES
calendar_recurrence,22,fri,boolean,,,,YES
calendar_recurrence,23,sat,boolean,,,,YES
calendar_recurrence,24,sun,boolean,,,,YES
calendar_recurrence,25,create_date,timestamp without time zone,,,,YES
calendar_recurrence,26,write_date,timestamp without time zone,,,,YES
change_password_own,1,id,integer,,32,0,NO
change_password_own,2,create_uid,integer,,32,0,YES
change_password_own,3,write_uid,integer,,32,0,YES
change_password_own,4,new_password,character varying,,,,YES
change_password_own,5,confirm_password,character varying,,,,YES
change_password_own,6,create_date,timestamp without time zone,,,,YES
change_password_own,7,write_date,timestamp without time zone,,,,YES
change_password_user,1,id,integer,,32,0,NO
change_password_user,2,wizard_id,integer,,32,0,NO
change_password_user,3,user_id,integer,,32,0,NO
change_password_user,4,create_uid,integer,,32,0,YES
change_password_user,5,write_uid,integer,,32,0,YES
change_password_user,6,user_login,character varying,,,,YES
change_password_user,7,new_passwd,character varying,,,,YES
change_password_user,8,create_date,timestamp without time zone,,,,YES
change_password_user,9,write_date,timestamp without time zone,,,,YES
change_password_wizard,1,id,integer,,32,0,NO
change_password_wizard,2,create_uid,integer,,32,0,YES
change_password_wizard,3,write_uid,integer,,32,0,YES
change_password_wizard,4,create_date,timestamp without time zone,,,,YES
change_password_wizard,5,write_date,timestamp without time zone,,,,YES
decimal_precision,1,id,integer,,32,0,NO
decimal_precision,2,digits,integer,,32,0,NO
decimal_precision,3,create_uid,integer,,32,0,YES
decimal_precision,4,write_uid,integer,,32,0,YES
decimal_precision,5,name,character varying,,,,NO
decimal_precision,6,create_date,timestamp without time zone,,,,YES
decimal_precision,7,write_date,timestamp without time zone,,,,YES
digest_digest,1,id,integer,,32,0,NO
digest_digest,2,company_id,integer,,32,0,YES
digest_digest,3,create_uid,integer,,32,0,YES
digest_digest,4,write_uid,integer,,32,0,YES
digest_digest,5,periodicity,character varying,,,,NO
digest_digest,6,state,character varying,,,,YES
digest_digest,7,next_run_date,date,,,,YES
digest_digest,8,name,jsonb,,,,NO
digest_digest,9,kpi_res_users_connected,boolean,,,,YES
digest_digest,10,kpi_mail_message_total,boolean,,,,YES
digest_digest,11,create_date,timestamp without time zone,,,,YES
digest_digest,12,write_date,timestamp without time zone,,,,YES
digest_digest,13,kpi_account_total_revenue,boolean,,,,YES
digest_digest,14,kpi_project_task_opened,boolean,,,,YES
digest_digest,15,kpi_hr_recruitment_new_colleagues,boolean,,,,YES
digest_digest_res_users_rel,1,digest_digest_id,integer,,32,0,NO
digest_digest_res_users_rel,2,res_users_id,integer,,32,0,NO
digest_tip,1,id,integer,,32,0,NO
digest_tip,2,sequence,integer,,32,0,YES
digest_tip,3,group_id,integer,,32,0,YES
digest_tip,4,create_uid,integer,,32,0,YES
digest_tip,5,write_uid,integer,,32,0,YES
digest_tip,6,name,jsonb,,,,YES
digest_tip,7,tip_description,jsonb,,,,YES
digest_tip,8,create_date,timestamp without time zone,,,,YES
digest_tip,9,write_date,timestamp without time zone,,,,YES
digest_tip_res_users_rel,1,digest_tip_id,integer,,32,0,NO
digest_tip_res_users_rel,2,res_users_id,integer,,32,0,NO
discuss_call_history,1,id,integer,,32,0,NO
discuss_call_history,2,channel_id,integer,,32,0,NO
discuss_call_history,3,start_call_message_id,integer,,32,0,YES
discuss_call_history,4,create_uid,integer,,32,0,YES
discuss_call_history,5,write_uid,integer,,32,0,YES
discuss_call_history,6,start_dt,timestamp without time zone,,,,NO
discuss_call_history,7,end_dt,timestamp without time zone,,,,YES
discuss_call_history,8,create_date,timestamp without time zone,,,,YES
discuss_call_history,9,write_date,timestamp without time zone,,,,YES
discuss_channel,1,id,integer,,32,0,NO
discuss_channel,2,parent_channel_id,integer,,32,0,YES
discuss_channel,3,from_message_id,integer,,32,0,YES
discuss_channel,4,group_public_id,integer,,32,0,YES
discuss_channel,5,create_uid,integer,,32,0,YES
discuss_channel,6,write_uid,integer,,32,0,YES
discuss_channel,7,name,character varying,,,,NO
discuss_channel,8,channel_type,character varying,,,,NO
discuss_channel,9,default_display_mode,character varying,,,,YES
discuss_channel,10,sfu_channel_uuid,character varying,,,,YES
discuss_channel,11,sfu_server_url,character varying,,,,YES
discuss_channel,12,uuid,character varying,50,,,YES
discuss_channel,13,description,text,,,,YES
discuss_channel,14,active,boolean,,,,YES
discuss_channel,15,last_interest_dt,timestamp without time zone,,,,YES
discuss_channel,16,create_date,timestamp without time zone,,,,YES
discuss_channel,17,write_date,timestamp without time zone,,,,YES
discuss_channel_hr_department_rel,1,discuss_channel_id,integer,,32,0,NO
discuss_channel_hr_department_rel,2,hr_department_id,integer,,32,0,NO
discuss_channel_member,1,id,integer,,32,0,NO
discuss_channel_member,2,partner_id,integer,,32,0,YES
discuss_channel_member,3,guest_id,integer,,32,0,YES
discuss_channel_member,4,channel_id,integer,,32,0,NO
discuss_channel_member,5,fetched_message_id,integer,,32,0,YES
discuss_channel_member,6,seen_message_id,integer,,32,0,YES
discuss_channel_member,7,new_message_separator,integer,,32,0,NO
discuss_channel_member,8,rtc_inviting_session_id,integer,,32,0,YES
discuss_channel_member,9,create_uid,integer,,32,0,YES
discuss_channel_member,10,write_uid,integer,,32,0,YES
discuss_channel_member,11,custom_channel_name,character varying,,,,YES
discuss_channel_member,12,custom_notifications,character varying,,,,YES
discuss_channel_member,13,mute_until_dt,timestamp without time zone,,,,YES
discuss_channel_member,14,unpin_dt,timestamp without time zone,,,,YES
discuss_channel_member,15,last_interest_dt,timestamp without time zone,,,,YES
discuss_channel_member,16,last_seen_dt,timestamp without time zone,,,,YES
discuss_channel_member,17,create_date,timestamp without time zone,,,,YES
discuss_channel_member,18,write_date,timestamp without time zone,,,,YES
discuss_channel_res_groups_rel,1,discuss_channel_id,integer,,32,0,NO
discuss_channel_res_groups_rel,2,res_groups_id,integer,,32,0,NO
discuss_channel_rtc_session,1,id,integer,,32,0,NO
discuss_channel_rtc_session,2,channel_member_id,integer,,32,0,NO
discuss_channel_rtc_session,3,channel_id,integer,,32,0,YES
discuss_channel_rtc_session,4,partner_id,integer,,32,0,YES
discuss_channel_rtc_session,5,create_uid,integer,,32,0,YES
discuss_channel_rtc_session,6,write_uid,integer,,32,0,YES
discuss_channel_rtc_session,7,is_screen_sharing_on,boolean,,,,YES
discuss_channel_rtc_session,8,is_camera_on,boolean,,,,YES
discuss_channel_rtc_session,9,is_muted,boolean,,,,YES
discuss_channel_rtc_session,10,is_deaf,boolean,,,,YES
discuss_channel_rtc_session,11,write_date,timestamp without time zone,,,,YES
discuss_channel_rtc_session,12,create_date,timestamp without time zone,,,,YES
discuss_gif_favorite,1,id,integer,,32,0,NO
discuss_gif_favorite,2,create_uid,integer,,32,0,YES
discuss_gif_favorite,3,write_uid,integer,,32,0,YES
discuss_gif_favorite,4,tenor_gif_id,character varying,,,,NO
discuss_gif_favorite,5,create_date,timestamp without time zone,,,,YES
discuss_gif_favorite,6,write_date,timestamp without time zone,,,,YES
discuss_voice_metadata,1,id,integer,,32,0,NO
discuss_voice_metadata,2,attachment_id,integer,,32,0,YES
discuss_voice_metadata,3,create_uid,integer,,32,0,YES
discuss_voice_metadata,4,write_uid,integer,,32,0,YES
discuss_voice_metadata,5,create_date,timestamp without time zone,,,,YES
discuss_voice_metadata,6,write_date,timestamp without time zone,,,,YES
doc_attach_rel,1,doc_id,integer,,32,0,NO
doc_attach_rel,2,attach_id3,integer,,32,0,NO
doc_attachment_ids,1,attach_id3,integer,,32,0,NO
doc_attachment_ids,2,doc_id,integer,,32,0,NO
doc_warning_rel,1,doc_id,integer,,32,0,NO
doc_warning_rel,2,attach_id4,integer,,32,0,NO
document_category,1,id,integer,,32,0,NO
document_category,2,sequence,integer,,32,0,YES
document_category,3,color,integer,,32,0,YES
document_category,4,parent_id,integer,,32,0,YES
document_category,5,create_uid,integer,,32,0,YES
document_category,6,write_uid,integer,,32,0,YES
document_category,7,name,jsonb,,,,NO
document_category,8,create_date,timestamp without time zone,,,,YES
document_category,9,write_date,timestamp without time zone,,,,YES
document_export_wizard,1,id,integer,,32,0,NO
document_export_wizard,2,template_id,integer,,32,0,NO
document_export_wizard,3,create_uid,integer,,32,0,YES
document_export_wizard,4,write_uid,integer,,32,0,YES
document_export_wizard,5,create_date,timestamp without time zone,,,,YES
document_export_wizard,6,write_date,timestamp without time zone,,,,YES
document_export_wizard_line,1,id,integer,,32,0,NO
document_export_wizard_line,2,wizard_id,integer,,32,0,YES
document_export_wizard_line,3,variable_id,integer,,32,0,YES
document_export_wizard_line,4,sequence,integer,,32,0,YES
document_export_wizard_line,5,create_uid,integer,,32,0,YES
document_export_wizard_line,6,write_uid,integer,,32,0,YES
document_export_wizard_line,7,name,character varying,,,,YES
document_export_wizard_line,8,label,character varying,,,,YES
document_export_wizard_line,9,variable_type,character varying,,,,YES
document_export_wizard_line,10,value_char,character varying,,,,YES
document_export_wizard_line,11,selection_options,character varying,,,,YES
document_export_wizard_line,12,is_required,boolean,,,,YES
document_export_wizard_line,13,create_date,timestamp without time zone,,,,YES
document_export_wizard_line,14,write_date,timestamp without time zone,,,,YES
document_tag,1,id,integer,,32,0,NO
document_tag,2,color,integer,,32,0,YES
document_tag,3,create_uid,integer,,32,0,YES
document_tag,4,write_uid,integer,,32,0,YES
document_tag,5,name,jsonb,,,,NO
document_tag,6,create_date,timestamp without time zone,,,,YES
document_tag,7,write_date,timestamp without time zone,,,,YES
document_tag_document_template_rel,1,document_template_id,integer,,32,0,NO
document_tag_document_template_rel,2,document_tag_id,integer,,32,0,NO
document_template,1,id,integer,,32,0,NO
document_template,2,category_id,integer,,32,0,YES
document_template,3,variable_count,integer,,32,0,YES
document_template,4,company_id,integer,,32,0,YES
document_template,5,create_uid,integer,,32,0,YES
document_template,6,write_uid,integer,,32,0,YES
document_template,7,name,character varying,,,,NO
document_template,8,summary,text,,,,YES
document_template,9,html_content,text,,,,YES
document_template,10,has_pdf,boolean,,,,YES
document_template,11,active,boolean,,,,YES
document_template,12,favorite,boolean,,,,YES
document_template,13,create_date,timestamp without time zone,,,,YES
document_template,14,write_date,timestamp without time zone,,,,YES
document_template,15,print_mode,character varying,,,,NO
document_template,16,header_html,text,,,,YES
document_template,17,show_header,boolean,,,,YES
document_template,18,margin_top,double precision,,53,,YES
document_template,19,margin_bottom,double precision,,53,,YES
document_template,20,margin_left,double precision,,53,,YES
document_template,21,margin_right,double precision,,53,,YES
document_template_variable,1,id,integer,,32,0,NO
document_template_variable,2,template_id,integer,,32,0,NO
document_template_variable,3,sequence,integer,,32,0,YES
document_template_variable,4,create_uid,integer,,32,0,YES
document_template_variable,5,write_uid,integer,,32,0,YES
document_template_variable,6,name,character varying,,,,NO
document_template_variable,7,label,character varying,,,,NO
document_template_variable,8,variable_type,character varying,,,,NO
document_template_variable,9,default_value,character varying,,,,YES
document_template_variable,10,selection_options,character varying,,,,YES
document_template_variable,11,required,boolean,,,,YES
document_template_variable,12,create_date,timestamp without time zone,,,,YES
document_template_variable,13,write_date,timestamp without time zone,,,,YES
document_type,1,id,integer,,32,0,NO
document_type,2,create_uid,integer,,32,0,YES
document_type,3,write_uid,integer,,32,0,YES
document_type,4,name,character varying,,,,NO
document_type,5,create_date,timestamp without time zone,,,,YES
document_type,6,write_date,timestamp without time zone,,,,YES
email_template_attachment_rel,1,email_template_id,integer,,32,0,NO
email_template_attachment_rel,2,attachment_id,integer,,32,0,NO
employee_bank_account_rel,1,employee_id,integer,,32,0,NO
employee_bank_account_rel,2,bank_account_id,integer,,32,0,NO
employee_category_rel,1,employee_id,integer,,32,0,NO
employee_category_rel,2,category_id,integer,,32,0,NO
employee_transfer,1,id,integer,,32,0,NO
employee_transfer,2,employee_id,integer,,32,0,NO
employee_transfer,3,old_employee_id,integer,,32,0,YES
employee_transfer,4,transfer_company_id,integer,,32,0,NO
employee_transfer,5,responsible_employee_id,integer,,32,0,YES
employee_transfer,6,create_uid,integer,,32,0,YES
employee_transfer,7,write_uid,integer,,32,0,YES
employee_transfer,8,name,character varying,,,,YES
employee_transfer,9,state,character varying,,,,YES
employee_transfer,10,transfer_date,date,,,,YES
employee_transfer,11,note,text,,,,YES
employee_transfer,12,create_date,timestamp without time zone,,,,YES
employee_transfer,13,write_date,timestamp without time zone,,,,YES
event_event,1,id,integer,,32,0,NO
event_event,2,user_id,integer,,32,0,YES
event_event,3,company_id,integer,,32,0,YES
event_event,4,organizer_id,integer,,32,0,YES
event_event,5,event_type_id,integer,,32,0,YES
event_event,6,stage_id,integer,,32,0,YES
event_event,7,seats_max,integer,,32,0,YES
event_event,8,address_id,integer,,32,0,YES
event_event,9,country_id,integer,,32,0,YES
event_event,10,create_uid,integer,,32,0,YES
event_event,11,write_uid,integer,,32,0,YES
event_event,12,kanban_state,character varying,,,,YES
event_event,13,date_tz,character varying,,,,NO
event_event,14,event_url,character varying,,,,YES
event_event,15,lang,character varying,,,,YES
event_event,16,badge_format,character varying,,,,NO
event_event,17,name,jsonb,,,,NO
event_event,18,description,jsonb,,,,YES
event_event,19,registration_properties_definition,jsonb,,,,YES
event_event,20,ticket_instructions,jsonb,,,,YES
event_event,21,note,text,,,,YES
event_event,22,active,boolean,,,,YES
event_event,23,seats_limited,boolean,,,,NO
event_event,24,is_multi_slots,boolean,,,,YES
event_event,25,date_begin,timestamp without time zone,,,,NO
event_event,26,date_end,timestamp without time zone,,,,NO
event_event,27,create_date,timestamp without time zone,,,,YES
event_event,28,write_date,timestamp without time zone,,,,YES
event_event_event_question_rel,1,event_event_id,integer,,32,0,NO
event_event_event_question_rel,2,event_question_id,integer,,32,0,NO
event_event_event_tag_rel,1,event_event_id,integer,,32,0,NO
event_event_event_tag_rel,2,event_tag_id,integer,,32,0,NO
event_event_ticket,1,id,integer,,32,0,NO
event_event_ticket,2,sequence,integer,,32,0,YES
event_event_ticket,3,event_type_id,integer,,32,0,YES
event_event_ticket,4,seats_max,integer,,32,0,YES
event_event_ticket,5,create_uid,integer,,32,0,YES
event_event_ticket,6,write_uid,integer,,32,0,YES
event_event_ticket,7,event_id,integer,,32,0,NO
event_event_ticket,8,limit_max_per_order,integer,,32,0,YES
event_event_ticket,9,color,character varying,,,,YES
event_event_ticket,10,name,jsonb,,,,NO
event_event_ticket,11,description,jsonb,,,,YES
event_event_ticket,12,seats_limited,boolean,,,,YES
event_event_ticket,13,create_date,timestamp without time zone,,,,YES
event_event_ticket,14,write_date,timestamp without time zone,,,,YES
event_event_ticket,15,start_sale_datetime,timestamp without time zone,,,,YES
event_event_ticket,16,end_sale_datetime,timestamp without time zone,,,,YES
event_event_ticket,17,product_id,integer,,32,0,NO
event_event_ticket,18,price,numeric,,,,YES
event_mail,1,id,integer,,32,0,NO
event_mail,2,event_id,integer,,32,0,NO
event_mail,3,sequence,integer,,32,0,YES
event_mail,4,interval_nbr,integer,,32,0,YES
event_mail,5,last_registration_id,integer,,32,0,YES
event_mail,6,mail_count_done,integer,,32,0,YES
event_mail,7,create_uid,integer,,32,0,YES
event_mail,8,write_uid,integer,,32,0,YES
event_mail,9,interval_unit,character varying,,,,NO
event_mail,10,interval_type,character varying,,,,NO
event_mail,11,template_ref,character varying,,,,NO
event_mail,12,mail_done,boolean,,,,YES
event_mail,13,scheduled_date,timestamp without time zone,,,,YES
event_mail,14,error_datetime,timestamp without time zone,,,,YES
event_mail,15,create_date,timestamp without time zone,,,,YES
event_mail,16,write_date,timestamp without time zone,,,,YES
event_mail_registration,1,id,integer,,32,0,NO
event_mail_registration,2,scheduler_id,integer,,32,0,NO
event_mail_registration,3,registration_id,integer,,32,0,NO
event_mail_registration,4,create_uid,integer,,32,0,YES
event_mail_registration,5,write_uid,integer,,32,0,YES
event_mail_registration,6,mail_sent,boolean,,,,YES
event_mail_registration,7,scheduled_date,timestamp without time zone,,,,YES
event_mail_registration,8,create_date,timestamp without time zone,,,,YES
event_mail_registration,9,write_date,timestamp without time zone,,,,YES
event_mail_slot,1,id,integer,,32,0,NO
event_mail_slot,2,event_slot_id,integer,,32,0,NO
event_mail_slot,3,scheduler_id,integer,,32,0,NO
event_mail_slot,4,last_registration_id,integer,,32,0,YES
event_mail_slot,5,mail_count_done,integer,,32,0,YES
event_mail_slot,6,create_uid,integer,,32,0,YES
event_mail_slot,7,write_uid,integer,,32,0,YES
event_mail_slot,8,mail_done,boolean,,,,YES
event_mail_slot,9,scheduled_date,timestamp without time zone,,,,YES
event_mail_slot,10,create_date,timestamp without time zone,,,,YES
event_mail_slot,11,write_date,timestamp without time zone,,,,YES
event_question,1,id,integer,,32,0,NO
event_question,2,sequence,integer,,32,0,YES
event_question,3,create_uid,integer,,32,0,YES
event_question,4,write_uid,integer,,32,0,YES
event_question,5,question_type,character varying,,,,NO
event_question,6,title,jsonb,,,,NO
event_question,7,active,boolean,,,,YES
event_question,8,is_default,boolean,,,,YES
event_question,9,is_reusable,boolean,,,,YES
event_question,10,once_per_order,boolean,,,,YES
event_question,11,is_mandatory_answer,boolean,,,,YES
event_question,12,create_date,timestamp without time zone,,,,YES
event_question,13,write_date,timestamp without time zone,,,,YES
event_question_answer,1,id,integer,,32,0,NO
event_question_answer,2,question_id,integer,,32,0,NO
event_question_answer,3,sequence,integer,,32,0,YES
event_question_answer,4,create_uid,integer,,32,0,YES
event_question_answer,5,write_uid,integer,,32,0,YES
event_question_answer,6,name,jsonb,,,,NO
event_question_answer,7,create_date,timestamp without time zone,,,,YES
event_question_answer,8,write_date,timestamp without time zone,,,,YES
event_question_event_type_rel,1,event_type_id,integer,,32,0,NO
event_question_event_type_rel,2,event_question_id,integer,,32,0,NO
event_registration,1,id,integer,,32,0,NO
event_registration,2,event_id,integer,,32,0,NO
event_registration,3,event_slot_id,integer,,32,0,YES
event_registration,4,event_ticket_id,integer,,32,0,YES
event_registration,5,utm_campaign_id,integer,,32,0,YES
event_registration,6,utm_source_id,integer,,32,0,YES
event_registration,7,utm_medium_id,integer,,32,0,YES
event_registration,8,partner_id,integer,,32,0,YES
event_registration,9,company_id,integer,,32,0,YES
event_registration,10,create_uid,integer,,32,0,YES
event_registration,11,write_uid,integer,,32,0,YES
event_registration,12,barcode,character varying,,,,YES
event_registration,13,name,character varying,,,,YES
event_registration,14,email,character varying,,,,YES
event_registration,15,phone,character varying,,,,YES
event_registration,16,company_name,character varying,,,,YES
event_registration,17,state,character varying,,,,YES
event_registration,18,registration_properties,jsonb,,,,YES
event_registration,19,active,boolean,,,,YES
event_registration,20,date_closed,timestamp without time zone,,,,YES
event_registration,21,create_date,timestamp without time zone,,,,YES
event_registration,22,write_date,timestamp without time zone,,,,YES
event_registration,23,sale_status,character varying,,,,YES
event_registration_answer,1,id,integer,,32,0,NO
event_registration_answer,2,question_id,integer,,32,0,NO
event_registration_answer,3,registration_id,integer,,32,0,NO
event_registration_answer,4,value_answer_id,integer,,32,0,YES
event_registration_answer,5,create_uid,integer,,32,0,YES
event_registration_answer,6,write_uid,integer,,32,0,YES
event_registration_answer,7,value_text_box,text,,,,YES
event_registration_answer,8,create_date,timestamp without time zone,,,,YES
event_registration_answer,9,write_date,timestamp without time zone,,,,YES
event_slot,1,id,integer,,32,0,NO
event_slot,2,event_id,integer,,32,0,NO
event_slot,3,color,integer,,32,0,YES
event_slot,4,create_uid,integer,,32,0,YES
event_slot,5,write_uid,integer,,32,0,YES
event_slot,6,date,date,,,,NO
event_slot,7,start_datetime,timestamp without time zone,,,,YES
event_slot,8,end_datetime,timestamp without time zone,,,,YES
event_slot,9,create_date,timestamp without time zone,,,,YES
event_slot,10,write_date,timestamp without time zone,,,,YES
event_slot,11,start_hour,double precision,,53,,NO
event_slot,12,end_hour,double precision,,53,,NO
event_stage,1,id,integer,,32,0,NO
event_stage,2,sequence,integer,,32,0,YES
event_stage,3,create_uid,integer,,32,0,YES
event_stage,4,write_uid,integer,,32,0,YES
event_stage,5,name,jsonb,,,,NO
event_stage,6,description,jsonb,,,,YES
event_stage,7,fold,boolean,,,,YES
event_stage,8,pipe_end,boolean,,,,YES
event_stage,9,create_date,timestamp without time zone,,,,YES
event_stage,10,write_date,timestamp without time zone,,,,YES
event_tag,1,id,integer,,32,0,NO
event_tag,2,sequence,integer,,32,0,YES
event_tag,3,category_id,integer,,32,0,NO
event_tag,4,category_sequence,integer,,32,0,YES
event_tag,5,color,integer,,32,0,YES
event_tag,6,create_uid,integer,,32,0,YES
event_tag,7,write_uid,integer,,32,0,YES
event_tag,8,name,jsonb,,,,NO
event_tag,9,create_date,timestamp without time zone,,,,YES
event_tag,10,write_date,timestamp without time zone,,,,YES
event_tag_category,1,id,integer,,32,0,NO
event_tag_category,2,sequence,integer,,32,0,YES
event_tag_category,3,create_uid,integer,,32,0,YES
event_tag_category,4,write_uid,integer,,32,0,YES
event_tag_category,5,name,jsonb,,,,NO
event_tag_category,6,create_date,timestamp without time zone,,,,YES
event_tag_category,7,write_date,timestamp without time zone,,,,YES
event_tag_event_type_rel,1,event_type_id,integer,,32,0,NO
event_tag_event_type_rel,2,event_tag_id,integer,,32,0,NO
event_type,1,id,integer,,32,0,NO
event_type,2,sequence,integer,,32,0,YES
event_type,3,seats_max,integer,,32,0,YES
event_type,4,create_uid,integer,,32,0,YES
event_type,5,write_uid,integer,,32,0,YES
event_type,6,default_timezone,character varying,,,,YES
event_type,7,name,jsonb,,,,NO
event_type,8,ticket_instructions,jsonb,,,,YES
event_type,9,note,text,,,,YES
event_type,10,has_seats_limitation,boolean,,,,YES
event_type,11,create_date,timestamp without time zone,,,,YES
event_type,12,write_date,timestamp without time zone,,,,YES
event_type_mail,1,id,integer,,32,0,NO
event_type_mail,2,event_type_id,integer,,32,0,NO
event_type_mail,3,interval_nbr,integer,,32,0,YES
event_type_mail,4,create_uid,integer,,32,0,YES
event_type_mail,5,write_uid,integer,,32,0,YES
event_type_mail,6,interval_unit,character varying,,,,NO
event_type_mail,7,interval_type,character varying,,,,NO
event_type_mail,8,template_ref,character varying,,,,NO
event_type_mail,9,create_date,timestamp without time zone,,,,YES
event_type_mail,10,write_date,timestamp without time zone,,,,YES
event_type_ticket,1,id,integer,,32,0,NO
event_type_ticket,2,sequence,integer,,32,0,YES
event_type_ticket,3,event_type_id,integer,,32,0,NO
event_type_ticket,4,seats_max,integer,,32,0,YES
event_type_ticket,5,create_uid,integer,,32,0,YES
event_type_ticket,6,write_uid,integer,,32,0,YES
event_type_ticket,7,name,jsonb,,,,NO
event_type_ticket,8,description,jsonb,,,,YES
event_type_ticket,9,seats_limited,boolean,,,,YES
event_type_ticket,10,create_date,timestamp without time zone,,,,YES
event_type_ticket,11,write_date,timestamp without time zone,,,,YES
event_type_ticket,12,product_id,integer,,32,0,NO
event_type_ticket,13,price,numeric,,,,YES
expense_tax,1,expense_id,integer,,32,0,NO
expense_tax,2,tax_id,integer,,32,0,NO
fetchmail_server,1,id,integer,,32,0,NO
fetchmail_server,2,port,integer,,32,0,YES
fetchmail_server,3,object_id,integer,,32,0,YES
fetchmail_server,4,priority,integer,,32,0,YES
fetchmail_server,5,create_uid,integer,,32,0,YES
fetchmail_server,6,write_uid,integer,,32,0,YES
fetchmail_server,7,name,character varying,,,,NO
fetchmail_server,8,state,character varying,,,,YES
fetchmail_server,9,server,character varying,,,,YES
fetchmail_server,10,server_type,character varying,,,,NO
fetchmail_server,11,user,character varying,,,,YES
fetchmail_server,12,password,character varying,,,,YES
fetchmail_server,13,script,character varying,,,,YES
fetchmail_server,14,error_message,text,,,,YES
fetchmail_server,15,configuration,text,,,,YES
fetchmail_server,16,active,boolean,,,,YES
fetchmail_server,17,is_ssl,boolean,,,,YES
fetchmail_server,18,attach,boolean,,,,YES
fetchmail_server,19,original,boolean,,,,YES
fetchmail_server,20,date,timestamp without time zone,,,,YES
fetchmail_server,21,error_date,timestamp without time zone,,,,YES
fetchmail_server,22,create_date,timestamp without time zone,,,,YES
fetchmail_server,23,write_date,timestamp without time zone,,,,YES
fetchmail_server,24,google_gmail_access_token_expiration,integer,,32,0,YES
fetchmail_server,25,google_gmail_refresh_token,character varying,,,,YES
fetchmail_server,26,google_gmail_access_token,character varying,,,,YES
fetchmail_server,27,microsoft_outlook_access_token_expiration,integer,,32,0,YES
fetchmail_server,28,microsoft_outlook_refresh_token,character varying,,,,YES
fetchmail_server,29,microsoft_outlook_access_token,character varying,,,,YES
gamification_badge,1,id,integer,,32,0,NO
gamification_badge,2,rule_max_number,integer,,32,0,YES
gamification_badge,3,create_uid,integer,,32,0,YES
gamification_badge,4,write_uid,integer,,32,0,YES
gamification_badge,5,level,character varying,,,,YES
gamification_badge,6,rule_auth,character varying,,,,NO
gamification_badge,7,name,jsonb,,,,NO
gamification_badge,8,description,jsonb,,,,YES
gamification_badge,9,active,boolean,,,,YES
gamification_badge,10,rule_max,boolean,,,,YES
gamification_badge,11,create_date,timestamp without time zone,,,,YES
gamification_badge,12,write_date,timestamp without time zone,,,,YES
gamification_badge,13,survey_id,integer,,32,0,YES
gamification_badge_rule_badge_rel,1,badge1_id,integer,,32,0,NO
gamification_badge_rule_badge_rel,2,badge2_id,integer,,32,0,NO
gamification_badge_user,1,id,integer,,32,0,NO
gamification_badge_user,2,user_id,integer,,32,0,NO
gamification_badge_user,3,sender_id,integer,,32,0,YES
gamification_badge_user,4,badge_id,integer,,32,0,NO
gamification_badge_user,5,challenge_id,integer,,32,0,YES
gamification_badge_user,6,create_uid,integer,,32,0,YES
gamification_badge_user,7,write_uid,integer,,32,0,YES
gamification_badge_user,8,level,character varying,,,,YES
gamification_badge_user,9,comment,text,,,,YES
gamification_badge_user,10,create_date,timestamp without time zone,,,,YES
gamification_badge_user,11,write_date,timestamp without time zone,,,,YES
gamification_badge_user,12,employee_id,integer,,32,0,YES
gamification_badge_user_wizard,1,id,integer,,32,0,NO
gamification_badge_user_wizard,2,user_id,integer,,32,0,NO
gamification_badge_user_wizard,3,badge_id,integer,,32,0,NO
gamification_badge_user_wizard,4,create_uid,integer,,32,0,YES
gamification_badge_user_wizard,5,write_uid,integer,,32,0,YES
gamification_badge_user_wizard,6,comment,text,,,,YES
gamification_badge_user_wizard,7,create_date,timestamp without time zone,,,,YES
gamification_badge_user_wizard,8,write_date,timestamp without time zone,,,,YES
gamification_badge_user_wizard,9,employee_id,integer,,32,0,YES
gamification_challenge,1,id,integer,,32,0,NO
gamification_challenge,2,manager_id,integer,,32,0,YES
gamification_challenge,3,reward_id,integer,,32,0,YES
gamification_challenge,4,reward_first_id,integer,,32,0,YES
gamification_challenge,5,reward_second_id,integer,,32,0,YES
gamification_challenge,6,reward_third_id,integer,,32,0,YES
gamification_challenge,7,report_message_group_id,integer,,32,0,YES
gamification_challenge,8,report_template_id,integer,,32,0,NO
gamification_challenge,9,remind_update_delay,integer,,32,0,YES
gamification_challenge,10,create_uid,integer,,32,0,YES
gamification_challenge,11,write_uid,integer,,32,0,YES
gamification_challenge,12,state,character varying,,,,NO
gamification_challenge,13,user_domain,character varying,,,,YES
gamification_challenge,14,period,character varying,,,,NO
gamification_challenge,15,visibility_mode,character varying,,,,NO
gamification_challenge,16,report_message_frequency,character varying,,,,NO
gamification_challenge,17,challenge_category,character varying,,,,NO
gamification_challenge,18,start_date,date,,,,YES
gamification_challenge,19,end_date,date,,,,YES
gamification_challenge,20,last_report_date,date,,,,YES
gamification_challenge,21,next_report_date,date,,,,YES
gamification_challenge,22,name,jsonb,,,,NO
gamification_challenge,23,description,jsonb,,,,YES
gamification_challenge,24,reward_failure,boolean,,,,YES
gamification_challenge,25,reward_realtime,boolean,,,,YES
gamification_challenge,26,create_date,timestamp without time zone,,,,YES
gamification_challenge,27,write_date,timestamp without time zone,,,,YES
gamification_challenge_line,1,id,integer,,32,0,NO
gamification_challenge_line,2,challenge_id,integer,,32,0,NO
gamification_challenge_line,3,definition_id,integer,,32,0,NO
gamification_challenge_line,4,sequence,integer,,32,0,YES
gamification_challenge_line,5,create_uid,integer,,32,0,YES
gamification_challenge_line,6,write_uid,integer,,32,0,YES
gamification_challenge_line,7,create_date,timestamp without time zone,,,,YES
gamification_challenge_line,8,write_date,timestamp without time zone,,,,YES
gamification_challenge_line,9,target_goal,double precision,,53,,NO
gamification_challenge_users_rel,1,gamification_challenge_id,integer,,32,0,NO
gamification_challenge_users_rel,2,res_users_id,integer,,32,0,NO
gamification_goal,1,id,integer,,32,0,NO
gamification_goal,2,definition_id,integer,,32,0,NO
gamification_goal,3,user_id,integer,,32,0,NO
gamification_goal,4,line_id,integer,,32,0,YES
gamification_goal,5,challenge_id,integer,,32,0,YES
gamification_goal,6,remind_update_delay,integer,,32,0,YES
gamification_goal,7,create_uid,integer,,32,0,YES
gamification_goal,8,write_uid,integer,,32,0,YES
gamification_goal,9,state,character varying,,,,NO
gamification_goal,10,start_date,date,,,,YES
gamification_goal,11,end_date,date,,,,YES
gamification_goal,12,last_update,date,,,,YES
gamification_goal,13,to_update,boolean,,,,YES
gamification_goal,14,closed,boolean,,,,YES
gamification_goal,15,create_date,timestamp without time zone,,,,YES
gamification_goal,16,write_date,timestamp without time zone,,,,YES
gamification_goal,17,target_goal,double precision,,53,,NO
gamification_goal,18,current,double precision,,53,,NO
gamification_goal_definition,1,id,integer,,32,0,NO
gamification_goal_definition,2,model_id,integer,,32,0,YES
gamification_goal_definition,3,field_id,integer,,32,0,YES
gamification_goal_definition,4,field_date_id,integer,,32,0,YES
gamification_goal_definition,5,batch_distinctive_field,integer,,32,0,YES
gamification_goal_definition,6,action_id,integer,,32,0,YES
gamification_goal_definition,7,create_uid,integer,,32,0,YES
gamification_goal_definition,8,write_uid,integer,,32,0,YES
gamification_goal_definition,9,computation_mode,character varying,,,,NO
gamification_goal_definition,10,display_mode,character varying,,,,NO
gamification_goal_definition,11,domain,character varying,,,,NO
gamification_goal_definition,12,batch_user_expression,character varying,,,,YES
gamification_goal_definition,13,condition,character varying,,,,NO
gamification_goal_definition,14,res_id_field,character varying,,,,YES
gamification_goal_definition,15,name,jsonb,,,,NO
gamification_goal_definition,16,suffix,jsonb,,,,YES
gamification_goal_definition,17,description,text,,,,YES
gamification_goal_definition,18,compute_code,text,,,,YES
gamification_goal_definition,19,monetary,boolean,,,,YES
gamification_goal_definition,20,batch_mode,boolean,,,,YES
gamification_goal_definition,21,create_date,timestamp without time zone,,,,YES
gamification_goal_definition,22,write_date,timestamp without time zone,,,,YES
gamification_goal_wizard,1,id,integer,,32,0,NO
gamification_goal_wizard,2,goal_id,integer,,32,0,NO
gamification_goal_wizard,3,create_uid,integer,,32,0,YES
gamification_goal_wizard,4,write_uid,integer,,32,0,YES
gamification_goal_wizard,5,create_date,timestamp without time zone,,,,YES
gamification_goal_wizard,6,write_date,timestamp without time zone,,,,YES
gamification_goal_wizard,7,current,double precision,,53,,YES
gamification_invited_user_ids_rel,1,gamification_challenge_id,integer,,32,0,NO
gamification_invited_user_ids_rel,2,res_users_id,integer,,32,0,NO
gamification_karma_rank,1,id,integer,,32,0,NO
gamification_karma_rank,2,karma_min,integer,,32,0,NO
gamification_karma_rank,3,create_uid,integer,,32,0,YES
gamification_karma_rank,4,write_uid,integer,,32,0,YES
gamification_karma_rank,5,name,jsonb,,,,NO
gamification_karma_rank,6,description,jsonb,,,,YES
gamification_karma_rank,7,description_motivational,jsonb,,,,YES
gamification_karma_rank,8,create_date,timestamp without time zone,,,,YES
gamification_karma_rank,9,write_date,timestamp without time zone,,,,YES
gamification_karma_tracking,1,id,integer,,32,0,NO
gamification_karma_tracking,2,user_id,integer,,32,0,NO
gamification_karma_tracking,3,old_value,integer,,32,0,YES
gamification_karma_tracking,4,new_value,integer,,32,0,NO
gamification_karma_tracking,5,create_uid,integer,,32,0,YES
gamification_karma_tracking,6,write_uid,integer,,32,0,YES
gamification_karma_tracking,7,origin_ref,character varying,,,,YES
gamification_karma_tracking,8,origin_ref_model_name,character varying,,,,YES
gamification_karma_tracking,9,reason,text,,,,YES
gamification_karma_tracking,10,consolidated,boolean,,,,YES
gamification_karma_tracking,11,tracking_date,timestamp without time zone,,,,YES
gamification_karma_tracking,12,create_date,timestamp without time zone,,,,YES
gamification_karma_tracking,13,write_date,timestamp without time zone,,,,YES
homework_location_wizard,1,id,integer,,32,0,NO
homework_location_wizard,2,work_location_id,integer,,32,0,NO
homework_location_wizard,3,employee_id,integer,,32,0,NO
homework_location_wizard,4,create_uid,integer,,32,0,YES
homework_location_wizard,5,write_uid,integer,,32,0,YES
homework_location_wizard,6,date,date,,,,YES
homework_location_wizard,7,weekly,boolean,,,,YES
homework_location_wizard,8,create_date,timestamp without time zone,,,,YES
homework_location_wizard,9,write_date,timestamp without time zone,,,,YES
hr_announcement,1,id,integer,,32,0,NO
hr_announcement,2,company_id,integer,,32,0,YES
hr_announcement,3,create_uid,integer,,32,0,YES
hr_announcement,4,write_uid,integer,,32,0,YES
hr_announcement,5,name,character varying,,,,YES
hr_announcement,6,state,character varying,,,,YES
hr_announcement,7,announcement_type,character varying,,,,YES
hr_announcement,8,requested_date,date,,,,YES
hr_announcement,9,date_start,date,,,,NO
hr_announcement,10,date_end,date,,,,NO
hr_announcement,11,announcement_reason,text,,,,NO
hr_announcement,12,announcement,text,,,,YES
hr_announcement,13,is_announcement,boolean,,,,YES
hr_announcement,14,create_date,timestamp without time zone,,,,YES
hr_announcement,15,write_date,timestamp without time zone,,,,YES
hr_applicant,1,id,integer,,32,0,NO
hr_applicant,2,campaign_id,integer,,32,0,YES
hr_applicant,3,source_id,integer,,32,0,YES
hr_applicant,4,medium_id,integer,,32,0,YES
hr_applicant,5,message_bounce,integer,,32,0,YES
hr_applicant,6,message_main_attachment_id,integer,,32,0,YES
hr_applicant,7,sequence,integer,,32,0,YES
hr_applicant,8,partner_id,integer,,32,0,YES
hr_applicant,9,type_id,integer,,32,0,YES
hr_applicant,10,color,integer,,32,0,YES
hr_applicant,11,employee_id,integer,,32,0,YES
hr_applicant,12,stage_id,integer,,32,0,YES
hr_applicant,13,last_stage_id,integer,,32,0,YES
hr_applicant,14,company_id,integer,,32,0,YES
hr_applicant,15,user_id,integer,,32,0,YES
hr_applicant,16,job_id,integer,,32,0,YES
hr_applicant,17,department_id,integer,,32,0,YES
hr_applicant,18,refuse_reason_id,integer,,32,0,YES
hr_applicant,19,pool_applicant_id,integer,,32,0,YES
hr_applicant,20,create_uid,integer,,32,0,YES
hr_applicant,21,write_uid,integer,,32,0,YES
hr_applicant,22,phone_sanitized,character varying,,,,YES
hr_applicant,23,email_normalized,character varying,,,,YES
hr_applicant,24,email_cc,character varying,,,,YES
hr_applicant,25,partner_name,character varying,,,,YES
hr_applicant,26,email_from,character varying,128,,,YES
hr_applicant,27,partner_phone,character varying,32,,,YES
hr_applicant,28,partner_phone_sanitized,character varying,,,,YES
hr_applicant,29,linkedin_profile,character varying,,,,YES
hr_applicant,30,priority,character varying,,,,YES
hr_applicant,31,salary_proposed_extra,character varying,,,,YES
hr_applicant,32,salary_expected_extra,character varying,,,,YES
hr_applicant,33,kanban_state,character varying,,,,NO
hr_applicant,34,availability,date,,,,YES
hr_applicant,35,applicant_properties,jsonb,,,,YES
hr_applicant,36,applicant_notes,text,,,,YES
hr_applicant,37,active,boolean,,,,YES
hr_applicant,38,create_date,timestamp without time zone,,,,YES
hr_applicant,39,date_closed,timestamp without time zone,,,,YES
hr_applicant,40,date_open,timestamp without time zone,,,,YES
hr_applicant,41,date_last_stage_update,timestamp without time zone,,,,YES
hr_applicant,42,refuse_date,timestamp without time zone,,,,YES
hr_applicant,43,write_date,timestamp without time zone,,,,YES
hr_applicant,44,probability,double precision,,53,,YES
hr_applicant,45,salary_proposed,double precision,,53,,YES
hr_applicant,46,salary_expected,double precision,,53,,YES
hr_applicant,47,delay_close,double precision,,53,,YES
hr_applicant_category,1,id,integer,,32,0,NO
hr_applicant_category,2,color,integer,,32,0,YES
hr_applicant_category,3,create_uid,integer,,32,0,YES
hr_applicant_category,4,write_uid,integer,,32,0,YES
hr_applicant_category,5,name,character varying,,,,NO
hr_applicant_category,6,create_date,timestamp without time zone,,,,YES
hr_applicant_category,7,write_date,timestamp without time zone,,,,YES
hr_applicant_category_hr_talent_pool_rel,1,hr_talent_pool_id,integer,,32,0,NO
hr_applicant_category_hr_talent_pool_rel,2,hr_applicant_category_id,integer,,32,0,NO
hr_applicant_category_talent_pool_add_applicants_rel,1,talent_pool_add_applicants_id,integer,,32,0,NO
hr_applicant_category_talent_pool_add_applicants_rel,2,hr_applicant_category_id,integer,,32,0,NO
hr_applicant_hr_applicant_category_rel,1,hr_applicant_id,integer,,32,0,NO
hr_applicant_hr_applicant_category_rel,2,hr_applicant_category_id,integer,,32,0,NO
hr_applicant_hr_skill_rel,1,hr_applicant_id,integer,,32,0,NO
hr_applicant_hr_skill_rel,2,hr_skill_id,integer,,32,0,NO
hr_applicant_hr_talent_pool_rel,1,hr_applicant_id,integer,,32,0,NO
hr_applicant_hr_talent_pool_rel,2,hr_talent_pool_id,integer,,32,0,NO
hr_applicant_job_add_applicants_rel,1,job_add_applicants_id,integer,,32,0,NO
hr_applicant_job_add_applicants_rel,2,hr_applicant_id,integer,,32,0,NO
hr_applicant_refuse_reason,1,id,integer,,32,0,NO
hr_applicant_refuse_reason,2,sequence,integer,,32,0,YES
hr_applicant_refuse_reason,3,template_id,integer,,32,0,YES
hr_applicant_refuse_reason,4,create_uid,integer,,32,0,YES
hr_applicant_refuse_reason,5,write_uid,integer,,32,0,YES
hr_applicant_refuse_reason,6,name,jsonb,,,,NO
hr_applicant_refuse_reason,7,active,boolean,,,,YES
hr_applicant_refuse_reason,8,create_date,timestamp without time zone,,,,YES
hr_applicant_refuse_reason,9,write_date,timestamp without time zone,,,,YES
hr_applicant_res_users_interviewers_rel,1,hr_applicant_id,integer,,32,0,NO
hr_applicant_res_users_interviewers_rel,2,res_users_id,integer,,32,0,NO
hr_applicant_skill,1,id,integer,,32,0,NO
hr_applicant_skill,2,skill_id,integer,,32,0,NO
hr_applicant_skill,3,skill_level_id,integer,,32,0,NO
hr_applicant_skill,4,skill_type_id,integer,,32,0,NO
hr_applicant_skill,5,applicant_id,integer,,32,0,NO
hr_applicant_skill,6,create_uid,integer,,32,0,YES
hr_applicant_skill,7,write_uid,integer,,32,0,YES
hr_applicant_skill,8,valid_from,date,,,,YES
hr_applicant_skill,9,valid_to,date,,,,YES
hr_applicant_skill,10,display_warning_message,boolean,,,,YES
hr_applicant_skill,11,create_date,timestamp without time zone,,,,YES
hr_applicant_skill,12,write_date,timestamp without time zone,,,,YES
hr_applicant_talent_pool_add_applicants_rel,1,talent_pool_add_applicants_id,integer,,32,0,NO
hr_applicant_talent_pool_add_applicants_rel,2,hr_applicant_id,integer,,32,0,NO
hr_attendance,1,id,integer,,32,0,NO
hr_attendance,2,employee_id,integer,,32,0,NO
hr_attendance,3,create_uid,integer,,32,0,YES
hr_attendance,4,write_uid,integer,,32,0,YES
hr_attendance,5,overtime_status,character varying,,,,YES
hr_attendance,6,in_location,character varying,,,,YES
hr_attendance,7,in_ip_address,character varying,,,,YES
hr_attendance,8,in_browser,character varying,,,,YES
hr_attendance,9,in_mode,character varying,,,,YES
hr_attendance,10,out_location,character varying,,,,YES
hr_attendance,11,out_ip_address,character varying,,,,YES
hr_attendance,12,out_browser,character varying,,,,YES
hr_attendance,13,out_mode,character varying,,,,YES
hr_attendance,14,date,date,,,,NO
hr_attendance,15,in_latitude,numeric,,,,YES
hr_attendance,16,in_longitude,numeric,,,,YES
hr_attendance,17,out_latitude,numeric,,,,YES
hr_attendance,18,out_longitude,numeric,,,,YES
hr_attendance,19,check_in,timestamp without time zone,,,,NO
hr_attendance,20,check_out,timestamp without time zone,,,,YES
hr_attendance,21,create_date,timestamp without time zone,,,,YES
hr_attendance,22,write_date,timestamp without time zone,,,,YES
hr_attendance,23,worked_hours,double precision,,53,,YES
hr_attendance,24,overtime_hours,double precision,,53,,YES
hr_attendance,25,validated_overtime_hours,double precision,,53,,YES
hr_attendance,26,expected_hours,double precision,,53,,YES
hr_attendance,27,company_id,integer,,32,0,YES
hr_attendance_overtime_line,1,id,integer,,32,0,NO
hr_attendance_overtime_line,2,employee_id,integer,,32,0,NO
hr_attendance_overtime_line,3,create_uid,integer,,32,0,YES
hr_attendance_overtime_line,4,write_uid,integer,,32,0,YES
hr_attendance_overtime_line,5,status,character varying,,,,NO
hr_attendance_overtime_line,6,date,date,,,,NO
hr_attendance_overtime_line,7,time_start,timestamp without time zone,,,,YES
hr_attendance_overtime_line,8,time_stop,timestamp without time zone,,,,YES
hr_attendance_overtime_line,9,create_date,timestamp without time zone,,,,YES
hr_attendance_overtime_line,10,write_date,timestamp without time zone,,,,YES
hr_attendance_overtime_line,11,duration,double precision,,53,,NO
hr_attendance_overtime_line,12,manual_duration,double precision,,53,,YES
hr_attendance_overtime_line,13,amount_rate,double precision,,53,,NO
hr_attendance_overtime_line,14,compensable_as_leave,boolean,,,,YES
hr_attendance_overtime_line_hr_attendance_overtime_rule_rel,1,hr_attendance_overtime_line_id,integer,,32,0,NO
hr_attendance_overtime_line_hr_attendance_overtime_rule_rel,2,hr_attendance_overtime_rule_id,integer,,32,0,NO
hr_attendance_overtime_rule,1,id,integer,,32,0,NO
hr_attendance_overtime_rule,2,resource_calendar_id,integer,,32,0,YES
hr_attendance_overtime_rule,3,sequence,integer,,32,0,YES
hr_attendance_overtime_rule,4,ruleset_id,integer,,32,0,NO
hr_attendance_overtime_rule,5,create_uid,integer,,32,0,YES
hr_attendance_overtime_rule,6,write_uid,integer,,32,0,YES
hr_attendance_overtime_rule,7,name,character varying,,,,NO
hr_attendance_overtime_rule,8,base_off,character varying,,,,NO
hr_attendance_overtime_rule,9,timing_type,character varying,,,,YES
hr_attendance_overtime_rule,10,quantity_period,character varying,,,,YES
hr_attendance_overtime_rule,11,description,text,,,,YES
hr_attendance_overtime_rule,12,expected_hours_from_contract,boolean,,,,YES
hr_attendance_overtime_rule,13,paid,boolean,,,,YES
hr_attendance_overtime_rule,14,create_date,timestamp without time zone,,,,YES
hr_attendance_overtime_rule,15,write_date,timestamp without time zone,,,,YES
hr_attendance_overtime_rule,16,timing_start,double precision,,53,,YES
hr_attendance_overtime_rule,17,timing_stop,double precision,,53,,YES
hr_attendance_overtime_rule,18,expected_hours,double precision,,53,,YES
hr_attendance_overtime_rule,19,amount_rate,double precision,,53,,YES
hr_attendance_overtime_rule,20,employee_tolerance,double precision,,53,,YES
hr_attendance_overtime_rule,21,employer_tolerance,double precision,,53,,YES
hr_attendance_overtime_rule,22,compensable_as_leave,boolean,,,,YES
hr_attendance_overtime_ruleset,1,id,integer,,32,0,NO
hr_attendance_overtime_ruleset,2,company_id,integer,,32,0,YES
hr_attendance_overtime_ruleset,3,country_id,integer,,32,0,YES
hr_attendance_overtime_ruleset,4,create_uid,integer,,32,0,YES
hr_attendance_overtime_ruleset,5,write_uid,integer,,32,0,YES
hr_attendance_overtime_ruleset,6,name,character varying,,,,NO
hr_attendance_overtime_ruleset,7,rate_combination_mode,character varying,,,,NO
hr_attendance_overtime_ruleset,8,description,text,,,,YES
hr_attendance_overtime_ruleset,9,active,boolean,,,,YES
hr_attendance_overtime_ruleset,10,create_date,timestamp without time zone,,,,YES
hr_attendance_overtime_ruleset,11,write_date,timestamp without time zone,,,,YES
hr_bank_account_allocation_wizard,1,id,integer,,32,0,NO
hr_bank_account_allocation_wizard,2,employee_id,integer,,32,0,NO
hr_bank_account_allocation_wizard,3,create_uid,integer,,32,0,YES
hr_bank_account_allocation_wizard,4,write_uid,integer,,32,0,YES
hr_bank_account_allocation_wizard,5,create_date,timestamp without time zone,,,,YES
hr_bank_account_allocation_wizard,6,write_date,timestamp without time zone,,,,YES
hr_bank_account_allocation_wizard_line,1,id,integer,,32,0,NO
hr_bank_account_allocation_wizard_line,2,wizard_id,integer,,32,0,NO
hr_bank_account_allocation_wizard_line,3,bank_account_id,integer,,32,0,NO
hr_bank_account_allocation_wizard_line,4,sequence,integer,,32,0,YES
hr_bank_account_allocation_wizard_line,5,create_uid,integer,,32,0,YES
hr_bank_account_allocation_wizard_line,6,write_uid,integer,,32,0,YES
hr_bank_account_allocation_wizard_line,7,amount_type,character varying,,,,YES
hr_bank_account_allocation_wizard_line,8,amount,numeric,,,,YES
hr_bank_account_allocation_wizard_line,9,trusted,boolean,,,,YES
hr_bank_account_allocation_wizard_line,10,create_date,timestamp without time zone,,,,YES
hr_bank_account_allocation_wizard_line,11,write_date,timestamp without time zone,,,,YES
hr_contract_advantage_template,1,id,integer,,32,0,NO
hr_contract_advantage_template,2,create_uid,integer,,32,0,YES
hr_contract_advantage_template,3,write_uid,integer,,32,0,YES
hr_contract_advantage_template,4,name,character varying,,,,NO
hr_contract_advantage_template,5,code,character varying,,,,NO
hr_contract_advantage_template,6,create_date,timestamp without time zone,,,,YES
hr_contract_advantage_template,7,write_date,timestamp without time zone,,,,YES
hr_contract_advantage_template,8,lower_bound,double precision,,53,,YES
hr_contract_advantage_template,9,upper_bound,double precision,,53,,YES
hr_contract_advantage_template,10,default_value,double precision,,53,,YES
hr_contract_type,1,id,integer,,32,0,NO
hr_contract_type,2,sequence,integer,,32,0,YES
hr_contract_type,3,country_id,integer,,32,0,YES
hr_contract_type,4,create_uid,integer,,32,0,YES
hr_contract_type,5,write_uid,integer,,32,0,YES
hr_contract_type,6,code,character varying,,,,YES
hr_contract_type,7,name,jsonb,,,,NO
hr_contract_type,8,create_date,timestamp without time zone,,,,YES
hr_contract_type,9,write_date,timestamp without time zone,,,,YES
hr_contribution_register,1,id,integer,,32,0,NO
hr_contribution_register,2,company_id,integer,,32,0,NO
hr_contribution_register,3,partner_id,integer,,32,0,YES
hr_contribution_register,4,create_uid,integer,,32,0,YES
hr_contribution_register,5,write_uid,integer,,32,0,YES
hr_contribution_register,6,name,character varying,,,,NO
hr_contribution_register,7,note,text,,,,YES
hr_contribution_register,8,create_date,timestamp without time zone,,,,YES
hr_contribution_register,9,write_date,timestamp without time zone,,,,YES
hr_department,1,id,integer,,32,0,NO
hr_department,2,company_id,integer,,32,0,YES
hr_department,3,parent_id,integer,,32,0,YES
hr_department,4,manager_id,integer,,32,0,YES
hr_department,5,color,integer,,32,0,YES
hr_department,6,master_department_id,integer,,32,0,YES
hr_department,7,create_uid,integer,,32,0,YES
hr_department,8,write_uid,integer,,32,0,YES
hr_department,9,parent_path,character varying,,,,YES
hr_department,10,name,jsonb,,,,NO
hr_department,11,note,text,,,,YES
hr_department,12,active,boolean,,,,YES
hr_department,13,create_date,timestamp without time zone,,,,YES
hr_department,14,write_date,timestamp without time zone,,,,YES
hr_department_announcements,1,announcement,integer,,32,0,NO
hr_department_announcements,2,department,integer,,32,0,NO
hr_department_hr_leave_mandatory_day_rel,1,hr_leave_mandatory_day_id,integer,,32,0,NO
hr_department_hr_leave_mandatory_day_rel,2,hr_department_id,integer,,32,0,NO
hr_departure_reason,1,id,integer,,32,0,NO
hr_departure_reason,2,sequence,integer,,32,0,YES
hr_departure_reason,3,country_id,integer,,32,0,YES
hr_departure_reason,4,create_uid,integer,,32,0,YES
hr_departure_reason,5,write_uid,integer,,32,0,YES
hr_departure_reason,6,name,jsonb,,,,NO
hr_departure_reason,7,create_date,timestamp without time zone,,,,YES
hr_departure_reason,8,write_date,timestamp without time zone,,,,YES
hr_departure_wizard,1,id,integer,,32,0,NO
hr_departure_wizard,2,departure_reason_id,integer,,32,0,NO
hr_departure_wizard,3,create_uid,integer,,32,0,YES
hr_departure_wizard,4,write_uid,integer,,32,0,YES
hr_departure_wizard,5,departure_date,date,,,,NO
hr_departure_wizard,6,departure_description,text,,,,YES
hr_departure_wizard,7,remove_related_user,boolean,,,,YES
hr_departure_wizard,8,set_date_end,boolean,,,,YES
hr_departure_wizard,9,create_date,timestamp without time zone,,,,YES
hr_departure_wizard,10,write_date,timestamp without time zone,,,,YES
hr_departure_wizard_hr_employee_rel,1,hr_departure_wizard_id,integer,,32,0,NO
hr_departure_wizard_hr_employee_rel,2,hr_employee_id,integer,,32,0,NO
hr_document,1,id,integer,,32,0,NO
hr_document,2,create_uid,integer,,32,0,YES
hr_document,3,write_uid,integer,,32,0,YES
hr_document,4,name,character varying,,,,NO
hr_document,5,note,text,,,,YES
hr_document,6,create_date,timestamp without time zone,,,,YES
hr_document,7,write_date,timestamp without time zone,,,,YES
hr_employee,1,id,integer,,32,0,NO
hr_employee,2,resource_id,integer,,32,0,NO
hr_employee,3,company_id,integer,,32,0,NO
hr_employee,4,message_main_attachment_id,integer,,32,0,YES
hr_employee,5,current_version_id,integer,,32,0,YES
hr_employee,6,user_id,integer,,32,0,YES
hr_employee,7,work_contact_id,integer,,32,0,YES
hr_employee,8,country_of_birth,integer,,32,0,YES
hr_employee,9,parent_id,integer,,32,0,YES
hr_employee,10,coach_id,integer,,32,0,YES
hr_employee,11,color,integer,,32,0,YES
hr_employee,12,create_uid,integer,,32,0,YES
hr_employee,13,write_uid,integer,,32,0,YES
hr_employee,14,name,character varying,,,,YES
hr_employee,15,work_phone,character varying,,,,YES
hr_employee,16,mobile_phone,character varying,,,,YES
hr_employee,17,work_email,character varying,,,,YES
hr_employee,18,legal_name,character varying,,,,YES
hr_employee,19,private_phone,character varying,,,,YES
hr_employee,20,private_email,character varying,,,,YES
hr_employee,21,lang,character varying,,,,YES
hr_employee,22,place_of_birth,character varying,,,,YES
hr_employee,23,permit_no,character varying,,,,YES
hr_employee,24,visa_no,character varying,,,,YES
hr_employee,25,certificate,character varying,,,,YES
hr_employee,26,study_field,character varying,,,,YES
hr_employee,27,study_school,character varying,,,,YES
hr_employee,28,emergency_contact,character varying,,,,YES
hr_employee,29,emergency_phone,character varying,,,,YES
hr_employee,30,barcode,character varying,,,,YES
hr_employee,31,pin,character varying,,,,YES
hr_employee,32,private_car_plate,character varying,,,,YES
hr_employee,33,birthday,date,,,,YES
hr_employee,34,visa_expire,date,,,,YES
hr_employee,35,work_permit_expiration_date,date,,,,YES
hr_employee,36,salary_distribution,jsonb,,,,YES
hr_employee,37,employee_properties,jsonb,,,,YES
hr_employee,38,active,boolean,,,,YES
hr_employee,39,birthday_public_display,boolean,,,,YES
hr_employee,40,work_permit_scheduled_activity,boolean,,,,YES
hr_employee,41,create_date,timestamp without time zone,,,,YES
hr_employee,42,write_date,timestamp without time zone,,,,YES
hr_employee,43,attendance_manager_id,integer,,32,0,YES
hr_employee,44,last_attendance_id,integer,,32,0,YES
hr_employee,45,last_check_in,timestamp without time zone,,,,YES
hr_employee,46,last_check_out,timestamp without time zone,,,,YES
hr_employee,47,expense_manager_id,integer,,32,0,YES
hr_employee,48,leave_manager_id,integer,,32,0,YES
hr_employee,49,monday_location_id,integer,,32,0,YES
hr_employee,50,tuesday_location_id,integer,,32,0,YES
hr_employee,51,wednesday_location_id,integer,,32,0,YES
hr_employee,52,thursday_location_id,integer,,32,0,YES
hr_employee,53,friday_location_id,integer,,32,0,YES
hr_employee,54,saturday_location_id,integer,,32,0,YES
hr_employee,55,sunday_location_id,integer,,32,0,YES
hr_employee,56,today_location_name,character varying,,,,YES
hr_employee,57,hourly_cost,numeric,,,,YES
hr_employee,58,personal_mobile,character varying,,,,YES
hr_employee,59,joining_date,date,,,,YES
hr_employee,60,id_expiry_date,date,,,,YES
hr_employee,61,passport_expiry_date,date,,,,YES
hr_employee,62,resign_date,date,,,,YES
hr_employee,63,resigned,boolean,,,,YES
hr_employee,64,fired,boolean,,,,YES
hr_employee,65,cibil_score,integer,,32,0,YES
hr_employee,66,employee_id,character varying,,,,YES
hr_employee,67,employee_status,character varying,,,,NO
hr_employee,68,blood_group,character varying,,,,YES
hr_employee,69,emergency_contact_relationship,character varying,,,,YES
hr_employee,70,pan_number,character varying,10,,,YES
hr_employee,71,passport_photo_filename,character varying,,,,YES
hr_employee,72,bank_name,character varying,,,,YES
hr_employee,73,bank_acc_number,character varying,,,,YES
hr_employee,74,ifsc_code,character varying,,,,YES
hr_employee,75,account_type,character varying,,,,YES
hr_employee,76,name_as_per_bank,character varying,,,,YES
hr_employee,77,bank_document_type,character varying,,,,YES
hr_employee,78,bank_document_filename,character varying,,,,YES
hr_employee,79,relieving_letter_filename,character varying,,,,YES
hr_employee,80,experience_letter_filename,character varying,,,,YES
hr_employee,81,salary_slip_1_filename,character varying,,,,YES
hr_employee,82,salary_slip_2_filename,character varying,,,,YES
hr_employee,83,salary_slip_3_filename,character varying,,,,YES
hr_employee,84,resume_doc_filename,character varying,,,,YES
hr_employee,85,offer_letter_filename,character varying,,,,YES
hr_employee,86,appointment_letter_filename,character varying,,,,YES
hr_employee,87,bond_document_filename,character varying,,,,YES
hr_employee,88,contract_document_filename,character varying,,,,YES
hr_employee,89,nda_document_filename,character varying,,,,YES
hr_employee,90,address_proof_type,character varying,,,,YES
hr_employee,91,address_proof_filename,character varying,,,,YES
hr_employee,92,passport_doc_filename,character varying,,,,YES
hr_employee,93,pan_card_doc_filename,character varying,,,,YES
hr_employee,94,appraisal_doc_filename,character varying,,,,YES
hr_employee,95,increment_letter_filename,character varying,,,,YES
hr_employee,96,notice_period_doc_filename,character varying,,,,YES
hr_employee,97,date_of_joining,date,,,,YES
hr_employee,98,current_address,text,,,,YES
hr_employee,99,education_background,text,,,,YES
hr_employee,100,skill_set_summary,text,,,,YES
hr_employee,101,asset_laptop,boolean,,,,YES
hr_employee,102,asset_sim,boolean,,,,YES
hr_employee,103,asset_phone,boolean,,,,YES
hr_employee,104,asset_pc,boolean,,,,YES
hr_employee,105,asset_physical_id,boolean,,,,YES
hr_employee,106,same_as_permanent,boolean,,,,YES
hr_employee_announcements,1,announcement,integer,,32,0,NO
hr_employee_announcements,2,employee,integer,,32,0,NO
hr_employee_broad_factor,1,id,integer,,32,0,YES
hr_employee_broad_factor,2,name,character varying,,,,YES
hr_employee_broad_factor,3,no_of_occurrence,bigint,,64,0,YES
hr_employee_broad_factor,4,no_of_days,double precision,,53,,YES
hr_employee_broad_factor,5,broad_factor,double precision,,53,,YES
hr_employee_category,1,id,integer,,32,0,NO
hr_employee_category,2,color,integer,,32,0,YES
hr_employee_category,3,create_uid,integer,,32,0,YES
hr_employee_category,4,write_uid,integer,,32,0,YES
hr_employee_category,5,name,character varying,,,,NO
hr_employee_category,6,create_date,timestamp without time zone,,,,YES
hr_employee_category,7,write_date,timestamp without time zone,,,,YES
hr_employee_certification_report,1,id,bigint,,64,0,YES
hr_employee_certification_report,2,employee_id,integer,,32,0,YES
hr_employee_certification_report,3,company_id,integer,,32,0,YES
hr_employee_certification_report,4,department_id,integer,,32,0,YES
hr_employee_certification_report,5,skill_id,integer,,32,0,YES
hr_employee_certification_report,6,skill_type_id,integer,,32,0,YES
hr_employee_certification_report,7,level_progress,numeric,,,,YES
hr_employee_certification_report,8,skill_level,character varying,,,,YES
hr_employee_certification_report,9,active,boolean,,,,YES
hr_employee_cv_wizard,1,id,integer,,32,0,NO
hr_employee_cv_wizard,2,create_uid,integer,,32,0,YES
hr_employee_cv_wizard,3,write_uid,integer,,32,0,YES
hr_employee_cv_wizard,4,color_primary,character varying,,,,NO
hr_employee_cv_wizard,5,color_secondary,character varying,,,,NO
hr_employee_cv_wizard,6,show_skills,boolean,,,,YES
hr_employee_cv_wizard,7,show_contact,boolean,,,,YES
hr_employee_cv_wizard,8,show_others,boolean,,,,YES
hr_employee_cv_wizard,9,create_date,timestamp without time zone,,,,YES
hr_employee_cv_wizard,10,write_date,timestamp without time zone,,,,YES
hr_employee_delete_wizard,1,id,integer,,32,0,NO
hr_employee_delete_wizard,2,create_uid,integer,,32,0,YES
hr_employee_delete_wizard,3,write_uid,integer,,32,0,YES
hr_employee_delete_wizard,4,create_date,timestamp without time zone,,,,YES
hr_employee_delete_wizard,5,write_date,timestamp without time zone,,,,YES
hr_employee_document,1,id,integer,,32,0,NO
hr_employee_document,2,employee_ref_id,integer,,32,0,YES
hr_employee_document,3,document_type_id,integer,,32,0,YES
hr_employee_document,4,before_days,integer,,32,0,YES
hr_employee_document,5,create_uid,integer,,32,0,YES
hr_employee_document,6,write_uid,integer,,32,0,YES
hr_employee_document,7,name,character varying,,,,NO
hr_employee_document,8,notification_type,character varying,,,,YES
hr_employee_document,9,expiry_date,date,,,,YES
hr_employee_document,10,issue_date,date,,,,YES
hr_employee_document,11,description,text,,,,YES
hr_employee_document,12,create_date,timestamp without time zone,,,,YES
hr_employee_document,13,write_date,timestamp without time zone,,,,YES
hr_employee_family,1,id,integer,,32,0,NO
hr_employee_family,2,employee_id,integer,,32,0,YES
hr_employee_family,3,relation_id,integer,,32,0,YES
hr_employee_family,4,create_uid,integer,,32,0,YES
hr_employee_family,5,write_uid,integer,,32,0,YES
hr_employee_family,6,member_name,character varying,,,,YES
hr_employee_family,7,member_contact,character varying,,,,YES
hr_employee_family,8,birth_date,date,,,,YES
hr_employee_family,9,create_date,timestamp without time zone,,,,YES
hr_employee_family,10,write_date,timestamp without time zone,,,,YES
hr_employee_group_rel,1,payslip_id,integer,,32,0,NO
hr_employee_group_rel,2,employee_id,integer,,32,0,NO
hr_employee_hr_employee_cv_wizard_rel,1,hr_employee_cv_wizard_id,integer,,32,0,NO
hr_employee_hr_employee_cv_wizard_rel,2,hr_employee_id,integer,,32,0,NO
hr_employee_hr_employee_delete_wizard_rel,1,hr_employee_delete_wizard_id,integer,,32,0,NO
hr_employee_hr_employee_delete_wizard_rel,2,hr_employee_id,integer,,32,0,NO
hr_employee_hr_leave_allocation_generate_multi_wizard_rel,1,hr_leave_allocation_generate_multi_wizard_id,integer,,32,0,NO
hr_employee_hr_leave_allocation_generate_multi_wizard_rel,2,hr_employee_id,integer,,32,0,NO
hr_employee_hr_leave_generate_multi_wizard_rel,1,hr_leave_generate_multi_wizard_id,integer,,32,0,NO
hr_employee_hr_leave_generate_multi_wizard_rel,2,hr_employee_id,integer,,32,0,NO
hr_employee_hr_skill_rel,1,hr_employee_id,integer,,32,0,NO
hr_employee_hr_skill_rel,2,hr_skill_id,integer,,32,0,NO
hr_employee_location,1,id,integer,,32,0,NO
hr_employee_location,2,work_location_id,integer,,32,0,NO
hr_employee_location,3,employee_id,integer,,32,0,NO
hr_employee_location,4,create_uid,integer,,32,0,YES
hr_employee_location,5,write_uid,integer,,32,0,YES
hr_employee_location,6,date,date,,,,YES
hr_employee_location,7,create_date,timestamp without time zone,,,,YES
hr_employee_location,8,write_date,timestamp without time zone,,,,YES
hr_employee_public,1,id,integer,,32,0,YES
hr_employee_public,2,employee_id,integer,,32,0,YES
hr_employee_public,3,name,character varying,,,,YES
hr_employee_public,4,active,boolean,,,,YES
hr_employee_public,5,create_date,timestamp without time zone,,,,YES
hr_employee_public,6,department_id,integer,,32,0,YES
hr_employee_public,7,job_id,integer,,32,0,YES
hr_employee_public,8,company_id,integer,,32,0,YES
hr_employee_public,9,address_id,integer,,32,0,YES
hr_employee_public,10,mobile_phone,character varying,,,,YES
hr_employee_public,11,work_phone,character varying,,,,YES
hr_employee_public,12,work_email,character varying,,,,YES
hr_employee_public,13,work_contact_id,integer,,32,0,YES
hr_employee_public,14,work_location_id,integer,,32,0,YES
hr_employee_public,15,user_id,integer,,32,0,YES
hr_employee_public,16,resource_id,integer,,32,0,YES
hr_employee_public,17,color,integer,,32,0,YES
hr_employee_public,18,resource_calendar_id,integer,,32,0,YES
hr_employee_public,19,parent_id,integer,,32,0,YES
hr_employee_public,20,coach_id,integer,,32,0,YES
hr_employee_public,21,create_uid,integer,,32,0,YES
hr_employee_public,22,write_uid,integer,,32,0,YES
hr_employee_public,23,write_date,timestamp without time zone,,,,YES
hr_employee_public,24,expense_manager_id,integer,,32,0,YES
hr_employee_public,25,leave_manager_id,integer,,32,0,YES
hr_employee_public,26,monday_location_id,integer,,32,0,YES
hr_employee_public,27,tuesday_location_id,integer,,32,0,YES
hr_employee_public,28,wednesday_location_id,integer,,32,0,YES
hr_employee_public,29,thursday_location_id,integer,,32,0,YES
hr_employee_public,30,friday_location_id,integer,,32,0,YES
hr_employee_public,31,saturday_location_id,integer,,32,0,YES
hr_employee_public,32,sunday_location_id,integer,,32,0,YES
hr_employee_public,33,today_location_name,character varying,,,,YES
hr_employee_relation,1,id,integer,,32,0,NO
hr_employee_relation,2,create_uid,integer,,32,0,YES
hr_employee_relation,3,write_uid,integer,,32,0,YES
hr_employee_relation,4,name,character varying,,,,YES
hr_employee_relation,5,create_date,timestamp without time zone,,,,YES
hr_employee_relation,6,write_date,timestamp without time zone,,,,YES
hr_employee_skill,1,id,integer,,32,0,NO
hr_employee_skill,2,skill_id,integer,,32,0,NO
hr_employee_skill,3,skill_level_id,integer,,32,0,NO
hr_employee_skill,4,skill_type_id,integer,,32,0,NO
hr_employee_skill,5,employee_id,integer,,32,0,NO
hr_employee_skill,6,create_uid,integer,,32,0,YES
hr_employee_skill,7,write_uid,integer,,32,0,YES
hr_employee_skill,8,valid_from,date,,,,YES
hr_employee_skill,9,valid_to,date,,,,YES
hr_employee_skill,10,display_warning_message,boolean,,,,YES
hr_employee_skill,11,create_date,timestamp without time zone,,,,YES
hr_employee_skill,12,write_date,timestamp without time zone,,,,YES
hr_employee_skill_history_report,1,date,date,,,,YES
hr_employee_skill_history_report,2,employee_id,integer,,32,0,YES
hr_employee_skill_history_report,3,skill_id,integer,,32,0,YES
hr_employee_skill_history_report,4,skill_type_id,integer,,32,0,YES
hr_employee_skill_history_report,5,level_progress,integer,,32,0,YES
hr_employee_skill_report,1,id,bigint,,64,0,YES
hr_employee_skill_report,2,employee_id,integer,,32,0,YES
hr_employee_skill_report,3,company_id,integer,,32,0,YES
hr_employee_skill_report,4,department_id,integer,,32,0,YES
hr_employee_skill_report,5,job_id,integer,,32,0,YES
hr_employee_skill_report,6,skill_id,integer,,32,0,YES
hr_employee_skill_report,7,skill_type_id,integer,,32,0,YES
hr_employee_skill_report,8,level_progress,numeric,,,,YES
hr_employee_skill_report,9,skill_level,character varying,,,,YES
hr_expense,1,id,integer,,32,0,NO
hr_expense,2,message_main_attachment_id,integer,,32,0,YES
hr_expense,3,employee_id,integer,,32,0,NO
hr_expense,4,department_id,integer,,32,0,YES
hr_expense,5,manager_id,integer,,32,0,YES
hr_expense,6,company_id,integer,,32,0,NO
hr_expense,7,product_id,integer,,32,0,YES
hr_expense,8,product_uom_id,integer,,32,0,YES
hr_expense,9,split_expense_origin_id,integer,,32,0,YES
hr_expense,10,currency_id,integer,,32,0,NO
hr_expense,11,payment_method_line_id,integer,,32,0,YES
hr_expense,12,account_move_id,integer,,32,0,YES
hr_expense,13,vendor_id,integer,,32,0,YES
hr_expense,14,account_id,integer,,32,0,YES
hr_expense,15,former_sheet_id,integer,,32,0,YES
hr_expense,16,create_uid,integer,,32,0,YES
hr_expense,17,write_uid,integer,,32,0,YES
hr_expense,18,name,character varying,,,,NO
hr_expense,19,state,character varying,,,,YES
hr_expense,20,approval_state,character varying,,,,YES
hr_expense,21,payment_mode,character varying,,,,NO
hr_expense,22,date,date,,,,YES
hr_expense,23,analytic_distribution,jsonb,,,,YES
hr_expense,24,description,text,,,,YES
hr_expense,25,quantity,numeric,,,,NO
hr_expense,26,tax_amount_currency,numeric,,,,YES
hr_expense,27,tax_amount,numeric,,,,YES
hr_expense,28,total_amount_currency,numeric,,,,YES
hr_expense,29,total_amount,numeric,,,,YES
hr_expense,30,untaxed_amount_currency,numeric,,,,YES
hr_expense,31,untaxed_amount,numeric,,,,YES
hr_expense,32,price_unit,numeric,,,,NO
hr_expense,33,approval_date,timestamp without time zone,,,,YES
hr_expense,34,create_date,timestamp without time zone,,,,YES
hr_expense,35,write_date,timestamp without time zone,,,,YES
hr_expense_approve_duplicate,1,id,integer,,32,0,NO
hr_expense_approve_duplicate,2,create_uid,integer,,32,0,YES
hr_expense_approve_duplicate,3,write_uid,integer,,32,0,YES
hr_expense_approve_duplicate,4,create_date,timestamp without time zone,,,,YES
hr_expense_approve_duplicate,5,write_date,timestamp without time zone,,,,YES
hr_expense_hr_expense_approve_duplicate_rel,1,hr_expense_approve_duplicate_id,integer,,32,0,NO
hr_expense_hr_expense_approve_duplicate_rel,2,hr_expense_id,integer,,32,0,NO
hr_expense_hr_expense_refuse_wizard_rel,1,hr_expense_refuse_wizard_id,integer,,32,0,NO
hr_expense_hr_expense_refuse_wizard_rel,2,hr_expense_id,integer,,32,0,NO
hr_expense_post_wizard,1,id,integer,,32,0,NO
hr_expense_post_wizard,2,company_id,integer,,32,0,YES
hr_expense_post_wizard,3,employee_journal_id,integer,,32,0,YES
hr_expense_post_wizard,4,create_uid,integer,,32,0,YES
hr_expense_post_wizard,5,write_uid,integer,,32,0,YES
hr_expense_post_wizard,6,accounting_date,date,,,,YES
hr_expense_post_wizard,7,create_date,timestamp without time zone,,,,YES
hr_expense_post_wizard,8,write_date,timestamp without time zone,,,,YES
hr_expense_refuse_wizard,1,id,integer,,32,0,NO
hr_expense_refuse_wizard,2,create_uid,integer,,32,0,YES
hr_expense_refuse_wizard,3,write_uid,integer,,32,0,YES
hr_expense_refuse_wizard,4,reason,character varying,,,,NO
hr_expense_refuse_wizard,5,create_date,timestamp without time zone,,,,YES
hr_expense_refuse_wizard,6,write_date,timestamp without time zone,,,,YES
hr_expense_split,1,id,integer,,32,0,NO
hr_expense_split,2,wizard_id,integer,,32,0,YES
hr_expense_split,3,expense_id,integer,,32,0,YES
hr_expense_split,4,product_id,integer,,32,0,NO
hr_expense_split,5,employee_id,integer,,32,0,NO
hr_expense_split,6,company_id,integer,,32,0,YES
hr_expense_split,7,currency_id,integer,,32,0,YES
hr_expense_split,8,manager_id,integer,,32,0,YES
hr_expense_split,9,create_uid,integer,,32,0,YES
hr_expense_split,10,write_uid,integer,,32,0,YES
hr_expense_split,11,name,character varying,,,,NO
hr_expense_split,12,approval_state,character varying,,,,YES
hr_expense_split,13,analytic_distribution,jsonb,,,,YES
hr_expense_split,14,total_amount_currency,numeric,,,,NO
hr_expense_split,15,product_has_cost,boolean,,,,YES
hr_expense_split,16,approval_date,timestamp without time zone,,,,YES
hr_expense_split,17,create_date,timestamp without time zone,,,,YES
hr_expense_split,18,write_date,timestamp without time zone,,,,YES
hr_expense_split_wizard,1,id,integer,,32,0,NO
hr_expense_split_wizard,2,expense_id,integer,,32,0,NO
hr_expense_split_wizard,3,create_uid,integer,,32,0,YES
hr_expense_split_wizard,4,write_uid,integer,,32,0,YES
hr_expense_split_wizard,5,create_date,timestamp without time zone,,,,YES
hr_expense_split_wizard,6,write_date,timestamp without time zone,,,,YES
hr_holidays_cancel_leave,1,id,integer,,32,0,NO
hr_holidays_cancel_leave,2,leave_id,integer,,32,0,NO
hr_holidays_cancel_leave,3,create_uid,integer,,32,0,YES
hr_holidays_cancel_leave,4,write_uid,integer,,32,0,YES
hr_holidays_cancel_leave,5,reason,text,,,,YES
hr_holidays_cancel_leave,6,create_date,timestamp without time zone,,,,YES
hr_holidays_cancel_leave,7,write_date,timestamp without time zone,,,,YES
hr_holidays_summary_employee,1,id,integer,,32,0,NO
hr_holidays_summary_employee,2,create_uid,integer,,32,0,YES
hr_holidays_summary_employee,3,write_uid,integer,,32,0,YES
hr_holidays_summary_employee,4,holiday_type,character varying,,,,NO
hr_holidays_summary_employee,5,date_from,date,,,,NO
hr_holidays_summary_employee,6,create_date,timestamp without time zone,,,,YES
hr_holidays_summary_employee,7,write_date,timestamp without time zone,,,,YES
hr_job,1,id,integer,,32,0,NO
hr_job,2,sequence,integer,,32,0,YES
hr_job,3,no_of_recruitment,integer,,32,0,YES
hr_job,4,user_id,integer,,32,0,YES
hr_job,5,department_id,integer,,32,0,YES
hr_job,6,company_id,integer,,32,0,YES
hr_job,7,contract_type_id,integer,,32,0,YES
hr_job,8,create_uid,integer,,32,0,YES
hr_job,9,write_uid,integer,,32,0,YES
hr_job,10,name,jsonb,,,,NO
hr_job,11,description,text,,,,YES
hr_job,12,requirements,text,,,,YES
hr_job,13,active,boolean,,,,YES
hr_job,14,create_date,timestamp without time zone,,,,YES
hr_job,15,write_date,timestamp without time zone,,,,YES
hr_job,16,alias_id,integer,,32,0,NO
hr_job,17,address_id,integer,,32,0,YES
hr_job,18,manager_id,integer,,32,0,YES
hr_job,19,color,integer,,32,0,YES
hr_job,20,industry_id,integer,,32,0,YES
hr_job,21,expected_degree,integer,,32,0,YES
hr_job,22,no_of_hired_employee,integer,,32,0,YES
hr_job,23,job_properties,jsonb,,,,YES
hr_job,24,applicant_properties_definition,jsonb,,,,YES
hr_job,25,survey_id,integer,,32,0,YES
hr_job_extended_interviewer_res_users,1,hr_job_id,integer,,32,0,NO
hr_job_extended_interviewer_res_users,2,res_users_id,integer,,32,0,NO
hr_job_hr_leave_mandatory_day_rel,1,hr_leave_mandatory_day_id,integer,,32,0,NO
hr_job_hr_leave_mandatory_day_rel,2,hr_job_id,integer,,32,0,NO
hr_job_hr_recruitment_stage_rel,1,hr_recruitment_stage_id,integer,,32,0,NO
hr_job_hr_recruitment_stage_rel,2,hr_job_id,integer,,32,0,NO
hr_job_hr_skill_rel,1,hr_job_id,integer,,32,0,NO
hr_job_hr_skill_rel,2,hr_skill_id,integer,,32,0,NO
hr_job_job_add_applicants_rel,1,job_add_applicants_id,integer,,32,0,NO
hr_job_job_add_applicants_rel,2,hr_job_id,integer,,32,0,NO
hr_job_platform,1,id,integer,,32,0,NO
hr_job_platform,2,create_uid,integer,,32,0,YES
hr_job_platform,3,write_uid,integer,,32,0,YES
hr_job_platform,4,name,character varying,,,,NO
hr_job_platform,5,email,character varying,,,,NO
hr_job_platform,6,regex,character varying,,,,YES
hr_job_platform,7,create_date,timestamp without time zone,,,,YES
hr_job_platform,8,write_date,timestamp without time zone,,,,YES
hr_job_position_announcements,1,announcement,integer,,32,0,NO
hr_job_position_announcements,2,job_position,integer,,32,0,NO
hr_job_res_users_rel,1,hr_job_id,integer,,32,0,NO
hr_job_res_users_rel,2,res_users_id,integer,,32,0,NO
hr_job_skill,1,id,integer,,32,0,NO
hr_job_skill,2,skill_id,integer,,32,0,NO
hr_job_skill,3,skill_level_id,integer,,32,0,NO
hr_job_skill,4,skill_type_id,integer,,32,0,NO
hr_job_skill,5,job_id,integer,,32,0,NO
hr_job_skill,6,create_uid,integer,,32,0,YES
hr_job_skill,7,write_uid,integer,,32,0,YES
hr_job_skill,8,valid_from,date,,,,YES
hr_job_skill,9,valid_to,date,,,,YES
hr_job_skill,10,display_warning_message,boolean,,,,YES
hr_job_skill,11,create_date,timestamp without time zone,,,,YES
hr_job_skill,12,write_date,timestamp without time zone,,,,YES
hr_leave,1,id,integer,,32,0,NO
hr_leave,2,message_main_attachment_id,integer,,32,0,YES
hr_leave,3,user_id,integer,,32,0,YES
hr_leave,4,holiday_status_id,integer,,32,0,NO
hr_leave,5,employee_id,integer,,32,0,NO
hr_leave,6,employee_company_id,integer,,32,0,YES
hr_leave,7,company_id,integer,,32,0,YES
hr_leave,8,department_id,integer,,32,0,YES
hr_leave,9,resource_calendar_id,integer,,32,0,YES
hr_leave,10,meeting_id,integer,,32,0,YES
hr_leave,11,first_approver_id,integer,,32,0,YES
hr_leave,12,second_approver_id,integer,,32,0,YES
hr_leave,13,create_uid,integer,,32,0,YES
hr_leave,14,write_uid,integer,,32,0,YES
hr_leave,15,private_name,character varying,,,,YES
hr_leave,16,state,character varying,,,,YES
hr_leave,17,duration_display,character varying,,,,YES
hr_leave,18,request_date_from_period,character varying,,,,YES
hr_leave,19,request_date_to_period,character varying,,,,YES
hr_leave,20,request_date_from,date,,,,YES
hr_leave,21,request_date_to,date,,,,YES
hr_leave,22,notes,text,,,,YES
hr_leave,23,request_unit_half,boolean,,,,YES
hr_leave,24,request_unit_hours,boolean,,,,YES
hr_leave,25,date_from,timestamp without time zone,,,,YES
hr_leave,26,date_to,timestamp without time zone,,,,YES
hr_leave,27,create_date,timestamp without time zone,,,,YES
hr_leave,28,write_date,timestamp without time zone,,,,YES
hr_leave,29,number_of_days,double precision,,53,,YES
hr_leave,30,number_of_hours,double precision,,53,,YES
hr_leave,31,request_hour_from,double precision,,53,,YES
hr_leave,32,request_hour_to,double precision,,53,,YES
hr_leave,33,l10n_in_contains_sandwich_leaves,boolean,,,,YES
hr_leave_accrual_level,1,id,integer,,32,0,NO
hr_leave_accrual_level,2,sequence,integer,,32,0,YES
hr_leave_accrual_level,3,accrual_plan_id,integer,,32,0,NO
hr_leave_accrual_level,4,start_count,integer,,32,0,YES
hr_leave_accrual_level,5,postpone_max_days,integer,,32,0,YES
hr_leave_accrual_level,6,accrual_validity_count,integer,,32,0,YES
hr_leave_accrual_level,7,create_uid,integer,,32,0,YES
hr_leave_accrual_level,8,write_uid,integer,,32,0,YES
hr_leave_accrual_level,9,start_type,character varying,,,,NO
hr_leave_accrual_level,10,milestone_date,character varying,,,,NO
hr_leave_accrual_level,11,added_value_type,character varying,,,,NO
hr_leave_accrual_level,12,frequency,character varying,,,,NO
hr_leave_accrual_level,13,week_day,character varying,,,,NO
hr_leave_accrual_level,14,first_day,character varying,,,,YES
hr_leave_accrual_level,15,second_day,character varying,,,,YES
hr_leave_accrual_level,16,first_month_day,character varying,,,,YES
hr_leave_accrual_level,17,first_month,character varying,,,,YES
hr_leave_accrual_level,18,second_month_day,character varying,,,,YES
hr_leave_accrual_level,19,second_month,character varying,,,,YES
hr_leave_accrual_level,20,yearly_month,character varying,,,,YES
hr_leave_accrual_level,21,yearly_day,character varying,,,,YES
hr_leave_accrual_level,22,action_with_unused_accruals,character varying,,,,NO
hr_leave_accrual_level,23,carryover_options,character varying,,,,NO
hr_leave_accrual_level,24,accrual_validity_type,character varying,,,,NO
hr_leave_accrual_level,25,added_value,numeric,,,,NO
hr_leave_accrual_level,26,maximum_leave,numeric,,,,YES
hr_leave_accrual_level,27,maximum_leave_yearly,numeric,,,,YES
hr_leave_accrual_level,28,cap_accrued_time,boolean,,,,YES
hr_leave_accrual_level,29,cap_accrued_time_yearly,boolean,,,,YES
hr_leave_accrual_level,30,accrual_validity,boolean,,,,YES
hr_leave_accrual_level,31,create_date,timestamp without time zone,,,,YES
hr_leave_accrual_level,32,write_date,timestamp without time zone,,,,YES
hr_leave_accrual_plan,1,id,integer,,32,0,NO
hr_leave_accrual_plan,2,time_off_type_id,integer,,32,0,YES
hr_leave_accrual_plan,3,company_id,integer,,32,0,YES
hr_leave_accrual_plan,4,create_uid,integer,,32,0,YES
hr_leave_accrual_plan,5,write_uid,integer,,32,0,YES
hr_leave_accrual_plan,6,name,character varying,,,,NO
hr_leave_accrual_plan,7,transition_mode,character varying,,,,NO
hr_leave_accrual_plan,8,accrued_gain_time,character varying,,,,NO
hr_leave_accrual_plan,9,carryover_date,character varying,,,,NO
hr_leave_accrual_plan,10,carryover_day,character varying,,,,YES
hr_leave_accrual_plan,11,carryover_month,character varying,,,,YES
hr_leave_accrual_plan,12,added_value_type,character varying,,,,YES
hr_leave_accrual_plan,13,active,boolean,,,,YES
hr_leave_accrual_plan,14,is_based_on_worked_time,boolean,,,,YES
hr_leave_accrual_plan,15,can_be_carryover,boolean,,,,YES
hr_leave_accrual_plan,16,create_date,timestamp without time zone,,,,YES
hr_leave_accrual_plan,17,write_date,timestamp without time zone,,,,YES
hr_leave_allocation,1,id,integer,,32,0,NO
hr_leave_allocation,2,holiday_status_id,integer,,32,0,NO
hr_leave_allocation,3,employee_id,integer,,32,0,NO
hr_leave_allocation,4,employee_company_id,integer,,32,0,YES
hr_leave_allocation,5,manager_id,integer,,32,0,YES
hr_leave_allocation,6,approver_id,integer,,32,0,YES
hr_leave_allocation,7,second_approver_id,integer,,32,0,YES
hr_leave_allocation,8,department_id,integer,,32,0,YES
hr_leave_allocation,9,accrual_plan_id,integer,,32,0,YES
hr_leave_allocation,10,create_uid,integer,,32,0,YES
hr_leave_allocation,11,write_uid,integer,,32,0,YES
hr_leave_allocation,12,name,character varying,,,,YES
hr_leave_allocation,13,state,character varying,,,,YES
hr_leave_allocation,14,allocation_type,character varying,,,,NO
hr_leave_allocation,15,date_from,date,,,,NO
hr_leave_allocation,16,date_to,date,,,,YES
hr_leave_allocation,17,last_executed_carryover_date,date,,,,YES
hr_leave_allocation,18,lastcall,date,,,,YES
hr_leave_allocation,19,actual_lastcall,date,,,,YES
hr_leave_allocation,20,nextcall,date,,,,YES
hr_leave_allocation,21,carried_over_days_expiration_date,date,,,,YES
hr_leave_allocation,22,notes,text,,,,YES
hr_leave_allocation,23,already_accrued,boolean,,,,YES
hr_leave_allocation,24,create_date,timestamp without time zone,,,,YES
hr_leave_allocation,25,write_date,timestamp without time zone,,,,YES
hr_leave_allocation,26,number_of_days,double precision,,53,,YES
hr_leave_allocation,27,number_of_hours_display,double precision,,53,,YES
hr_leave_allocation,28,yearly_accrued_amount,double precision,,53,,YES
hr_leave_allocation,29,expiring_carryover_days,double precision,,53,,YES
hr_leave_allocation_generate_multi_wizard,1,id,integer,,32,0,NO
hr_leave_allocation_generate_multi_wizard,2,holiday_status_id,integer,,32,0,NO
hr_leave_allocation_generate_multi_wizard,3,company_id,integer,,32,0,NO
hr_leave_allocation_generate_multi_wizard,4,department_id,integer,,32,0,YES
hr_leave_allocation_generate_multi_wizard,5,category_id,integer,,32,0,YES
hr_leave_allocation_generate_multi_wizard,6,accrual_plan_id,integer,,32,0,YES
hr_leave_allocation_generate_multi_wizard,7,create_uid,integer,,32,0,YES
hr_leave_allocation_generate_multi_wizard,8,write_uid,integer,,32,0,YES
hr_leave_allocation_generate_multi_wizard,9,name,character varying,,,,YES
hr_leave_allocation_generate_multi_wizard,10,allocation_mode,character varying,,,,NO
hr_leave_allocation_generate_multi_wizard,11,allocation_type,character varying,,,,NO
hr_leave_allocation_generate_multi_wizard,12,date_from,date,,,,NO
hr_leave_allocation_generate_multi_wizard,13,date_to,date,,,,YES
hr_leave_allocation_generate_multi_wizard,14,notes,text,,,,YES
hr_leave_allocation_generate_multi_wizard,15,create_date,timestamp without time zone,,,,YES
hr_leave_allocation_generate_multi_wizard,16,write_date,timestamp without time zone,,,,YES
hr_leave_allocation_generate_multi_wizard,17,duration,double precision,,53,,YES
hr_leave_attendance_report,1,id,bigint,,64,0,YES
hr_leave_attendance_report,2,date,date,,,,YES
hr_leave_attendance_report,3,employee_id,integer,,32,0,YES
hr_leave_attendance_report,4,schedule_id,integer,,32,0,YES
hr_leave_attendance_report,5,worked_hours,numeric,,,,YES
hr_leave_attendance_report,6,expected_hours,numeric,,,,YES
hr_leave_attendance_report,7,leave_hours,numeric,,,,YES
hr_leave_attendance_report,8,difference_hours,numeric,,,,YES
hr_leave_employee_type_report,1,id,bigint,,64,0,YES
hr_leave_employee_type_report,2,employee_id,integer,,32,0,YES
hr_leave_employee_type_report,3,active_employee,boolean,,,,YES
hr_leave_employee_type_report,4,number_of_days,double precision,,53,,YES
hr_leave_employee_type_report,5,number_of_hours,double precision,,53,,YES
hr_leave_employee_type_report,6,department_id,integer,,32,0,YES
hr_leave_employee_type_report,7,leave_type,integer,,32,0,YES
hr_leave_employee_type_report,8,holiday_status,text,,,,YES
hr_leave_employee_type_report,9,state,character varying,,,,YES
hr_leave_employee_type_report,10,date_from,timestamp without time zone,,,,YES
hr_leave_employee_type_report,11,date_to,timestamp without time zone,,,,YES
hr_leave_employee_type_report,12,company_id,integer,,32,0,YES
hr_leave_generate_multi_wizard,1,id,integer,,32,0,NO
hr_leave_generate_multi_wizard,2,holiday_status_id,integer,,32,0,NO
hr_leave_generate_multi_wizard,3,company_id,integer,,32,0,NO
hr_leave_generate_multi_wizard,4,department_id,integer,,32,0,YES
hr_leave_generate_multi_wizard,5,category_id,integer,,32,0,YES
hr_leave_generate_multi_wizard,6,create_uid,integer,,32,0,YES
hr_leave_generate_multi_wizard,7,write_uid,integer,,32,0,YES
hr_leave_generate_multi_wizard,8,name,character varying,,,,YES
hr_leave_generate_multi_wizard,9,allocation_mode,character varying,,,,NO
hr_leave_generate_multi_wizard,10,date_from,date,,,,NO
hr_leave_generate_multi_wizard,11,date_to,date,,,,NO
hr_leave_generate_multi_wizard,12,create_date,timestamp without time zone,,,,YES
hr_leave_generate_multi_wizard,13,write_date,timestamp without time zone,,,,YES
hr_leave_mandatory_day,1,id,integer,,32,0,NO
hr_leave_mandatory_day,2,company_id,integer,,32,0,NO
hr_leave_mandatory_day,3,color,integer,,32,0,YES
hr_leave_mandatory_day,4,resource_calendar_id,integer,,32,0,YES
hr_leave_mandatory_day,5,create_uid,integer,,32,0,YES
hr_leave_mandatory_day,6,write_uid,integer,,32,0,YES
hr_leave_mandatory_day,7,name,character varying,,,,NO
hr_leave_mandatory_day,8,start_date,date,,,,NO
hr_leave_mandatory_day,9,end_date,date,,,,NO
hr_leave_mandatory_day,10,create_date,timestamp without time zone,,,,YES
hr_leave_mandatory_day,11,write_date,timestamp without time zone,,,,YES
hr_leave_report,1,id,bigint,,64,0,YES
hr_leave_report,2,leave_id,text,,,,YES
hr_leave_report,3,allocation_id,integer,,32,0,YES
hr_leave_report,4,employee_id,integer,,32,0,YES
hr_leave_report,5,name,character varying,,,,YES
hr_leave_report,6,number_of_days,double precision,,53,,YES
hr_leave_report,7,leave_type,text,,,,YES
hr_leave_report,8,number_of_hours,double precision,,53,,YES
hr_leave_report,9,department_id,integer,,32,0,YES
hr_leave_report,10,holiday_status_id,integer,,32,0,YES
hr_leave_report,11,state,character varying,,,,YES
hr_leave_report,12,date_from,timestamp without time zone,,,,YES
hr_leave_report,13,date_to,timestamp without time zone,,,,YES
hr_leave_report,14,company_id,integer,,32,0,YES
hr_leave_report_calendar,1,id,integer,,32,0,YES
hr_leave_report_calendar,2,leave_id,integer,,32,0,YES
hr_leave_report_calendar,3,start_datetime,timestamp without time zone,,,,YES
hr_leave_report_calendar,4,stop_datetime,timestamp without time zone,,,,YES
hr_leave_report_calendar,5,employee_id,integer,,32,0,YES
hr_leave_report_calendar,6,state,character varying,,,,YES
hr_leave_report_calendar,7,department_id,integer,,32,0,YES
hr_leave_report_calendar,8,duration,double precision,,53,,YES
hr_leave_report_calendar,9,description,character varying,,,,YES
hr_leave_report_calendar,10,holiday_status_id,integer,,32,0,YES
hr_leave_report_calendar,11,company_id,integer,,32,0,YES
hr_leave_report_calendar,12,job_id,integer,,32,0,YES
hr_leave_report_calendar,13,user_id,integer,,32,0,YES
hr_leave_report_calendar,14,tz,character varying,,,,YES
hr_leave_report_calendar,15,is_striked,boolean,,,,YES
hr_leave_report_calendar,16,is_hatched,boolean,,,,YES
hr_leave_type,1,id,integer,,32,0,NO
hr_leave_type,2,sequence,integer,,32,0,YES
hr_leave_type,3,color,integer,,32,0,YES
hr_leave_type,4,icon_id,integer,,32,0,YES
hr_leave_type,5,company_id,integer,,32,0,YES
hr_leave_type,6,country_id,integer,,32,0,YES
hr_leave_type,7,leave_notif_subtype_id,integer,,32,0,YES
hr_leave_type,8,allocation_notif_subtype_id,integer,,32,0,YES
hr_leave_type,9,max_allowed_negative,integer,,32,0,YES
hr_leave_type,10,create_uid,integer,,32,0,YES
hr_leave_type,11,write_uid,integer,,32,0,YES
hr_leave_type,12,leave_validation_type,character varying,,,,YES
hr_leave_type,13,allocation_validation_type,character varying,,,,YES
hr_leave_type,14,time_type,character varying,,,,YES
hr_leave_type,15,request_unit,character varying,,,,NO
hr_leave_type,16,name,jsonb,,,,NO
hr_leave_type,17,create_calendar_meeting,boolean,,,,YES
hr_leave_type,18,active,boolean,,,,YES
hr_leave_type,19,hide_on_dashboard,boolean,,,,YES
hr_leave_type,20,requires_allocation,boolean,,,,NO
hr_leave_type,21,employee_requests,boolean,,,,NO
hr_leave_type,22,unpaid,boolean,,,,YES
hr_leave_type,23,include_public_holidays_in_duration,boolean,,,,YES
hr_leave_type,24,support_document,boolean,,,,YES
hr_leave_type,25,allow_request_on_top,boolean,,,,YES
hr_leave_type,26,elligible_for_accrual_rate,boolean,,,,YES
hr_leave_type,27,allows_negative,boolean,,,,YES
hr_leave_type,28,create_date,timestamp without time zone,,,,YES
hr_leave_type,29,write_date,timestamp without time zone,,,,YES
hr_leave_type,30,overtime_deductible,boolean,,,,YES
hr_leave_type,31,code,character varying,,,,YES
hr_leave_type,32,l10n_in_is_sandwich_leave,boolean,,,,YES
hr_leave_type,33,l10n_in_is_limited_to_optional_days,boolean,,,,YES
hr_leave_type_res_users_rel,1,hr_leave_type_id,integer,,32,0,NO
hr_leave_type_res_users_rel,2,res_users_id,integer,,32,0,NO
hr_loan,1,id,integer,,32,0,NO
hr_loan,2,employee_id,integer,,32,0,NO
hr_loan,3,installment,integer,,32,0,YES
hr_loan,4,company_id,integer,,32,0,YES
hr_loan,5,currency_id,integer,,32,0,NO
hr_loan,6,create_uid,integer,,32,0,YES
hr_loan,7,write_uid,integer,,32,0,YES
hr_loan,8,name,character varying,,,,YES
hr_loan,9,state,character varying,,,,YES
hr_loan,10,date,date,,,,YES
hr_loan,11,payment_date,date,,,,NO
hr_loan,12,create_date,timestamp without time zone,,,,YES
hr_loan,13,write_date,timestamp without time zone,,,,YES
hr_loan,14,loan_amount,double precision,,53,,NO
hr_loan,15,total_amount,double precision,,53,,YES
hr_loan,16,balance_amount,double precision,,53,,YES
hr_loan,17,total_paid_amount,double precision,,53,,YES
hr_loan,18,employee_account_id,integer,,32,0,YES
hr_loan,19,treasury_account_id,integer,,32,0,YES
hr_loan,20,journal_id,integer,,32,0,YES
hr_loan_line,1,id,integer,,32,0,NO
hr_loan_line,2,employee_id,integer,,32,0,YES
hr_loan_line,3,loan_id,integer,,32,0,YES
hr_loan_line,4,payslip_id,integer,,32,0,YES
hr_loan_line,5,create_uid,integer,,32,0,YES
hr_loan_line,6,write_uid,integer,,32,0,YES
hr_loan_line,7,date,date,,,,NO
hr_loan_line,8,paid,boolean,,,,YES
hr_loan_line,9,create_date,timestamp without time zone,,,,YES
hr_loan_line,10,write_date,timestamp without time zone,,,,YES
hr_loan_line,11,amount,double precision,,53,,NO
hr_payroll_structure,1,id,integer,,32,0,NO
hr_payroll_structure,2,company_id,integer,,32,0,NO
hr_payroll_structure,3,parent_id,integer,,32,0,YES
hr_payroll_structure,4,create_uid,integer,,32,0,YES
hr_payroll_structure,5,write_uid,integer,,32,0,YES
hr_payroll_structure,6,name,character varying,,,,NO
hr_payroll_structure,7,code,character varying,,,,NO
hr_payroll_structure,8,note,text,,,,YES
hr_payroll_structure,9,create_date,timestamp without time zone,,,,YES
hr_payroll_structure,10,write_date,timestamp without time zone,,,,YES
hr_payroll_structure,11,max_percent,integer,,32,0,YES
hr_payroll_structure,12,advance_date,integer,,32,0,YES
hr_payroll_structure_type,1,id,integer,,32,0,NO
hr_payroll_structure_type,2,default_resource_calendar_id,integer,,32,0,YES
hr_payroll_structure_type,3,country_id,integer,,32,0,YES
hr_payroll_structure_type,4,create_uid,integer,,32,0,YES
hr_payroll_structure_type,5,write_uid,integer,,32,0,YES
hr_payroll_structure_type,6,name,character varying,,,,YES
hr_payroll_structure_type,7,create_date,timestamp without time zone,,,,YES
hr_payroll_structure_type,8,write_date,timestamp without time zone,,,,YES
hr_payslip,1,id,integer,,32,0,NO
hr_payslip,2,struct_id,integer,,32,0,YES
hr_payslip,3,employee_id,integer,,32,0,NO
hr_payslip,4,company_id,integer,,32,0,NO
hr_payslip,5,contract_id,integer,,32,0,YES
hr_payslip,6,payslip_run_id,integer,,32,0,YES
hr_payslip,7,create_uid,integer,,32,0,YES
hr_payslip,8,write_uid,integer,,32,0,YES
hr_payslip,9,name,character varying,,,,YES
hr_payslip,10,number,character varying,,,,YES
hr_payslip,11,state,character varying,,,,YES
hr_payslip,12,date_from,date,,,,NO
hr_payslip,13,date_to,date,,,,NO
hr_payslip,14,note,text,,,,YES
hr_payslip,15,paid,boolean,,,,YES
hr_payslip,16,credit_note,boolean,,,,YES
hr_payslip,17,create_date,timestamp without time zone,,,,YES
hr_payslip,18,write_date,timestamp without time zone,,,,YES
hr_payslip,19,journal_id,integer,,32,0,NO
hr_payslip,20,move_id,integer,,32,0,YES
hr_payslip,21,date,date,,,,YES
hr_payslip_employees,1,id,integer,,32,0,NO
hr_payslip_employees,2,create_uid,integer,,32,0,YES
hr_payslip_employees,3,write_uid,integer,,32,0,YES
hr_payslip_employees,4,create_date,timestamp without time zone,,,,YES
hr_payslip_employees,5,write_date,timestamp without time zone,,,,YES
hr_payslip_input,1,id,integer,,32,0,NO
hr_payslip_input,2,payslip_id,integer,,32,0,NO
hr_payslip_input,3,sequence,integer,,32,0,NO
hr_payslip_input,4,contract_id,integer,,32,0,NO
hr_payslip_input,5,create_uid,integer,,32,0,YES
hr_payslip_input,6,write_uid,integer,,32,0,YES
hr_payslip_input,7,name,character varying,,,,NO
hr_payslip_input,8,code,character varying,,,,NO
hr_payslip_input,9,date_from,date,,,,NO
hr_payslip_input,10,date_to,date,,,,NO
hr_payslip_input,11,create_date,timestamp without time zone,,,,YES
hr_payslip_input,12,write_date,timestamp without time zone,,,,YES
hr_payslip_input,13,amount,double precision,,53,,YES
hr_payslip_input,14,loan_line_id,integer,,32,0,YES
hr_payslip_line,1,id,integer,,32,0,NO
hr_payslip_line,2,sequence,integer,,32,0,NO
hr_payslip_line,3,category_id,integer,,32,0,NO
hr_payslip_line,4,parent_rule_id,integer,,32,0,YES
hr_payslip_line,5,company_id,integer,,32,0,NO
hr_payslip_line,6,register_id,integer,,32,0,YES
hr_payslip_line,7,create_uid,integer,,32,0,YES
hr_payslip_line,8,write_uid,integer,,32,0,YES
hr_payslip_line,9,slip_id,integer,,32,0,NO
hr_payslip_line,10,salary_rule_id,integer,,32,0,NO
hr_payslip_line,11,employee_id,integer,,32,0,NO
hr_payslip_line,12,contract_id,integer,,32,0,NO
hr_payslip_line,13,code,character varying,,,,NO
hr_payslip_line,14,condition_select,character varying,,,,NO
hr_payslip_line,15,condition_range,character varying,,,,YES
hr_payslip_line,16,amount_select,character varying,,,,NO
hr_payslip_line,17,amount_percentage_base,character varying,,,,YES
hr_payslip_line,18,name,jsonb,,,,NO
hr_payslip_line,19,condition_python,text,,,,NO
hr_payslip_line,20,amount_python_compute,text,,,,YES
hr_payslip_line,21,note,text,,,,YES
hr_payslip_line,22,quantity,numeric,,,,YES
hr_payslip_line,23,amount_fix,numeric,,,,YES
hr_payslip_line,24,amount_percentage,numeric,,,,YES
hr_payslip_line,25,rate,numeric,,,,YES
hr_payslip_line,26,amount,numeric,,,,YES
hr_payslip_line,27,total,numeric,,,,YES
hr_payslip_line,28,active,boolean,,,,YES
hr_payslip_line,29,appears_on_payslip,boolean,,,,YES
hr_payslip_line,30,create_date,timestamp without time zone,,,,YES
hr_payslip_line,31,write_date,timestamp without time zone,,,,YES
hr_payslip_line,32,condition_range_min,double precision,,53,,YES
hr_payslip_line,33,condition_range_max,double precision,,53,,YES
hr_payslip_line,34,analytic_account_id,integer,,32,0,YES
hr_payslip_line,35,account_tax_id,integer,,32,0,YES
hr_payslip_line,36,account_debit_id,integer,,32,0,YES
hr_payslip_line,37,account_credit_id,integer,,32,0,YES
hr_payslip_run,1,id,integer,,32,0,NO
hr_payslip_run,2,create_uid,integer,,32,0,YES
hr_payslip_run,3,write_uid,integer,,32,0,YES
hr_payslip_run,4,name,character varying,,,,NO
hr_payslip_run,5,state,character varying,,,,YES
hr_payslip_run,6,date_start,date,,,,NO
hr_payslip_run,7,date_end,date,,,,NO
hr_payslip_run,8,credit_note,boolean,,,,YES
hr_payslip_run,9,create_date,timestamp without time zone,,,,YES
hr_payslip_run,10,write_date,timestamp without time zone,,,,YES
hr_payslip_run,11,company_id,integer,,32,0,YES
hr_payslip_run,12,journal_id,integer,,32,0,NO
hr_payslip_worked_days,1,id,integer,,32,0,NO
hr_payslip_worked_days,2,payslip_id,integer,,32,0,NO
hr_payslip_worked_days,3,sequence,integer,,32,0,NO
hr_payslip_worked_days,4,contract_id,integer,,32,0,NO
hr_payslip_worked_days,5,create_uid,integer,,32,0,YES
hr_payslip_worked_days,6,write_uid,integer,,32,0,YES
hr_payslip_worked_days,7,name,character varying,,,,NO
hr_payslip_worked_days,8,code,character varying,,,,NO
hr_payslip_worked_days,9,create_date,timestamp without time zone,,,,YES
hr_payslip_worked_days,10,write_date,timestamp without time zone,,,,YES
hr_payslip_worked_days,11,number_of_days,double precision,,53,,YES
hr_payslip_worked_days,12,number_of_hours,double precision,,53,,YES
hr_recruitment_degree,1,id,integer,,32,0,NO
hr_recruitment_degree,2,sequence,integer,,32,0,YES
hr_recruitment_degree,3,create_uid,integer,,32,0,YES
hr_recruitment_degree,4,write_uid,integer,,32,0,YES
hr_recruitment_degree,5,name,jsonb,,,,NO
hr_recruitment_degree,6,create_date,timestamp without time zone,,,,YES
hr_recruitment_degree,7,write_date,timestamp without time zone,,,,YES
hr_recruitment_degree,8,score,double precision,,53,,NO
hr_recruitment_source,1,id,integer,,32,0,NO
hr_recruitment_source,2,source_id,integer,,32,0,NO
hr_recruitment_source,3,job_id,integer,,32,0,YES
hr_recruitment_source,4,alias_id,integer,,32,0,YES
hr_recruitment_source,5,medium_id,integer,,32,0,YES
hr_recruitment_source,6,campaign_id,integer,,32,0,YES
hr_recruitment_source,7,create_uid,integer,,32,0,YES
hr_recruitment_source,8,write_uid,integer,,32,0,YES
hr_recruitment_source,9,create_date,timestamp without time zone,,,,YES
hr_recruitment_source,10,write_date,timestamp without time zone,,,,YES
hr_recruitment_stage,1,id,integer,,32,0,NO
hr_recruitment_stage,2,sequence,integer,,32,0,YES
hr_recruitment_stage,3,template_id,integer,,32,0,YES
hr_recruitment_stage,4,rotting_threshold_days,integer,,32,0,YES
hr_recruitment_stage,5,create_uid,integer,,32,0,YES
hr_recruitment_stage,6,write_uid,integer,,32,0,YES
hr_recruitment_stage,7,name,jsonb,,,,NO
hr_recruitment_stage,8,legend_blocked,jsonb,,,,NO
hr_recruitment_stage,9,legend_waiting,jsonb,,,,NO
hr_recruitment_stage,10,legend_done,jsonb,,,,NO
hr_recruitment_stage,11,legend_normal,jsonb,,,,NO
hr_recruitment_stage,12,requirements,text,,,,YES
hr_recruitment_stage,13,fold,boolean,,,,YES
hr_recruitment_stage,14,hired_stage,boolean,,,,YES
hr_recruitment_stage,15,create_date,timestamp without time zone,,,,YES
hr_recruitment_stage,16,write_date,timestamp without time zone,,,,YES
hr_reminder,1,id,integer,,32,0,NO
hr_reminder,2,model_id,integer,,32,0,NO
hr_reminder,3,field_id,integer,,32,0,NO
hr_reminder,4,days_before,integer,,32,0,YES
hr_reminder,5,company_id,integer,,32,0,NO
hr_reminder,6,create_uid,integer,,32,0,YES
hr_reminder,7,write_uid,integer,,32,0,YES
hr_reminder,8,name,character varying,,,,NO
hr_reminder,9,search_by,character varying,,,,NO
hr_reminder,10,date_set,date,,,,YES
hr_reminder,11,date_from,date,,,,YES
hr_reminder,12,date_to,date,,,,YES
hr_reminder,13,expiry_date,date,,,,YES
hr_reminder,14,create_date,timestamp without time zone,,,,YES
hr_reminder,15,write_date,timestamp without time zone,,,,YES
hr_resignation,1,id,integer,,32,0,NO
hr_resignation,2,employee_id,integer,,32,0,YES
hr_resignation,3,create_uid,integer,,32,0,YES
hr_resignation,4,write_uid,integer,,32,0,YES
hr_resignation,5,name,character varying,,,,YES
hr_resignation,6,state,character varying,,,,YES
hr_resignation,7,resignation_type,character varying,,,,YES
hr_resignation,8,employee_contract,character varying,,,,YES
hr_resignation,9,resign_confirm_date,date,,,,YES
hr_resignation,10,approved_revealing_date,date,,,,YES
hr_resignation,11,joined_date,date,,,,YES
hr_resignation,12,expected_revealing_date,date,,,,NO
hr_resignation,13,reason,text,,,,NO
hr_resignation,14,create_date,timestamp without time zone,,,,YES
hr_resignation,15,write_date,timestamp without time zone,,,,YES
hr_resume_line,1,id,integer,,32,0,NO
hr_resume_line,2,employee_id,integer,,32,0,NO
hr_resume_line,3,duration,integer,,32,0,YES
hr_resume_line,4,line_type_id,integer,,32,0,YES
hr_resume_line,5,create_uid,integer,,32,0,YES
hr_resume_line,6,write_uid,integer,,32,0,YES
hr_resume_line,7,course_type,character varying,,,,NO
hr_resume_line,8,external_url,character varying,,,,YES
hr_resume_line,9,certificate_filename,character varying,,,,YES
hr_resume_line,10,date_start,date,,,,NO
hr_resume_line,11,date_end,date,,,,YES
hr_resume_line,12,name,jsonb,,,,NO
hr_resume_line,13,description,jsonb,,,,YES
hr_resume_line,14,resume_line_properties,jsonb,,,,YES
hr_resume_line,15,create_date,timestamp without time zone,,,,YES
hr_resume_line,16,write_date,timestamp without time zone,,,,YES
hr_resume_line,17,event_id,integer,,32,0,YES
hr_resume_line,18,department_id,integer,,32,0,YES
hr_resume_line,19,survey_id,integer,,32,0,YES
hr_resume_line,20,expiration_status,character varying,,,,YES
hr_resume_line_type,1,id,integer,,32,0,NO
hr_resume_line_type,2,sequence,integer,,32,0,YES
hr_resume_line_type,3,create_uid,integer,,32,0,YES
hr_resume_line_type,4,write_uid,integer,,32,0,YES
hr_resume_line_type,5,name,jsonb,,,,NO
hr_resume_line_type,6,resume_line_type_properties_definition,jsonb,,,,YES
hr_resume_line_type,7,is_course,boolean,,,,YES
hr_resume_line_type,8,create_date,timestamp without time zone,,,,YES
hr_resume_line_type,9,write_date,timestamp without time zone,,,,YES
hr_rule_input,1,id,integer,,32,0,NO
hr_rule_input,2,input_id,integer,,32,0,NO
hr_rule_input,3,create_uid,integer,,32,0,YES
hr_rule_input,4,write_uid,integer,,32,0,YES
hr_rule_input,5,name,character varying,,,,NO
hr_rule_input,6,code,character varying,,,,NO
hr_rule_input,7,create_date,timestamp without time zone,,,,YES
hr_rule_input,8,write_date,timestamp without time zone,,,,YES
hr_salary_rule,1,id,integer,,32,0,NO
hr_salary_rule,2,sequence,integer,,32,0,NO
hr_salary_rule,3,category_id,integer,,32,0,NO
hr_salary_rule,4,parent_rule_id,integer,,32,0,YES
hr_salary_rule,5,company_id,integer,,32,0,NO
hr_salary_rule,6,register_id,integer,,32,0,YES
hr_salary_rule,7,create_uid,integer,,32,0,YES
hr_salary_rule,8,write_uid,integer,,32,0,YES
hr_salary_rule,9,code,character varying,,,,NO
hr_salary_rule,10,quantity,character varying,,,,YES
hr_salary_rule,11,condition_select,character varying,,,,NO
hr_salary_rule,12,condition_range,character varying,,,,YES
hr_salary_rule,13,amount_select,character varying,,,,NO
hr_salary_rule,14,amount_percentage_base,character varying,,,,YES
hr_salary_rule,15,name,jsonb,,,,NO
hr_salary_rule,16,condition_python,text,,,,NO
hr_salary_rule,17,amount_python_compute,text,,,,YES
hr_salary_rule,18,note,text,,,,YES
hr_salary_rule,19,amount_fix,numeric,,,,YES
hr_salary_rule,20,amount_percentage,numeric,,,,YES
hr_salary_rule,21,active,boolean,,,,YES
hr_salary_rule,22,appears_on_payslip,boolean,,,,YES
hr_salary_rule,23,create_date,timestamp without time zone,,,,YES
hr_salary_rule,24,write_date,timestamp without time zone,,,,YES
hr_salary_rule,25,condition_range_min,double precision,,53,,YES
hr_salary_rule,26,condition_range_max,double precision,,53,,YES
hr_salary_rule,27,analytic_account_id,integer,,32,0,YES
hr_salary_rule,28,account_tax_id,integer,,32,0,YES
hr_salary_rule,29,account_debit_id,integer,,32,0,YES
hr_salary_rule,30,account_credit_id,integer,,32,0,YES
hr_salary_rule_category,1,id,integer,,32,0,NO
hr_salary_rule_category,2,parent_id,integer,,32,0,YES
hr_salary_rule_category,3,company_id,integer,,32,0,NO
hr_salary_rule_category,4,create_uid,integer,,32,0,YES
hr_salary_rule_category,5,write_uid,integer,,32,0,YES
hr_salary_rule_category,6,code,character varying,,,,NO
hr_salary_rule_category,7,name,jsonb,,,,NO
hr_salary_rule_category,8,note,text,,,,YES
hr_salary_rule_category,9,create_date,timestamp without time zone,,,,YES
hr_salary_rule_category,10,write_date,timestamp without time zone,,,,YES
hr_skill,1,id,integer,,32,0,NO
hr_skill,2,sequence,integer,,32,0,YES
hr_skill,3,skill_type_id,integer,,32,0,NO
hr_skill,4,create_uid,integer,,32,0,YES
hr_skill,5,write_uid,integer,,32,0,YES
hr_skill,6,name,jsonb,,,,NO
hr_skill,7,create_date,timestamp without time zone,,,,YES
hr_skill,8,write_date,timestamp without time zone,,,,YES
hr_skill_level,1,id,integer,,32,0,NO
hr_skill_level,2,skill_type_id,integer,,32,0,YES
hr_skill_level,3,level_progress,integer,,32,0,YES
hr_skill_level,4,create_uid,integer,,32,0,YES
hr_skill_level,5,write_uid,integer,,32,0,YES
hr_skill_level,6,name,character varying,,,,NO
hr_skill_level,7,default_level,boolean,,,,YES
hr_skill_level,8,create_date,timestamp without time zone,,,,YES
hr_skill_level,9,write_date,timestamp without time zone,,,,YES
hr_skill_type,1,id,integer,,32,0,NO
hr_skill_type,2,sequence,integer,,32,0,YES
hr_skill_type,3,color,integer,,32,0,YES
hr_skill_type,4,levels_count,integer,,32,0,YES
hr_skill_type,5,create_uid,integer,,32,0,YES
hr_skill_type,6,write_uid,integer,,32,0,YES
hr_skill_type,7,name,jsonb,,,,NO
hr_skill_type,8,active,boolean,,,,YES
hr_skill_type,9,is_certification,boolean,,,,YES
hr_skill_type,10,create_date,timestamp without time zone,,,,YES
hr_skill_type,11,write_date,timestamp without time zone,,,,YES
hr_structure_salary_rule_rel,1,struct_id,integer,,32,0,NO
hr_structure_salary_rule_rel,2,rule_id,integer,,32,0,NO
hr_talent_pool,1,id,integer,,32,0,NO
hr_talent_pool,2,company_id,integer,,32,0,YES
hr_talent_pool,3,pool_manager,integer,,32,0,YES
hr_talent_pool,4,color,integer,,32,0,YES
hr_talent_pool,5,create_uid,integer,,32,0,YES
hr_talent_pool,6,write_uid,integer,,32,0,YES
hr_talent_pool,7,name,jsonb,,,,NO
hr_talent_pool,8,description,text,,,,YES
hr_talent_pool,9,active,boolean,,,,YES
hr_talent_pool,10,create_date,timestamp without time zone,,,,YES
hr_talent_pool,11,write_date,timestamp without time zone,,,,YES
hr_talent_pool_talent_pool_add_applicants_rel,1,talent_pool_add_applicants_id,integer,,32,0,NO
hr_talent_pool_talent_pool_add_applicants_rel,2,hr_talent_pool_id,integer,,32,0,NO
hr_timesheet_attendance_report,1,id,integer,,32,0,YES
hr_timesheet_attendance_report,2,employee_id,integer,,32,0,YES
hr_timesheet_attendance_report,3,date,date,,,,YES
hr_timesheet_attendance_report,4,company_id,integer,,32,0,YES
hr_timesheet_attendance_report,5,total_attendance,double precision,,53,,YES
hr_timesheet_attendance_report,6,total_timesheet,double precision,,53,,YES
hr_timesheet_attendance_report,7,total_difference,double precision,,53,,YES
hr_timesheet_attendance_report,8,timesheets_cost,double precision,,53,,YES
hr_timesheet_attendance_report,9,attendance_cost,double precision,,53,,YES
hr_timesheet_attendance_report,10,cost_difference,double precision,,53,,YES
hr_version,1,id,integer,,32,0,NO
hr_version,2,company_id,integer,,32,0,YES
hr_version,3,employee_id,integer,,32,0,YES
hr_version,4,last_modified_uid,integer,,32,0,NO
hr_version,5,country_id,integer,,32,0,YES
hr_version,6,private_state_id,integer,,32,0,YES
hr_version,7,private_country_id,integer,,32,0,YES
hr_version,8,distance_home_work,integer,,32,0,YES
hr_version,9,km_home_work,integer,,32,0,YES
hr_version,10,children,integer,,32,0,YES
hr_version,11,department_id,integer,,32,0,YES
hr_version,12,job_id,integer,,32,0,YES
hr_version,13,address_id,integer,,32,0,YES
hr_version,14,work_location_id,integer,,32,0,YES
hr_version,15,departure_reason_id,integer,,32,0,YES
hr_version,16,resource_calendar_id,integer,,32,0,YES
hr_version,17,contract_template_id,integer,,32,0,YES
hr_version,18,structure_type_id,integer,,32,0,YES
hr_version,19,contract_type_id,integer,,32,0,YES
hr_version,20,hr_responsible_id,integer,,32,0,NO
hr_version,21,create_uid,integer,,32,0,YES
hr_version,22,write_uid,integer,,32,0,YES
hr_version,23,name,character varying,,,,YES
hr_version,24,identification_id,character varying,,,,YES
hr_version,25,ssnid,character varying,,,,YES
hr_version,26,passport_id,character varying,,,,YES
hr_version,27,sex,character varying,,,,YES
hr_version,28,private_street,character varying,,,,YES
hr_version,29,private_street2,character varying,,,,YES
hr_version,30,private_city,character varying,,,,YES
hr_version,31,private_zip,character varying,,,,YES
hr_version,32,distance_home_work_unit,character varying,,,,NO
hr_version,33,marital,character varying,,,,NO
hr_version,34,spouse_complete_name,character varying,,,,YES
hr_version,35,employee_type,character varying,,,,NO
hr_version,36,job_title,character varying,,,,YES
hr_version,37,date_version,date,,,,NO
hr_version,38,passport_expiration_date,date,,,,YES
hr_version,39,spouse_birthdate,date,,,,YES
hr_version,40,departure_date,date,,,,YES
hr_version,41,contract_date_start,date,,,,YES
hr_version,42,contract_date_end,date,,,,YES
hr_version,43,trial_date_end,date,,,,YES
hr_version,44,departure_description,text,,,,YES
hr_version,45,additional_note,text,,,,YES
hr_version,46,wage,numeric,,,,YES
hr_version,47,active,boolean,,,,YES
hr_version,48,is_custom_job_title,boolean,,,,YES
hr_version,49,is_flexible,boolean,,,,YES
hr_version,50,is_fully_flexible,boolean,,,,YES
hr_version,51,last_modified_date,timestamp without time zone,,,,NO
hr_version,52,create_date,timestamp without time zone,,,,YES
hr_version,53,write_date,timestamp without time zone,,,,YES
hr_version,54,ruleset_id,integer,,32,0,YES
hr_version,55,struct_id,integer,,32,0,YES
hr_version,56,schedule_pay,character varying,,,,YES
hr_version,57,hra,numeric,,,,YES
hr_version,58,travel_allowance,numeric,,,,YES
hr_version,59,da,numeric,,,,YES
hr_version,60,meal_allowance,numeric,,,,YES
hr_version,61,medical_allowance,numeric,,,,YES
hr_version,62,other_allowance,numeric,,,,YES
hr_version,63,analytic_account_id,integer,,32,0,YES
hr_version,64,journal_id,integer,,32,0,YES
hr_version_wizard,1,id,integer,,32,0,NO
hr_version_wizard,2,contract_template_id,integer,,32,0,NO
hr_version_wizard,3,create_uid,integer,,32,0,YES
hr_version_wizard,4,write_uid,integer,,32,0,YES
hr_version_wizard,5,create_date,timestamp without time zone,,,,YES
hr_version_wizard,6,write_date,timestamp without time zone,,,,YES
hr_work_location,1,id,integer,,32,0,NO
hr_work_location,2,company_id,integer,,32,0,NO
hr_work_location,3,address_id,integer,,32,0,NO
hr_work_location,4,create_uid,integer,,32,0,YES
hr_work_location,5,write_uid,integer,,32,0,YES
hr_work_location,6,name,character varying,,,,NO
hr_work_location,7,location_type,character varying,,,,NO
hr_work_location,8,location_number,character varying,,,,YES
hr_work_location,9,active,boolean,,,,YES
hr_work_location,10,create_date,timestamp without time zone,,,,YES
hr_work_location,11,write_date,timestamp without time zone,,,,YES
html_editor_converter_test,1,id,integer,,32,0,NO
html_editor_converter_test,2,integer,integer,,32,0,YES
html_editor_converter_test,3,many2one,integer,,32,0,YES
html_editor_converter_test,4,create_uid,integer,,32,0,YES
html_editor_converter_test,5,write_uid,integer,,32,0,YES
html_editor_converter_test,6,char,character varying,,,,YES
html_editor_converter_test,7,selection_str,character varying,,,,YES
html_editor_converter_test,8,date,date,,,,YES
html_editor_converter_test,9,html,text,,,,YES
html_editor_converter_test,10,text,text,,,,YES
html_editor_converter_test,11,numeric,numeric,,,,YES
html_editor_converter_test,12,datetime,timestamp without time zone,,,,YES
html_editor_converter_test,13,create_date,timestamp without time zone,,,,YES
html_editor_converter_test,14,write_date,timestamp without time zone,,,,YES
html_editor_converter_test,15,float,double precision,,53,,YES
html_editor_converter_test,16,binary,bytea,,,,YES
html_editor_converter_test_sub,1,id,integer,,32,0,NO
html_editor_converter_test_sub,2,create_uid,integer,,32,0,YES
html_editor_converter_test_sub,3,write_uid,integer,,32,0,YES
html_editor_converter_test_sub,4,name,character varying,,,,YES
html_editor_converter_test_sub,5,create_date,timestamp without time zone,,,,YES
html_editor_converter_test_sub,6,write_date,timestamp without time zone,,,,YES
iap_account,1,id,integer,,32,0,NO
iap_account,2,service_id,integer,,32,0,NO
iap_account,3,create_uid,integer,,32,0,YES
iap_account,4,write_uid,integer,,32,0,YES
iap_account,5,name,character varying,,,,YES
iap_account,6,account_token,character varying,43,,,YES
iap_account,7,balance,character varying,,,,YES
iap_account,8,state,character varying,,,,YES
iap_account,9,service_locked,boolean,,,,YES
iap_account,10,create_date,timestamp without time zone,,,,YES
iap_account,11,write_date,timestamp without time zone,,,,YES
iap_account,12,warning_threshold,double precision,,53,,YES
iap_account,13,sender_name,character varying,,,,YES
iap_account_res_company_rel,1,iap_account_id,integer,,32,0,NO
iap_account_res_company_rel,2,res_company_id,integer,,32,0,NO
iap_account_res_users_rel,1,iap_account_id,integer,,32,0,NO
iap_account_res_users_rel,2,res_users_id,integer,,32,0,NO
iap_service,1,id,integer,,32,0,NO
iap_service,2,create_uid,integer,,32,0,YES
iap_service,3,write_uid,integer,,32,0,YES
iap_service,4,name,character varying,,,,NO
iap_service,5,technical_name,character varying,,,,NO
iap_service,6,description,jsonb,,,,NO
iap_service,7,unit_name,jsonb,,,,NO
iap_service,8,integer_balance,boolean,,,,NO
iap_service,9,create_date,timestamp without time zone,,,,YES
iap_service,10,write_date,timestamp without time zone,,,,YES
id_attachment_rel,1,id_ref,integer,,32,0,NO
id_attachment_rel,2,attach_ref,integer,,32,0,NO
ir_act_client,1,id,integer,,32,0,NO
ir_act_client,2,binding_model_id,integer,,32,0,YES
ir_act_client,3,create_uid,integer,,32,0,YES
ir_act_client,4,write_uid,integer,,32,0,YES
ir_act_client,5,type,character varying,,,,NO
ir_act_client,6,path,character varying,,,,YES
ir_act_client,7,binding_type,character varying,,,,NO
ir_act_client,8,binding_view_types,character varying,,,,YES
ir_act_client,9,name,jsonb,,,,NO
ir_act_client,10,help,jsonb,,,,YES
ir_act_client,11,create_date,timestamp without time zone,,,,YES
ir_act_client,12,write_date,timestamp without time zone,,,,YES
ir_act_client,13,tag,character varying,,,,NO
ir_act_client,14,target,character varying,,,,YES
ir_act_client,15,res_model,character varying,,,,YES
ir_act_client,16,context,character varying,,,,NO
ir_act_client,17,params_store,bytea,,,,YES
ir_act_report_xml,1,id,integer,,32,0,NO
ir_act_report_xml,2,binding_model_id,integer,,32,0,YES
ir_act_report_xml,3,create_uid,integer,,32,0,YES
ir_act_report_xml,4,write_uid,integer,,32,0,YES
ir_act_report_xml,5,type,character varying,,,,NO
ir_act_report_xml,6,path,character varying,,,,YES
ir_act_report_xml,7,binding_type,character varying,,,,NO
ir_act_report_xml,8,binding_view_types,character varying,,,,YES
ir_act_report_xml,9,name,jsonb,,,,NO
ir_act_report_xml,10,help,jsonb,,,,YES
ir_act_report_xml,11,create_date,timestamp without time zone,,,,YES
ir_act_report_xml,12,write_date,timestamp without time zone,,,,YES
ir_act_report_xml,13,paperformat_id,integer,,32,0,YES
ir_act_report_xml,14,model,character varying,,,,NO
ir_act_report_xml,15,report_type,character varying,,,,NO
ir_act_report_xml,16,report_name,character varying,,,,NO
ir_act_report_xml,17,report_file,character varying,,,,YES
ir_act_report_xml,18,attachment,character varying,,,,YES
ir_act_report_xml,19,domain,character varying,,,,YES
ir_act_report_xml,20,print_report_name,jsonb,,,,YES
ir_act_report_xml,21,multi,boolean,,,,YES
ir_act_report_xml,22,attachment_use,boolean,,,,YES
ir_act_report_xml,23,is_invoice_report,boolean,,,,YES
ir_act_server,1,id,integer,,32,0,NO
ir_act_server,2,binding_model_id,integer,,32,0,YES
ir_act_server,3,create_uid,integer,,32,0,YES
ir_act_server,4,write_uid,integer,,32,0,YES
ir_act_server,5,type,character varying,,,,NO
ir_act_server,6,path,character varying,,,,YES
ir_act_server,7,binding_type,character varying,,,,NO
ir_act_server,8,binding_view_types,character varying,,,,YES
ir_act_server,9,name,jsonb,,,,NO
ir_act_server,10,help,jsonb,,,,YES
ir_act_server,11,create_date,timestamp without time zone,,,,YES
ir_act_server,12,write_date,timestamp without time zone,,,,YES
ir_act_server,13,sequence,integer,,32,0,YES
ir_act_server,14,model_id,integer,,32,0,NO
ir_act_server,15,parent_id,integer,,32,0,YES
ir_act_server,16,crud_model_id,integer,,32,0,YES
ir_act_server,17,link_field_id,integer,,32,0,YES
ir_act_server,18,update_field_id,integer,,32,0,YES
ir_act_server,19,update_related_model_id,integer,,32,0,YES
ir_act_server,20,sequence_id,integer,,32,0,YES
ir_act_server,21,selection_value,integer,,32,0,YES
ir_act_server,22,automated_name,character varying,,,,YES
ir_act_server,23,usage,character varying,,,,NO
ir_act_server,24,state,character varying,,,,NO
ir_act_server,25,update_path,character varying,,,,YES
ir_act_server,26,update_m2m_operation,character varying,,,,YES
ir_act_server,27,update_boolean_value,character varying,,,,YES
ir_act_server,28,evaluation_type,character varying,,,,YES
ir_act_server,29,resource_ref,character varying,,,,YES
ir_act_server,30,webhook_url,character varying,,,,YES
ir_act_server,31,code,text,,,,YES
ir_act_server,32,value,text,,,,YES
ir_act_server,33,html_value,text,,,,YES
ir_act_server,34,activity_user_id,integer,,32,0,YES
ir_act_server,35,activity_type_id,integer,,32,0,YES
ir_act_server,36,template_id,integer,,32,0,YES
ir_act_server,37,activity_date_deadline_range,integer,,32,0,YES
ir_act_server,38,activity_summary,character varying,,,,YES
ir_act_server,39,followers_type,character varying,,,,YES
ir_act_server,40,followers_partner_field_name,character varying,,,,YES
ir_act_server,41,mail_post_method,character varying,,,,YES
ir_act_server,42,activity_date_deadline_range_type,character varying,,,,YES
ir_act_server,43,activity_user_type,character varying,,,,YES
ir_act_server,44,activity_user_field_name,character varying,,,,YES
ir_act_server,45,activity_note,text,,,,YES
ir_act_server,46,mail_post_autofollow,boolean,,,,YES
ir_act_server,47,sms_template_id,integer,,32,0,YES
ir_act_server,48,sms_method,character varying,,,,YES
ir_act_server_group_rel,1,act_id,integer,,32,0,NO
ir_act_server_group_rel,2,gid,integer,,32,0,NO
ir_act_server_res_partner_rel,1,ir_act_server_id,integer,,32,0,NO
ir_act_server_res_partner_rel,2,res_partner_id,integer,,32,0,NO
ir_act_server_webhook_field_rel,1,server_id,integer,,32,0,NO
ir_act_server_webhook_field_rel,2,field_id,integer,,32,0,NO
ir_act_url,1,id,integer,,32,0,NO
ir_act_url,2,binding_model_id,integer,,32,0,YES
ir_act_url,3,create_uid,integer,,32,0,YES
ir_act_url,4,write_uid,integer,,32,0,YES
ir_act_url,5,type,character varying,,,,NO
ir_act_url,6,path,character varying,,,,YES
ir_act_url,7,binding_type,character varying,,,,NO
ir_act_url,8,binding_view_types,character varying,,,,YES
ir_act_url,9,name,jsonb,,,,NO
ir_act_url,10,help,jsonb,,,,YES
ir_act_url,11,create_date,timestamp without time zone,,,,YES
ir_act_url,12,write_date,timestamp without time zone,,,,YES
ir_act_url,13,target,character varying,,,,NO
ir_act_url,14,url,text,,,,NO
ir_act_window,1,id,integer,,32,0,NO
ir_act_window,2,binding_model_id,integer,,32,0,YES
ir_act_window,3,create_uid,integer,,32,0,YES
ir_act_window,4,write_uid,integer,,32,0,YES
ir_act_window,5,type,character varying,,,,NO
ir_act_window,6,path,character varying,,,,YES
ir_act_window,7,binding_type,character varying,,,,NO
ir_act_window,8,binding_view_types,character varying,,,,YES
ir_act_window,9,name,jsonb,,,,NO
ir_act_window,10,help,jsonb,,,,YES
ir_act_window,11,create_date,timestamp without time zone,,,,YES
ir_act_window,12,write_date,timestamp without time zone,,,,YES
ir_act_window,13,view_id,integer,,32,0,YES
ir_act_window,14,res_id,integer,,32,0,YES
ir_act_window,15,limit,integer,,32,0,YES
ir_act_window,16,search_view_id,integer,,32,0,YES
ir_act_window,17,domain,character varying,,,,YES
ir_act_window,18,context,character varying,,,,NO
ir_act_window,19,res_model,character varying,,,,NO
ir_act_window,20,target,character varying,,,,YES
ir_act_window,21,view_mode,character varying,,,,NO
ir_act_window,22,mobile_view_mode,character varying,,,,YES
ir_act_window,23,usage,character varying,,,,YES
ir_act_window,24,filter,boolean,,,,YES
ir_act_window,25,cache,boolean,,,,YES
ir_act_window_group_rel,1,act_id,integer,,32,0,NO
ir_act_window_group_rel,2,gid,integer,,32,0,NO
ir_act_window_view,1,id,integer,,32,0,NO
ir_act_window_view,2,sequence,integer,,32,0,YES
ir_act_window_view,3,view_id,integer,,32,0,YES
ir_act_window_view,4,act_window_id,integer,,32,0,YES
ir_act_window_view,5,create_uid,integer,,32,0,YES
ir_act_window_view,6,write_uid,integer,,32,0,YES
ir_act_window_view,7,view_mode,character varying,,,,NO
ir_act_window_view,8,multi,boolean,,,,YES
ir_act_window_view,9,create_date,timestamp without time zone,,,,YES
ir_act_window_view,10,write_date,timestamp without time zone,,,,YES
ir_actions,1,id,integer,,32,0,NO
ir_actions,2,binding_model_id,integer,,32,0,YES
ir_actions,3,create_uid,integer,,32,0,YES
ir_actions,4,write_uid,integer,,32,0,YES
ir_actions,5,type,character varying,,,,NO
ir_actions,6,path,character varying,,,,YES
ir_actions,7,binding_type,character varying,,,,NO
ir_actions,8,binding_view_types,character varying,,,,YES
ir_actions,9,name,jsonb,,,,NO
ir_actions,10,help,jsonb,,,,YES
ir_actions,11,create_date,timestamp without time zone,,,,YES
ir_actions,12,write_date,timestamp without time zone,,,,YES
ir_actions_server_history,1,id,integer,,32,0,NO
ir_actions_server_history,2,action_id,integer,,32,0,NO
ir_actions_server_history,3,create_uid,integer,,32,0,YES
ir_actions_server_history,4,write_uid,integer,,32,0,YES
ir_actions_server_history,5,code,text,,,,YES
ir_actions_server_history,6,create_date,timestamp without time zone,,,,YES
ir_actions_server_history,7,write_date,timestamp without time zone,,,,YES
ir_actions_todo,1,id,integer,,32,0,NO
ir_actions_todo,2,action_id,integer,,32,0,NO
ir_actions_todo,3,sequence,integer,,32,0,YES
ir_actions_todo,4,create_uid,integer,,32,0,YES
ir_actions_todo,5,write_uid,integer,,32,0,YES
ir_actions_todo,6,state,character varying,,,,NO
ir_actions_todo,7,name,character varying,,,,YES
ir_actions_todo,8,create_date,timestamp without time zone,,,,YES
ir_actions_todo,9,write_date,timestamp without time zone,,,,YES
ir_asset,1,id,integer,,32,0,NO
ir_asset,2,sequence,integer,,32,0,NO
ir_asset,3,create_uid,integer,,32,0,YES
ir_asset,4,write_uid,integer,,32,0,YES
ir_asset,5,name,character varying,,,,NO
ir_asset,6,bundle,character varying,,,,NO
ir_asset,7,directive,character varying,,,,YES
ir_asset,8,path,character varying,,,,NO
ir_asset,9,target,character varying,,,,YES
ir_asset,10,active,boolean,,,,YES
ir_asset,11,create_date,timestamp without time zone,,,,YES
ir_asset,12,write_date,timestamp without time zone,,,,YES
ir_attachment,1,id,integer,,32,0,NO
ir_attachment,2,res_id,integer,,32,0,YES
ir_attachment,3,company_id,integer,,32,0,YES
ir_attachment,4,file_size,integer,,32,0,YES
ir_attachment,5,create_uid,integer,,32,0,YES
ir_attachment,6,write_uid,integer,,32,0,YES
ir_attachment,7,name,character varying,,,,NO
ir_attachment,8,res_model,character varying,,,,YES
ir_attachment,9,res_field,character varying,,,,YES
ir_attachment,10,type,character varying,,,,NO
ir_attachment,11,url,character varying,1024,,,YES
ir_attachment,12,access_token,character varying,,,,YES
ir_attachment,13,store_fname,character varying,,,,YES
ir_attachment,14,checksum,character varying,40,,,YES
ir_attachment,15,mimetype,character varying,,,,YES
ir_attachment,16,description,text,,,,YES
ir_attachment,17,index_content,text,,,,YES
ir_attachment,18,public,boolean,,,,YES
ir_attachment,19,create_date,timestamp without time zone,,,,YES
ir_attachment,20,write_date,timestamp without time zone,,,,YES
ir_attachment,21,db_datas,bytea,,,,YES
ir_attachment,22,original_id,integer,,32,0,YES
ir_config_parameter,1,id,integer,,32,0,NO
ir_config_parameter,2,create_uid,integer,,32,0,YES
ir_config_parameter,3,write_uid,integer,,32,0,YES
ir_config_parameter,4,key,character varying,,,,NO
ir_config_parameter,5,value,text,,,,NO
ir_config_parameter,6,create_date,timestamp without time zone,,,,YES
ir_config_parameter,7,write_date,timestamp without time zone,,,,YES
ir_cron,1,id,integer,,32,0,NO
ir_cron,2,ir_actions_server_id,integer,,32,0,NO
ir_cron,3,user_id,integer,,32,0,NO
ir_cron,4,interval_number,integer,,32,0,NO
ir_cron,5,priority,integer,,32,0,YES
ir_cron,6,failure_count,integer,,32,0,YES
ir_cron,7,create_uid,integer,,32,0,YES
ir_cron,8,write_uid,integer,,32,0,YES
ir_cron,9,cron_name,character varying,,,,YES
ir_cron,10,interval_type,character varying,,,,NO
ir_cron,11,active,boolean,,,,YES
ir_cron,12,nextcall,timestamp without time zone,,,,NO
ir_cron,13,lastcall,timestamp without time zone,,,,YES
ir_cron,14,first_failure_date,timestamp without time zone,,,,YES
ir_cron,15,create_date,timestamp without time zone,,,,YES
ir_cron,16,write_date,timestamp without time zone,,,,YES
ir_cron_progress,1,id,integer,,32,0,NO
ir_cron_progress,2,cron_id,integer,,32,0,NO
ir_cron_progress,3,remaining,integer,,32,0,YES
ir_cron_progress,4,done,integer,,32,0,YES
ir_cron_progress,5,timed_out_counter,integer,,32,0,YES
ir_cron_progress,6,create_uid,integer,,32,0,YES
ir_cron_progress,7,write_uid,integer,,32,0,YES
ir_cron_progress,8,deactivate,boolean,,,,YES
ir_cron_progress,9,create_date,timestamp without time zone,,,,YES
ir_cron_progress,10,write_date,timestamp without time zone,,,,YES
ir_cron_trigger,1,id,integer,,32,0,NO
ir_cron_trigger,2,cron_id,integer,,32,0,NO
ir_cron_trigger,3,create_uid,integer,,32,0,YES
ir_cron_trigger,4,write_uid,integer,,32,0,YES
ir_cron_trigger,5,call_at,timestamp without time zone,,,,NO
ir_cron_trigger,6,create_date,timestamp without time zone,,,,YES
ir_cron_trigger,7,write_date,timestamp without time zone,,,,YES
ir_default,1,id,integer,,32,0,NO
ir_default,2,field_id,integer,,32,0,NO
ir_default,3,user_id,integer,,32,0,YES
ir_default,4,company_id,integer,,32,0,YES
ir_default,5,create_uid,integer,,32,0,YES
ir_default,6,write_uid,integer,,32,0,YES
ir_default,7,condition,character varying,,,,YES
ir_default,8,json_value,character varying,,,,NO
ir_default,9,create_date,timestamp without time zone,,,,YES
ir_default,10,write_date,timestamp without time zone,,,,YES
ir_demo,1,id,integer,,32,0,NO
ir_demo,2,create_uid,integer,,32,0,YES
ir_demo,3,write_uid,integer,,32,0,YES
ir_demo,4,create_date,timestamp without time zone,,,,YES
ir_demo,5,write_date,timestamp without time zone,,,,YES
ir_demo_failure,1,id,integer,,32,0,NO
ir_demo_failure,2,module_id,integer,,32,0,NO
ir_demo_failure,3,wizard_id,integer,,32,0,YES
ir_demo_failure,4,create_uid,integer,,32,0,YES
ir_demo_failure,5,write_uid,integer,,32,0,YES
ir_demo_failure,6,error,character varying,,,,YES
ir_demo_failure,7,create_date,timestamp without time zone,,,,YES
ir_demo_failure,8,write_date,timestamp without time zone,,,,YES
ir_demo_failure_wizard,1,id,integer,,32,0,NO
ir_demo_failure_wizard,2,create_uid,integer,,32,0,YES
ir_demo_failure_wizard,3,write_uid,integer,,32,0,YES
ir_demo_failure_wizard,4,create_date,timestamp without time zone,,,,YES
ir_demo_failure_wizard,5,write_date,timestamp without time zone,,,,YES
ir_embedded_actions,1,id,integer,,32,0,NO
ir_embedded_actions,2,sequence,integer,,32,0,YES
ir_embedded_actions,3,parent_action_id,integer,,32,0,NO
ir_embedded_actions,4,parent_res_id,integer,,32,0,YES
ir_embedded_actions,5,action_id,integer,,32,0,YES
ir_embedded_actions,6,user_id,integer,,32,0,YES
ir_embedded_actions,7,create_uid,integer,,32,0,YES
ir_embedded_actions,8,write_uid,integer,,32,0,YES
ir_embedded_actions,9,parent_res_model,character varying,,,,NO
ir_embedded_actions,10,python_method,character varying,,,,YES
ir_embedded_actions,11,default_view_mode,character varying,,,,YES
ir_embedded_actions,12,domain,character varying,,,,YES
ir_embedded_actions,13,context,character varying,,,,YES
ir_embedded_actions,14,name,jsonb,,,,YES
ir_embedded_actions,15,create_date,timestamp without time zone,,,,YES
ir_embedded_actions,16,write_date,timestamp without time zone,,,,YES
ir_embedded_actions_res_groups_rel,1,ir_embedded_actions_id,integer,,32,0,NO
ir_embedded_actions_res_groups_rel,2,res_groups_id,integer,,32,0,NO
ir_exports,1,id,integer,,32,0,NO
ir_exports,2,create_uid,integer,,32,0,YES
ir_exports,3,write_uid,integer,,32,0,YES
ir_exports,4,name,character varying,,,,YES
ir_exports,5,resource,character varying,,,,YES
ir_exports,6,create_date,timestamp without time zone,,,,YES
ir_exports,7,write_date,timestamp without time zone,,,,YES
ir_exports_line,1,id,integer,,32,0,NO
ir_exports_line,2,export_id,integer,,32,0,YES
ir_exports_line,3,create_uid,integer,,32,0,YES
ir_exports_line,4,write_uid,integer,,32,0,YES
ir_exports_line,5,name,character varying,,,,YES
ir_exports_line,6,create_date,timestamp without time zone,,,,YES
ir_exports_line,7,write_date,timestamp without time zone,,,,YES
ir_filters,1,id,integer,,32,0,NO
ir_filters,2,action_id,integer,,32,0,YES
ir_filters,3,embedded_action_id,integer,,32,0,YES
ir_filters,4,embedded_parent_res_id,integer,,32,0,YES
ir_filters,5,create_uid,integer,,32,0,YES
ir_filters,6,write_uid,integer,,32,0,YES
ir_filters,7,name,character varying,,,,NO
ir_filters,8,sort,character varying,,,,NO
ir_filters,9,model_id,character varying,,,,NO
ir_filters,10,domain,text,,,,NO
ir_filters,11,context,text,,,,NO
ir_filters,12,is_default,boolean,,,,YES
ir_filters,13,active,boolean,,,,YES
ir_filters,14,create_date,timestamp without time zone,,,,YES
ir_filters,15,write_date,timestamp without time zone,,,,YES
ir_filters_res_users_rel,1,ir_filters_id,integer,,32,0,NO
ir_filters_res_users_rel,2,res_users_id,integer,,32,0,NO
ir_logging,1,id,integer,,32,0,NO
ir_logging,2,create_uid,integer,,32,0,YES
ir_logging,3,write_uid,integer,,32,0,YES
ir_logging,4,name,character varying,,,,NO
ir_logging,5,type,character varying,,,,NO
ir_logging,6,dbname,character varying,,,,YES
ir_logging,7,level,character varying,,,,YES
ir_logging,8,path,character varying,,,,NO
ir_logging,9,func,character varying,,,,NO
ir_logging,10,line,character varying,,,,NO
ir_logging,11,message,text,,,,NO
ir_logging,12,create_date,timestamp without time zone,,,,YES
ir_logging,13,write_date,timestamp without time zone,,,,YES
ir_mail_server,1,id,integer,,32,0,NO
ir_mail_server,2,smtp_port,integer,,32,0,YES
ir_mail_server,3,sequence,integer,,32,0,YES
ir_mail_server,4,create_uid,integer,,32,0,YES
ir_mail_server,5,write_uid,integer,,32,0,YES
ir_mail_server,6,name,character varying,,,,NO
ir_mail_server,7,from_filter,character varying,,,,YES
ir_mail_server,8,smtp_host,character varying,,,,YES
ir_mail_server,9,smtp_authentication,character varying,,,,NO
ir_mail_server,10,smtp_user,character varying,,,,YES
ir_mail_server,11,smtp_pass,character varying,,,,YES
ir_mail_server,12,smtp_encryption,character varying,,,,NO
ir_mail_server,13,smtp_debug,boolean,,,,YES
ir_mail_server,14,active,boolean,,,,YES
ir_mail_server,15,create_date,timestamp without time zone,,,,YES
ir_mail_server,16,write_date,timestamp without time zone,,,,YES
ir_mail_server,17,max_email_size,double precision,,53,,YES
ir_mail_server,18,smtp_ssl_certificate,bytea,,,,YES
ir_mail_server,19,smtp_ssl_private_key,bytea,,,,YES
ir_mail_server,20,owner_user_id,integer,,32,0,YES
ir_mail_server,21,owner_limit_count,integer,,32,0,YES
ir_mail_server,22,owner_limit_time,timestamp without time zone,,,,YES
ir_mail_server,23,google_gmail_access_token_expiration,integer,,32,0,YES
ir_mail_server,24,google_gmail_refresh_token,character varying,,,,YES
ir_mail_server,25,google_gmail_access_token,character varying,,,,YES
ir_mail_server,26,microsoft_outlook_access_token_expiration,integer,,32,0,YES
ir_mail_server,27,microsoft_outlook_refresh_token,character varying,,,,YES
ir_mail_server,28,microsoft_outlook_access_token,character varying,,,,YES
ir_model,1,id,integer,,32,0,NO
ir_model,2,create_uid,integer,,32,0,YES
ir_model,3,write_uid,integer,,32,0,YES
ir_model,4,model,character varying,,,,NO
ir_model,5,order,character varying,,,,NO
ir_model,6,state,character varying,,,,YES
ir_model,7,fold_name,character varying,,,,YES
ir_model,8,name,jsonb,,,,NO
ir_model,9,info,text,,,,YES
ir_model,10,abstract,boolean,,,,YES
ir_model,11,transient,boolean,,,,YES
ir_model,12,create_date,timestamp without time zone,,,,YES
ir_model,13,write_date,timestamp without time zone,,,,YES
ir_model,14,is_mail_thread,boolean,,,,YES
ir_model,15,is_mail_activity,boolean,,,,YES
ir_model,16,is_mail_blacklist,boolean,,,,YES
ir_model_access,1,id,integer,,32,0,NO
ir_model_access,2,model_id,integer,,32,0,NO
ir_model_access,3,group_id,integer,,32,0,YES
ir_model_access,4,create_uid,integer,,32,0,YES
ir_model_access,5,write_uid,integer,,32,0,YES
ir_model_access,6,name,character varying,,,,NO
ir_model_access,7,active,boolean,,,,YES
ir_model_access,8,perm_read,boolean,,,,YES
ir_model_access,9,perm_write,boolean,,,,YES
ir_model_access,10,perm_create,boolean,,,,YES
ir_model_access,11,perm_unlink,boolean,,,,YES
ir_model_access,12,create_date,timestamp without time zone,,,,YES
ir_model_access,13,write_date,timestamp without time zone,,,,YES
ir_model_constraint,1,id,integer,,32,0,NO
ir_model_constraint,2,model,integer,,32,0,NO
ir_model_constraint,3,module,integer,,32,0,NO
ir_model_constraint,4,create_uid,integer,,32,0,YES
ir_model_constraint,5,write_uid,integer,,32,0,YES
ir_model_constraint,6,name,character varying,,,,NO
ir_model_constraint,7,definition,character varying,,,,YES
ir_model_constraint,8,type,character varying,1,,,NO
ir_model_constraint,9,message,jsonb,,,,YES
ir_model_constraint,10,create_date,timestamp without time zone,,,,YES
ir_model_constraint,11,write_date,timestamp without time zone,,,,YES
ir_model_data,1,id,integer,,32,0,NO
ir_model_data,2,create_uid,integer,,32,0,YES
ir_model_data,3,create_date,timestamp without time zone,,,,YES
ir_model_data,4,write_date,timestamp without time zone,,,,YES
ir_model_data,5,write_uid,integer,,32,0,YES
ir_model_data,6,res_id,integer,,32,0,YES
ir_model_data,7,noupdate,boolean,,,,YES
ir_model_data,8,name,character varying,,,,NO
ir_model_data,9,module,character varying,,,,NO
ir_model_data,10,model,character varying,,,,NO
ir_model_fields,1,id,integer,,32,0,NO
ir_model_fields,2,relation_field_id,integer,,32,0,YES
ir_model_fields,3,model_id,integer,,32,0,NO
ir_model_fields,4,related_field_id,integer,,32,0,YES
ir_model_fields,5,size,integer,,32,0,YES
ir_model_fields,6,create_uid,integer,,32,0,YES
ir_model_fields,7,write_uid,integer,,32,0,YES
ir_model_fields,8,name,character varying,,,,NO
ir_model_fields,9,model,character varying,,,,NO
ir_model_fields,10,relation,character varying,,,,YES
ir_model_fields,11,relation_field,character varying,,,,YES
ir_model_fields,12,ttype,character varying,,,,NO
ir_model_fields,13,related,character varying,,,,YES
ir_model_fields,14,translate,character varying,,,,YES
ir_model_fields,15,state,character varying,,,,NO
ir_model_fields,16,on_delete,character varying,,,,YES
ir_model_fields,17,domain,character varying,,,,YES
ir_model_fields,18,relation_table,character varying,,,,YES
ir_model_fields,19,column1,character varying,,,,YES
ir_model_fields,20,column2,character varying,,,,YES
ir_model_fields,21,depends,character varying,,,,YES
ir_model_fields,22,currency_field,character varying,,,,YES
ir_model_fields,23,field_description,jsonb,,,,NO
ir_model_fields,24,help,jsonb,,,,YES
ir_model_fields,25,compute,text,,,,YES
ir_model_fields,26,copied,boolean,,,,YES
ir_model_fields,27,required,boolean,,,,YES
ir_model_fields,28,readonly,boolean,,,,YES
ir_model_fields,29,index,boolean,,,,YES
ir_model_fields,30,company_dependent,boolean,,,,YES
ir_model_fields,31,group_expand,boolean,,,,YES
ir_model_fields,32,selectable,boolean,,,,YES
ir_model_fields,33,store,boolean,,,,YES
ir_model_fields,34,sanitize,boolean,,,,YES
ir_model_fields,35,sanitize_overridable,boolean,,,,YES
ir_model_fields,36,sanitize_tags,boolean,,,,YES
ir_model_fields,37,sanitize_attributes,boolean,,,,YES
ir_model_fields,38,sanitize_style,boolean,,,,YES
ir_model_fields,39,sanitize_form,boolean,,,,YES
ir_model_fields,40,strip_style,boolean,,,,YES
ir_model_fields,41,strip_classes,boolean,,,,YES
ir_model_fields,42,create_date,timestamp without time zone,,,,YES
ir_model_fields,43,write_date,timestamp without time zone,,,,YES
ir_model_fields,44,tracking,integer,,32,0,YES
ir_model_fields_group_rel,1,field_id,integer,,32,0,NO
ir_model_fields_group_rel,2,group_id,integer,,32,0,NO
ir_model_fields_selection,1,id,integer,,32,0,NO
ir_model_fields_selection,2,field_id,integer,,32,0,NO
ir_model_fields_selection,3,sequence,integer,,32,0,YES
ir_model_fields_selection,4,create_uid,integer,,32,0,YES
ir_model_fields_selection,5,write_uid,integer,,32,0,YES
ir_model_fields_selection,6,value,character varying,,,,NO
ir_model_fields_selection,7,name,jsonb,,,,NO
ir_model_fields_selection,8,create_date,timestamp without time zone,,,,YES
ir_model_fields_selection,9,write_date,timestamp without time zone,,,,YES
ir_model_inherit,1,id,integer,,32,0,NO
ir_model_inherit,2,model_id,integer,,32,0,NO
ir_model_inherit,3,parent_id,integer,,32,0,NO
ir_model_inherit,4,parent_field_id,integer,,32,0,YES
ir_model_relation,1,id,integer,,32,0,NO
ir_model_relation,2,model,integer,,32,0,NO
ir_model_relation,3,module,integer,,32,0,NO
ir_model_relation,4,create_uid,integer,,32,0,YES
ir_model_relation,5,write_uid,integer,,32,0,YES
ir_model_relation,6,name,character varying,,,,NO
ir_model_relation,7,write_date,timestamp without time zone,,,,YES
ir_model_relation,8,create_date,timestamp without time zone,,,,YES
ir_model_spreadsheet_dashboard_rel,1,spreadsheet_dashboard_id,integer,,32,0,NO
ir_model_spreadsheet_dashboard_rel,2,ir_model_id,integer,,32,0,NO
ir_module_category,1,id,integer,,32,0,NO
ir_module_category,2,create_uid,integer,,32,0,YES
ir_module_category,3,create_date,timestamp without time zone,,,,YES
ir_module_category,4,write_date,timestamp without time zone,,,,YES
ir_module_category,5,write_uid,integer,,32,0,YES
ir_module_category,6,parent_id,integer,,32,0,YES
ir_module_category,7,name,jsonb,,,,NO
ir_module_category,8,sequence,integer,,32,0,YES
ir_module_category,9,description,jsonb,,,,YES
ir_module_category,10,visible,boolean,,,,YES
ir_module_category,11,exclusive,boolean,,,,YES
ir_module_module,1,id,integer,,32,0,NO
ir_module_module,2,create_uid,integer,,32,0,YES
ir_module_module,3,create_date,timestamp without time zone,,,,YES
ir_module_module,4,write_date,timestamp without time zone,,,,YES
ir_module_module,5,write_uid,integer,,32,0,YES
ir_module_module,6,website,character varying,,,,YES
ir_module_module,7,summary,jsonb,,,,YES
ir_module_module,8,name,character varying,,,,NO
ir_module_module,9,author,character varying,,,,YES
ir_module_module,10,icon,character varying,,,,YES
ir_module_module,11,state,character varying,16,,,YES
ir_module_module,12,latest_version,character varying,,,,YES
ir_module_module,13,shortdesc,jsonb,,,,YES
ir_module_module,14,category_id,integer,,32,0,YES
ir_module_module,15,description,jsonb,,,,YES
ir_module_module,16,application,boolean,,,,YES
ir_module_module,17,demo,boolean,,,,YES
ir_module_module,18,web,boolean,,,,YES
ir_module_module,19,license,character varying,32,,,YES
ir_module_module,20,sequence,integer,,32,0,YES
ir_module_module,21,auto_install,boolean,,,,YES
ir_module_module,22,to_buy,boolean,,,,YES
ir_module_module,23,maintainer,character varying,,,,YES
ir_module_module,24,published_version,character varying,,,,YES
ir_module_module,25,url,character varying,,,,YES
ir_module_module,26,contributors,text,,,,YES
ir_module_module,27,menus_by_module,text,,,,YES
ir_module_module,28,reports_by_module,text,,,,YES
ir_module_module,29,views_by_module,text,,,,YES
ir_module_module,30,module_type,character varying,,,,YES
ir_module_module,31,imported,boolean,,,,YES
ir_module_module_dependency,1,id,integer,,32,0,NO
ir_module_module_dependency,2,name,character varying,,,,YES
ir_module_module_dependency,3,module_id,integer,,32,0,YES
ir_module_module_dependency,4,auto_install_required,boolean,,,,YES
ir_module_module_exclusion,1,id,integer,,32,0,NO
ir_module_module_exclusion,2,module_id,integer,,32,0,YES
ir_module_module_exclusion,3,create_uid,integer,,32,0,YES
ir_module_module_exclusion,4,write_uid,integer,,32,0,YES
ir_module_module_exclusion,5,name,character varying,,,,YES
ir_module_module_exclusion,6,create_date,timestamp without time zone,,,,YES
ir_module_module_exclusion,7,write_date,timestamp without time zone,,,,YES
ir_profile,1,id,integer,,32,0,NO
ir_profile,2,sql_count,integer,,32,0,YES
ir_profile,3,entry_count,integer,,32,0,YES
ir_profile,4,session,character varying,,,,YES
ir_profile,5,name,character varying,,,,YES
ir_profile,6,init_stack_trace,text,,,,YES
ir_profile,7,sql,text,,,,YES
ir_profile,8,traces_async,text,,,,YES
ir_profile,9,traces_sync,text,,,,YES
ir_profile,10,others,text,,,,YES
ir_profile,11,qweb,text,,,,YES
ir_profile,12,duration,numeric,,,,YES
ir_profile,13,cpu_duration,numeric,,,,YES
ir_profile,14,create_date,timestamp without time zone,,,,YES
ir_rule,1,id,integer,,32,0,NO
ir_rule,2,model_id,integer,,32,0,NO
ir_rule,3,create_uid,integer,,32,0,YES
ir_rule,4,write_uid,integer,,32,0,YES
ir_rule,5,name,character varying,,,,YES
ir_rule,6,domain_force,text,,,,YES
ir_rule,7,active,boolean,,,,YES
ir_rule,8,perm_read,boolean,,,,YES
ir_rule,9,perm_write,boolean,,,,YES
ir_rule,10,perm_create,boolean,,,,YES
ir_rule,11,perm_unlink,boolean,,,,YES
ir_rule,12,global,boolean,,,,YES
ir_rule,13,create_date,timestamp without time zone,,,,YES
ir_rule,14,write_date,timestamp without time zone,,,,YES
ir_sequence,1,id,integer,,32,0,NO
ir_sequence,2,number_next,integer,,32,0,NO
ir_sequence,3,number_increment,integer,,32,0,NO
ir_sequence,4,padding,integer,,32,0,NO
ir_sequence,5,company_id,integer,,32,0,YES
ir_sequence,6,create_uid,integer,,32,0,YES
ir_sequence,7,write_uid,integer,,32,0,YES
ir_sequence,8,name,character varying,,,,NO
ir_sequence,9,code,character varying,,,,YES
ir_sequence,10,implementation,character varying,,,,NO
ir_sequence,11,prefix,character varying,,,,YES
ir_sequence,12,suffix,character varying,,,,YES
ir_sequence,13,active,boolean,,,,YES
ir_sequence,14,use_date_range,boolean,,,,YES
ir_sequence,15,create_date,timestamp without time zone,,,,YES
ir_sequence,16,write_date,timestamp without time zone,,,,YES
ir_sequence_date_range,1,id,integer,,32,0,NO
ir_sequence_date_range,2,sequence_id,integer,,32,0,NO
ir_sequence_date_range,3,number_next,integer,,32,0,NO
ir_sequence_date_range,4,create_uid,integer,,32,0,YES
ir_sequence_date_range,5,write_uid,integer,,32,0,YES
ir_sequence_date_range,6,date_from,date,,,,NO
ir_sequence_date_range,7,date_to,date,,,,NO
ir_sequence_date_range,8,create_date,timestamp without time zone,,,,YES
ir_sequence_date_range,9,write_date,timestamp without time zone,,,,YES
ir_ui_menu,1,id,integer,,32,0,NO
ir_ui_menu,2,sequence,integer,,32,0,YES
ir_ui_menu,3,parent_id,integer,,32,0,YES
ir_ui_menu,4,create_uid,integer,,32,0,YES
ir_ui_menu,5,write_uid,integer,,32,0,YES
ir_ui_menu,6,parent_path,character varying,,,,YES
ir_ui_menu,7,web_icon,character varying,,,,YES
ir_ui_menu,8,action,character varying,,,,YES
ir_ui_menu,9,name,jsonb,,,,NO
ir_ui_menu,10,active,boolean,,,,YES
ir_ui_menu,11,create_date,timestamp without time zone,,,,YES
ir_ui_menu,12,write_date,timestamp without time zone,,,,YES
ir_ui_menu,13,recent_menu_sequence,integer,,32,0,YES
ir_ui_menu,14,order_changed,boolean,,,,YES
ir_ui_menu_group_rel,1,menu_id,integer,,32,0,NO
ir_ui_menu_group_rel,2,gid,integer,,32,0,NO
ir_ui_view,1,id,integer,,32,0,NO
ir_ui_view,2,priority,integer,,32,0,NO
ir_ui_view,3,inherit_id,integer,,32,0,YES
ir_ui_view,4,create_uid,integer,,32,0,YES
ir_ui_view,5,write_uid,integer,,32,0,YES
ir_ui_view,6,name,character varying,,,,NO
ir_ui_view,7,model,character varying,,,,YES
ir_ui_view,8,key,character varying,,,,YES
ir_ui_view,9,type,character varying,,,,YES
ir_ui_view,10,arch_fs,character varying,,,,YES
ir_ui_view,11,mode,character varying,,,,NO
ir_ui_view,12,arch_db,jsonb,,,,YES
ir_ui_view,13,arch_prev,text,,,,YES
ir_ui_view,14,arch_updated,boolean,,,,YES
ir_ui_view,15,active,boolean,,,,YES
ir_ui_view,16,create_date,timestamp without time zone,,,,YES
ir_ui_view,17,write_date,timestamp without time zone,,,,YES
ir_ui_view,18,customize_show,boolean,,,,YES
ir_ui_view_custom,1,id,integer,,32,0,NO
ir_ui_view_custom,2,ref_id,integer,,32,0,NO
ir_ui_view_custom,3,user_id,integer,,32,0,NO
ir_ui_view_custom,4,create_uid,integer,,32,0,YES
ir_ui_view_custom,5,write_uid,integer,,32,0,YES
ir_ui_view_custom,6,arch,text,,,,NO
ir_ui_view_custom,7,create_date,timestamp without time zone,,,,YES
ir_ui_view_custom,8,write_date,timestamp without time zone,,,,YES
ir_ui_view_group_rel,1,view_id,integer,,32,0,NO
ir_ui_view_group_rel,2,group_id,integer,,32,0,NO
job_add_applicants,1,id,integer,,32,0,NO
job_add_applicants,2,create_uid,integer,,32,0,YES
job_add_applicants,3,write_uid,integer,,32,0,YES
job_add_applicants,4,create_date,timestamp without time zone,,,,YES
job_add_applicants,5,write_date,timestamp without time zone,,,,YES
job_favorite_user_rel,1,job_id,integer,,32,0,NO
job_favorite_user_rel,2,user_id,integer,,32,0,NO
l10n_in_hr_leave_optional_holiday,1,id,integer,,32,0,NO
l10n_in_hr_leave_optional_holiday,2,company_id,integer,,32,0,NO
l10n_in_hr_leave_optional_holiday,3,create_uid,integer,,32,0,YES
l10n_in_hr_leave_optional_holiday,4,write_uid,integer,,32,0,YES
l10n_in_hr_leave_optional_holiday,5,name,character varying,,,,NO
l10n_in_hr_leave_optional_holiday,6,date,date,,,,NO
l10n_in_hr_leave_optional_holiday,7,create_date,timestamp without time zone,,,,YES
l10n_in_hr_leave_optional_holiday,8,write_date,timestamp without time zone,,,,YES
l10n_in_pan_entity,1,id,integer,,32,0,NO
l10n_in_pan_entity,2,create_uid,integer,,32,0,YES
l10n_in_pan_entity,3,write_uid,integer,,32,0,YES
l10n_in_pan_entity,4,name,character varying,,,,NO
l10n_in_pan_entity,5,type,character varying,,,,YES
l10n_in_pan_entity,6,tds_deduction,character varying,,,,YES
l10n_in_pan_entity,7,tds_certificate_filename,character varying,,,,YES
l10n_in_pan_entity,8,msme_type,character varying,,,,YES
l10n_in_pan_entity,9,msme_number,character varying,,,,YES
l10n_in_pan_entity,10,create_date,timestamp without time zone,,,,YES
l10n_in_pan_entity,11,write_date,timestamp without time zone,,,,YES
l10n_in_port_code,1,id,integer,,32,0,NO
l10n_in_port_code,2,state_id,integer,,32,0,YES
l10n_in_port_code,3,create_uid,integer,,32,0,YES
l10n_in_port_code,4,write_uid,integer,,32,0,YES
l10n_in_port_code,5,code,character varying,,,,NO
l10n_in_port_code,6,name,character varying,,,,NO
l10n_in_port_code,7,create_date,timestamp without time zone,,,,YES
l10n_in_port_code,8,write_date,timestamp without time zone,,,,YES
l10n_in_section_alert,1,id,integer,,32,0,NO
l10n_in_section_alert,2,tax_report_line_id,integer,,32,0,YES
l10n_in_section_alert,3,create_uid,integer,,32,0,YES
l10n_in_section_alert,4,write_uid,integer,,32,0,YES
l10n_in_section_alert,5,name,character varying,,,,YES
l10n_in_section_alert,6,tax_source_type,character varying,,,,YES
l10n_in_section_alert,7,consider_amount,character varying,,,,NO
l10n_in_section_alert,8,aggregate_period,character varying,,,,YES
l10n_in_section_alert,9,is_per_transaction_limit,boolean,,,,YES
l10n_in_section_alert,10,is_aggregate_limit,boolean,,,,YES
l10n_in_section_alert,11,create_date,timestamp without time zone,,,,YES
l10n_in_section_alert,12,write_date,timestamp without time zone,,,,YES
l10n_in_section_alert,13,per_transaction_limit,double precision,,53,,YES
l10n_in_section_alert,14,aggregate_limit,double precision,,53,,YES
l10n_in_withhold_wizard,1,id,integer,,32,0,NO
l10n_in_withhold_wizard,2,related_move_id,integer,,32,0,YES
l10n_in_withhold_wizard,3,related_payment_id,integer,,32,0,YES
l10n_in_withhold_wizard,4,journal_id,integer,,32,0,NO
l10n_in_withhold_wizard,5,tax_id,integer,,32,0,NO
l10n_in_withhold_wizard,6,create_uid,integer,,32,0,YES
l10n_in_withhold_wizard,7,write_uid,integer,,32,0,YES
l10n_in_withhold_wizard,8,reference,character varying,,,,YES
l10n_in_withhold_wizard,9,date,date,,,,YES
l10n_in_withhold_wizard,10,base,numeric,,,,YES
l10n_in_withhold_wizard,11,create_date,timestamp without time zone,,,,YES
l10n_in_withhold_wizard,12,write_date,timestamp without time zone,,,,YES
mail_activity,1,id,integer,,32,0,NO
mail_activity,2,res_model_id,integer,,32,0,YES
mail_activity,3,res_id,integer,,32,0,YES
mail_activity,4,activity_type_id,integer,,32,0,YES
mail_activity,5,user_id,integer,,32,0,YES
mail_activity,6,recommended_activity_type_id,integer,,32,0,YES
mail_activity,7,previous_activity_type_id,integer,,32,0,YES
mail_activity,8,create_uid,integer,,32,0,YES
mail_activity,9,write_uid,integer,,32,0,YES
mail_activity,10,res_model,character varying,,,,YES
mail_activity,11,res_name,character varying,,,,YES
mail_activity,12,summary,character varying,,,,YES
mail_activity,13,user_tz,character varying,,,,YES
mail_activity,14,date_deadline,date,,,,NO
mail_activity,15,date_done,date,,,,YES
mail_activity,16,note,text,,,,YES
mail_activity,17,feedback,text,,,,YES
mail_activity,18,automated,boolean,,,,YES
mail_activity,19,active,boolean,,,,YES
mail_activity,20,create_date,timestamp without time zone,,,,YES
mail_activity,21,write_date,timestamp without time zone,,,,YES
mail_activity,22,calendar_event_id,integer,,32,0,YES
mail_activity_plan,1,id,integer,,32,0,NO
mail_activity_plan,2,company_id,integer,,32,0,YES
mail_activity_plan,3,res_model_id,integer,,32,0,NO
mail_activity_plan,4,create_uid,integer,,32,0,YES
mail_activity_plan,5,write_uid,integer,,32,0,YES
mail_activity_plan,6,name,character varying,,,,NO
mail_activity_plan,7,res_model,character varying,,,,NO
mail_activity_plan,8,active,boolean,,,,YES
mail_activity_plan,9,create_date,timestamp without time zone,,,,YES
mail_activity_plan,10,write_date,timestamp without time zone,,,,YES
mail_activity_plan,11,department_id,integer,,32,0,YES
mail_activity_plan_mail_activity_schedule_rel,1,mail_activity_schedule_id,integer,,32,0,NO
mail_activity_plan_mail_activity_schedule_rel,2,mail_activity_plan_id,integer,,32,0,NO
mail_activity_plan_template,1,id,integer,,32,0,NO
mail_activity_plan_template,2,plan_id,integer,,32,0,NO
mail_activity_plan_template,3,sequence,integer,,32,0,YES
mail_activity_plan_template,4,activity_type_id,integer,,32,0,NO
mail_activity_plan_template,5,delay_count,integer,,32,0,YES
mail_activity_plan_template,6,responsible_id,integer,,32,0,YES
mail_activity_plan_template,7,create_uid,integer,,32,0,YES
mail_activity_plan_template,8,write_uid,integer,,32,0,YES
mail_activity_plan_template,9,delay_unit,character varying,,,,NO
mail_activity_plan_template,10,delay_from,character varying,,,,NO
mail_activity_plan_template,11,summary,character varying,,,,YES
mail_activity_plan_template,12,responsible_type,character varying,,,,NO
mail_activity_plan_template,13,note,text,,,,YES
mail_activity_plan_template,14,create_date,timestamp without time zone,,,,YES
mail_activity_plan_template,15,write_date,timestamp without time zone,,,,YES
mail_activity_plan_template_mail_activity_type_rel,1,mail_activity_plan_template_id,integer,,32,0,NO
mail_activity_plan_template_mail_activity_type_rel,2,mail_activity_type_id,integer,,32,0,NO
mail_activity_rel,1,activity_id,integer,,32,0,NO
mail_activity_rel,2,recommended_id,integer,,32,0,NO
mail_activity_schedule,1,id,integer,,32,0,NO
mail_activity_schedule,2,res_model_id,integer,,32,0,YES
mail_activity_schedule,3,plan_id,integer,,32,0,YES
mail_activity_schedule,4,plan_on_demand_user_id,integer,,32,0,YES
mail_activity_schedule,5,activity_type_id,integer,,32,0,YES
mail_activity_schedule,6,activity_user_id,integer,,32,0,YES
mail_activity_schedule,7,create_uid,integer,,32,0,YES
mail_activity_schedule,8,write_uid,integer,,32,0,YES
mail_activity_schedule,9,res_model,character varying,,,,YES
mail_activity_schedule,10,summary,character varying,,,,YES
mail_activity_schedule,11,plan_date,date,,,,YES
mail_activity_schedule,12,date_deadline,date,,,,YES
mail_activity_schedule,13,res_ids,text,,,,YES
mail_activity_schedule,14,note,text,,,,YES
mail_activity_schedule,15,create_date,timestamp without time zone,,,,YES
mail_activity_schedule,16,write_date,timestamp without time zone,,,,YES
mail_activity_schedule_line,1,id,integer,,32,0,NO
mail_activity_schedule_line,2,activity_schedule_id,integer,,32,0,NO
mail_activity_schedule_line,3,responsible_user_id,integer,,32,0,YES
mail_activity_schedule_line,4,create_uid,integer,,32,0,YES
mail_activity_schedule_line,5,write_uid,integer,,32,0,YES
mail_activity_schedule_line,6,line_description,character varying,,,,YES
mail_activity_schedule_line,7,line_date_deadline,date,,,,YES
mail_activity_schedule_line,8,create_date,timestamp without time zone,,,,YES
mail_activity_schedule_line,9,write_date,timestamp without time zone,,,,YES
mail_activity_todo_create,1,id,integer,,32,0,NO
mail_activity_todo_create,2,user_id,integer,,32,0,NO
mail_activity_todo_create,3,create_uid,integer,,32,0,YES
mail_activity_todo_create,4,write_uid,integer,,32,0,YES
mail_activity_todo_create,5,summary,character varying,,,,YES
mail_activity_todo_create,6,date_deadline,date,,,,NO
mail_activity_todo_create,7,note,text,,,,YES
mail_activity_todo_create,8,create_date,timestamp without time zone,,,,YES
mail_activity_todo_create,9,write_date,timestamp without time zone,,,,YES
mail_activity_type,1,id,integer,,32,0,NO
mail_activity_type,2,sequence,integer,,32,0,YES
mail_activity_type,3,create_uid,integer,,32,0,YES
mail_activity_type,4,delay_count,integer,,32,0,YES
mail_activity_type,5,triggered_next_type_id,integer,,32,0,YES
mail_activity_type,6,default_user_id,integer,,32,0,YES
mail_activity_type,7,write_uid,integer,,32,0,YES
mail_activity_type,8,delay_unit,character varying,,,,NO
mail_activity_type,9,delay_from,character varying,,,,NO
mail_activity_type,10,icon,character varying,,,,YES
mail_activity_type,11,decoration_type,character varying,,,,YES
mail_activity_type,12,res_model,character varying,,,,YES
mail_activity_type,13,chaining_type,character varying,,,,NO
mail_activity_type,14,category,character varying,,,,YES
mail_activity_type,15,name,jsonb,,,,NO
mail_activity_type,16,summary,jsonb,,,,YES
mail_activity_type,17,default_note,jsonb,,,,YES
mail_activity_type,18,active,boolean,,,,YES
mail_activity_type,19,create_date,timestamp without time zone,,,,YES
mail_activity_type,20,write_date,timestamp without time zone,,,,YES
mail_activity_type_mail_template_rel,1,mail_activity_type_id,integer,,32,0,NO
mail_activity_type_mail_template_rel,2,mail_template_id,integer,,32,0,NO
mail_alias,1,id,integer,,32,0,NO
mail_alias,2,alias_domain_id,integer,,32,0,YES
mail_alias,3,alias_model_id,integer,,32,0,NO
mail_alias,4,alias_force_thread_id,integer,,32,0,YES
mail_alias,5,alias_parent_model_id,integer,,32,0,YES
mail_alias,6,alias_parent_thread_id,integer,,32,0,YES
mail_alias,7,create_uid,integer,,32,0,YES
mail_alias,8,write_uid,integer,,32,0,YES
mail_alias,9,alias_name,character varying,,,,YES
mail_alias,10,alias_full_name,character varying,,,,YES
mail_alias,11,alias_contact,character varying,,,,NO
mail_alias,12,alias_status,character varying,,,,YES
mail_alias,13,alias_bounced_content,jsonb,,,,YES
mail_alias,14,alias_defaults,text,,,,NO
mail_alias,15,alias_incoming_local,boolean,,,,YES
mail_alias,16,create_date,timestamp without time zone,,,,YES
mail_alias,17,write_date,timestamp without time zone,,,,YES
mail_alias_domain,1,id,integer,,32,0,NO
mail_alias_domain,2,sequence,integer,,32,0,YES
mail_alias_domain,3,create_uid,integer,,32,0,YES
mail_alias_domain,4,write_uid,integer,,32,0,YES
mail_alias_domain,5,name,character varying,,,,NO
mail_alias_domain,6,bounce_alias,character varying,,,,NO
mail_alias_domain,7,catchall_alias,character varying,,,,NO
mail_alias_domain,8,default_from,character varying,,,,YES
mail_alias_domain,9,create_date,timestamp without time zone,,,,YES
mail_alias_domain,10,write_date,timestamp without time zone,,,,YES
mail_blacklist,1,id,integer,,32,0,NO
mail_blacklist,2,create_uid,integer,,32,0,YES
mail_blacklist,3,write_uid,integer,,32,0,YES
mail_blacklist,4,email,character varying,,,,NO
mail_blacklist,5,active,boolean,,,,YES
mail_blacklist,6,create_date,timestamp without time zone,,,,YES
mail_blacklist,7,write_date,timestamp without time zone,,,,YES
mail_blacklist_remove,1,id,integer,,32,0,NO
mail_blacklist_remove,2,create_uid,integer,,32,0,YES
mail_blacklist_remove,3,write_uid,integer,,32,0,YES
mail_blacklist_remove,4,email,character varying,,,,NO
mail_blacklist_remove,5,reason,character varying,,,,YES
mail_blacklist_remove,6,create_date,timestamp without time zone,,,,YES
mail_blacklist_remove,7,write_date,timestamp without time zone,,,,YES
mail_canned_response,1,id,integer,,32,0,NO
mail_canned_response,2,create_uid,integer,,32,0,YES
mail_canned_response,3,write_uid,integer,,32,0,YES
mail_canned_response,4,source,character varying,,,,NO
mail_canned_response,5,substitution,text,,,,NO
mail_canned_response,6,is_shared,boolean,,,,YES
mail_canned_response,7,last_used,timestamp without time zone,,,,YES
mail_canned_response,8,create_date,timestamp without time zone,,,,YES
mail_canned_response,9,write_date,timestamp without time zone,,,,YES
mail_canned_response_res_groups_rel,1,mail_canned_response_id,integer,,32,0,NO
mail_canned_response_res_groups_rel,2,res_groups_id,integer,,32,0,NO
mail_compose_message,1,id,integer,,32,0,NO
mail_compose_message,2,template_id,integer,,32,0,YES
mail_compose_message,3,parent_id,integer,,32,0,YES
mail_compose_message,4,author_id,integer,,32,0,YES
mail_compose_message,5,res_domain_user_id,integer,,32,0,YES
mail_compose_message,6,record_alias_domain_id,integer,,32,0,YES
mail_compose_message,7,record_company_id,integer,,32,0,YES
mail_compose_message,8,subtype_id,integer,,32,0,YES
mail_compose_message,9,mail_activity_type_id,integer,,32,0,YES
mail_compose_message,10,mail_server_id,integer,,32,0,YES
mail_compose_message,11,create_uid,integer,,32,0,YES
mail_compose_message,12,write_uid,integer,,32,0,YES
mail_compose_message,13,lang,character varying,,,,YES
mail_compose_message,14,subject,character varying,,,,YES
mail_compose_message,15,email_layout_xmlid,character varying,,,,YES
mail_compose_message,16,email_from,character varying,,,,YES
mail_compose_message,17,composition_mode,character varying,,,,YES
mail_compose_message,18,composition_comment_option,character varying,,,,YES
mail_compose_message,19,model,character varying,,,,YES
mail_compose_message,20,message_type,character varying,,,,NO
mail_compose_message,21,reply_to,character varying,,,,YES
mail_compose_message,22,scheduled_date,character varying,,,,YES
mail_compose_message,23,template_name,character varying,,,,YES
mail_compose_message,24,body,text,,,,YES
mail_compose_message,25,res_ids,text,,,,YES
mail_compose_message,26,res_domain,text,,,,YES
mail_compose_message,27,email_add_signature,boolean,,,,YES
mail_compose_message,28,reply_to_force_new,boolean,,,,YES
mail_compose_message,29,auto_delete,boolean,,,,YES
mail_compose_message,30,auto_delete_keep_log,boolean,,,,YES
mail_compose_message,31,force_send,boolean,,,,YES
mail_compose_message,32,notify_author,boolean,,,,YES
mail_compose_message,33,notify_author_mention,boolean,,,,YES
mail_compose_message,34,notify_skip_followers,boolean,,,,YES
mail_compose_message,35,use_exclusion_list,boolean,,,,YES
mail_compose_message,36,create_date,timestamp without time zone,,,,YES
mail_compose_message,37,write_date,timestamp without time zone,,,,YES
mail_compose_message_ir_attachments_rel,1,wizard_id,integer,,32,0,NO
mail_compose_message_ir_attachments_rel,2,attachment_id,integer,,32,0,NO
mail_compose_message_res_partner_rel,1,wizard_id,integer,,32,0,NO
mail_compose_message_res_partner_rel,2,partner_id,integer,,32,0,NO
mail_followers,1,id,integer,,32,0,NO
mail_followers,2,res_id,integer,,32,0,YES
mail_followers,3,partner_id,integer,,32,0,NO
mail_followers,4,res_model,character varying,,,,NO
mail_followers_edit,1,id,integer,,32,0,NO
mail_followers_edit,2,create_uid,integer,,32,0,YES
mail_followers_edit,3,write_uid,integer,,32,0,YES
mail_followers_edit,4,res_model,character varying,,,,NO
mail_followers_edit,5,res_ids,character varying,,,,YES
mail_followers_edit,6,operation,character varying,,,,NO
mail_followers_edit,7,message,text,,,,YES
mail_followers_edit,8,notify,boolean,,,,YES
mail_followers_edit,9,create_date,timestamp without time zone,,,,YES
mail_followers_edit,10,write_date,timestamp without time zone,,,,YES
mail_followers_edit_res_partner_rel,1,mail_followers_edit_id,integer,,32,0,NO
mail_followers_edit_res_partner_rel,2,res_partner_id,integer,,32,0,NO
mail_followers_mail_message_subtype_rel,1,mail_followers_id,integer,,32,0,NO
mail_followers_mail_message_subtype_rel,2,mail_message_subtype_id,integer,,32,0,NO
mail_gateway_allowed,1,id,integer,,32,0,NO
mail_gateway_allowed,2,create_uid,integer,,32,0,YES
mail_gateway_allowed,3,write_uid,integer,,32,0,YES
mail_gateway_allowed,4,email,character varying,,,,NO
mail_gateway_allowed,5,email_normalized,character varying,,,,YES
mail_gateway_allowed,6,create_date,timestamp without time zone,,,,YES
mail_gateway_allowed,7,write_date,timestamp without time zone,,,,YES
mail_guest,1,id,integer,,32,0,NO
mail_guest,2,country_id,integer,,32,0,YES
mail_guest,3,create_uid,integer,,32,0,YES
mail_guest,4,write_uid,integer,,32,0,YES
mail_guest,5,name,character varying,,,,NO
mail_guest,6,access_token,character varying,,,,NO
mail_guest,7,email,character varying,,,,YES
mail_guest,8,lang,character varying,,,,YES
mail_guest,9,timezone,character varying,,,,YES
mail_guest,10,create_date,timestamp without time zone,,,,YES
mail_guest,11,write_date,timestamp without time zone,,,,YES
mail_ice_server,1,id,integer,,32,0,NO
mail_ice_server,2,create_uid,integer,,32,0,YES
mail_ice_server,3,write_uid,integer,,32,0,YES
mail_ice_server,4,server_type,character varying,,,,NO
mail_ice_server,5,uri,character varying,,,,NO
mail_ice_server,6,username,character varying,,,,YES
mail_ice_server,7,credential,character varying,,,,YES
mail_ice_server,8,create_date,timestamp without time zone,,,,YES
mail_ice_server,9,write_date,timestamp without time zone,,,,YES
mail_link_preview,1,id,integer,,32,0,NO
mail_link_preview,2,create_uid,integer,,32,0,YES
mail_link_preview,3,write_uid,integer,,32,0,YES
mail_link_preview,4,source_url,character varying,,,,NO
mail_link_preview,5,og_type,character varying,,,,YES
mail_link_preview,6,og_title,character varying,,,,YES
mail_link_preview,7,og_site_name,character varying,,,,YES
mail_link_preview,8,og_image,character varying,,,,YES
mail_link_preview,9,og_mimetype,character varying,,,,YES
mail_link_preview,10,image_mimetype,character varying,,,,YES
mail_link_preview,11,og_description,text,,,,YES
mail_link_preview,12,create_date,timestamp without time zone,,,,YES
mail_link_preview,13,write_date,timestamp without time zone,,,,YES
mail_mail,1,id,integer,,32,0,NO
mail_mail,2,mail_message_id,integer,,32,0,NO
mail_mail,3,fetchmail_server_id,integer,,32,0,YES
mail_mail,4,create_uid,integer,,32,0,YES
mail_mail,5,write_uid,integer,,32,0,YES
mail_mail,6,email_cc,character varying,,,,YES
mail_mail,7,state,character varying,,,,YES
mail_mail,8,failure_type,character varying,,,,YES
mail_mail,9,body_html,text,,,,YES
mail_mail,10,references,text,,,,YES
mail_mail,11,headers,text,,,,YES
mail_mail,12,email_to,text,,,,YES
mail_mail,13,failure_reason,text,,,,YES
mail_mail,14,is_notification,boolean,,,,YES
mail_mail,15,auto_delete,boolean,,,,YES
mail_mail,16,scheduled_date,timestamp without time zone,,,,YES
mail_mail,17,create_date,timestamp without time zone,,,,YES
mail_mail,18,write_date,timestamp without time zone,,,,YES
mail_mail_res_partner_rel,1,mail_mail_id,integer,,32,0,NO
mail_mail_res_partner_rel,2,res_partner_id,integer,,32,0,NO
mail_message,1,id,integer,,32,0,NO
mail_message,2,parent_id,integer,,32,0,YES
mail_message,3,res_id,integer,,32,0,YES
mail_message,4,record_alias_domain_id,integer,,32,0,YES
mail_message,5,record_company_id,integer,,32,0,YES
mail_message,6,subtype_id,integer,,32,0,YES
mail_message,7,mail_activity_type_id,integer,,32,0,YES
mail_message,8,author_id,integer,,32,0,YES
mail_message,9,author_guest_id,integer,,32,0,YES
mail_message,10,mail_server_id,integer,,32,0,YES
mail_message,11,create_uid,integer,,32,0,YES
mail_message,12,write_uid,integer,,32,0,YES
mail_message,13,subject,character varying,,,,YES
mail_message,14,model,character varying,,,,YES
mail_message,15,message_type,character varying,,,,NO
mail_message,16,email_from,character varying,,,,YES
mail_message,17,incoming_email_cc,character varying,,,,YES
mail_message,18,outgoing_email_to,character varying,,,,YES
mail_message,19,message_id,character varying,,,,YES
mail_message,20,reply_to,character varying,,,,YES
mail_message,21,email_layout_xmlid,character varying,,,,YES
mail_message,22,body,text,,,,YES
mail_message,23,incoming_email_to,text,,,,YES
mail_message,24,is_internal,boolean,,,,YES
mail_message,25,reply_to_force_new,boolean,,,,YES
mail_message,26,email_add_signature,boolean,,,,YES
mail_message,27,date,timestamp without time zone,,,,YES
mail_message,28,pinned_at,timestamp without time zone,,,,YES
mail_message,29,create_date,timestamp without time zone,,,,YES
mail_message,30,write_date,timestamp without time zone,,,,YES
mail_message_link_preview,1,id,integer,,32,0,NO
mail_message_link_preview,2,message_id,integer,,32,0,NO
mail_message_link_preview,3,link_preview_id,integer,,32,0,NO
mail_message_link_preview,4,sequence,integer,,32,0,YES
mail_message_link_preview,5,create_uid,integer,,32,0,YES
mail_message_link_preview,6,write_uid,integer,,32,0,YES
mail_message_link_preview,7,is_hidden,boolean,,,,YES
mail_message_link_preview,8,create_date,timestamp without time zone,,,,YES
mail_message_link_preview,9,write_date,timestamp without time zone,,,,YES
mail_message_reaction,1,id,integer,,32,0,NO
mail_message_reaction,2,message_id,integer,,32,0,NO
mail_message_reaction,3,partner_id,integer,,32,0,YES
mail_message_reaction,4,guest_id,integer,,32,0,YES
mail_message_reaction,5,content,character varying,,,,NO
mail_message_res_partner_rel,1,mail_message_id,integer,,32,0,NO
mail_message_res_partner_rel,2,res_partner_id,integer,,32,0,NO
mail_message_res_partner_starred_rel,1,mail_message_id,integer,,32,0,NO
mail_message_res_partner_starred_rel,2,res_partner_id,integer,,32,0,NO
mail_message_schedule,1,id,integer,,32,0,NO
mail_message_schedule,2,mail_message_id,integer,,32,0,NO
mail_message_schedule,3,create_uid,integer,,32,0,YES
mail_message_schedule,4,write_uid,integer,,32,0,YES
mail_message_schedule,5,notification_parameters,text,,,,YES
mail_message_schedule,6,scheduled_datetime,timestamp without time zone,,,,NO
mail_message_schedule,7,create_date,timestamp without time zone,,,,YES
mail_message_schedule,8,write_date,timestamp without time zone,,,,YES
mail_message_subtype,1,id,integer,,32,0,NO
mail_message_subtype,2,parent_id,integer,,32,0,YES
mail_message_subtype,3,sequence,integer,,32,0,YES
mail_message_subtype,4,create_uid,integer,,32,0,YES
mail_message_subtype,5,write_uid,integer,,32,0,YES
mail_message_subtype,6,relation_field,character varying,,,,YES
mail_message_subtype,7,res_model,character varying,,,,YES
mail_message_subtype,8,name,jsonb,,,,NO
mail_message_subtype,9,description,jsonb,,,,YES
mail_message_subtype,10,internal,boolean,,,,YES
mail_message_subtype,11,default,boolean,,,,YES
mail_message_subtype,12,hidden,boolean,,,,YES
mail_message_subtype,13,track_recipients,boolean,,,,YES
mail_message_subtype,14,create_date,timestamp without time zone,,,,YES
mail_message_subtype,15,write_date,timestamp without time zone,,,,YES
mail_message_translation,1,id,integer,,32,0,NO
mail_message_translation,2,message_id,integer,,32,0,NO
mail_message_translation,3,create_uid,integer,,32,0,YES
mail_message_translation,4,write_uid,integer,,32,0,YES
mail_message_translation,5,source_lang,character varying,,,,NO
mail_message_translation,6,target_lang,character varying,,,,NO
mail_message_translation,7,body,text,,,,NO
mail_message_translation,8,create_date,timestamp without time zone,,,,YES
mail_message_translation,9,write_date,timestamp without time zone,,,,YES
mail_notification,1,id,integer,,32,0,NO
mail_notification,2,author_id,integer,,32,0,YES
mail_notification,3,mail_message_id,integer,,32,0,NO
mail_notification,4,mail_mail_id,integer,,32,0,YES
mail_notification,5,res_partner_id,integer,,32,0,YES
mail_notification,6,mail_email_address,character varying,,,,YES
mail_notification,7,notification_type,character varying,,,,NO
mail_notification,8,notification_status,character varying,,,,YES
mail_notification,9,failure_type,character varying,,,,YES
mail_notification,10,failure_reason,text,,,,YES
mail_notification,11,is_read,boolean,,,,YES
mail_notification,12,read_date,timestamp without time zone,,,,YES
mail_notification,13,sms_id_int,integer,,32,0,YES
mail_notification,14,sms_number,character varying,,,,YES
mail_notification,15,letter_id,integer,,32,0,YES
mail_presence,1,id,integer,,32,0,NO
mail_presence,2,user_id,integer,,32,0,YES
mail_presence,3,guest_id,integer,,32,0,YES
mail_presence,4,status,character varying,,,,YES
mail_presence,5,last_poll,timestamp without time zone,,,,YES
mail_presence,6,last_presence,timestamp without time zone,,,,YES
mail_push,1,id,integer,,32,0,NO
mail_push,2,mail_push_device_id,integer,,32,0,NO
mail_push,3,create_uid,integer,,32,0,YES
mail_push,4,write_uid,integer,,32,0,YES
mail_push,5,payload,text,,,,YES
mail_push,6,create_date,timestamp without time zone,,,,YES
mail_push,7,write_date,timestamp without time zone,,,,YES
mail_push_device,1,id,integer,,32,0,NO
mail_push_device,2,partner_id,integer,,32,0,NO
mail_push_device,3,create_uid,integer,,32,0,YES
mail_push_device,4,write_uid,integer,,32,0,YES
mail_push_device,5,endpoint,character varying,,,,NO
mail_push_device,6,keys,character varying,,,,NO
mail_push_device,7,expiration_time,timestamp without time zone,,,,YES
mail_push_device,8,create_date,timestamp without time zone,,,,YES
mail_push_device,9,write_date,timestamp without time zone,,,,YES
mail_scheduled_message,1,id,integer,,32,0,NO
mail_scheduled_message,2,res_id,integer,,32,0,NO
mail_scheduled_message,3,author_id,integer,,32,0,NO
mail_scheduled_message,4,create_uid,integer,,32,0,YES
mail_scheduled_message,5,write_uid,integer,,32,0,YES
mail_scheduled_message,6,subject,character varying,,,,YES
mail_scheduled_message,7,composition_comment_option,character varying,,,,YES
mail_scheduled_message,8,model,character varying,,,,NO
mail_scheduled_message,9,send_context,jsonb,,,,YES
mail_scheduled_message,10,body,text,,,,YES
mail_scheduled_message,11,notification_parameters,text,,,,YES
mail_scheduled_message,12,is_note,boolean,,,,YES
mail_scheduled_message,13,scheduled_date,timestamp without time zone,,,,NO
mail_scheduled_message,14,create_date,timestamp without time zone,,,,YES
mail_scheduled_message,15,write_date,timestamp without time zone,,,,YES
mail_scheduled_message_res_partner_rel,1,mail_scheduled_message_id,integer,,32,0,NO
mail_scheduled_message_res_partner_rel,2,res_partner_id,integer,,32,0,NO
mail_template,1,id,integer,,32,0,NO
mail_template,2,model_id,integer,,32,0,YES
mail_template,3,user_id,integer,,32,0,YES
mail_template,4,mail_server_id,integer,,32,0,YES
mail_template,5,ref_ir_act_window,integer,,32,0,YES
mail_template,6,create_uid,integer,,32,0,YES
mail_template,7,write_uid,integer,,32,0,YES
mail_template,8,template_fs,character varying,,,,YES
mail_template,9,lang,character varying,,,,YES
mail_template,10,model,character varying,,,,YES
mail_template,11,email_from,character varying,,,,YES
mail_template,12,email_to,character varying,,,,YES
mail_template,13,partner_to,character varying,,,,YES
mail_template,14,email_cc,character varying,,,,YES
mail_template,15,reply_to,character varying,,,,YES
mail_template,16,email_layout_xmlid,character varying,,,,YES
mail_template,17,scheduled_date,character varying,,,,YES
mail_template,18,name,jsonb,,,,YES
mail_template,19,description,jsonb,,,,YES
mail_template,20,subject,jsonb,,,,YES
mail_template,21,body_html,jsonb,,,,YES
mail_template,22,active,boolean,,,,YES
mail_template,23,use_default_to,boolean,,,,YES
mail_template,24,auto_delete,boolean,,,,YES
mail_template,25,create_date,timestamp without time zone,,,,YES
mail_template,26,write_date,timestamp without time zone,,,,YES
mail_template_ir_actions_report_rel,1,mail_template_id,integer,,32,0,NO
mail_template_ir_actions_report_rel,2,ir_actions_report_id,integer,,32,0,NO
mail_template_mail_template_reset_rel,1,mail_template_reset_id,integer,,32,0,NO
mail_template_mail_template_reset_rel,2,mail_template_id,integer,,32,0,NO
mail_template_preview,1,id,integer,,32,0,NO
mail_template_preview,2,mail_template_id,integer,,32,0,NO
mail_template_preview,3,create_uid,integer,,32,0,YES
mail_template_preview,4,write_uid,integer,,32,0,YES
mail_template_preview,5,resource_ref,character varying,,,,YES
mail_template_preview,6,lang,character varying,,,,YES
mail_template_preview,7,create_date,timestamp without time zone,,,,YES
mail_template_preview,8,write_date,timestamp without time zone,,,,YES
mail_template_reset,1,id,integer,,32,0,NO
mail_template_reset,2,create_uid,integer,,32,0,YES
mail_template_reset,3,write_uid,integer,,32,0,YES
mail_template_reset,4,create_date,timestamp without time zone,,,,YES
mail_template_reset,5,write_date,timestamp without time zone,,,,YES
mail_tracking_value,1,id,integer,,32,0,NO
mail_tracking_value,2,field_id,integer,,32,0,YES
mail_tracking_value,3,old_value_integer,integer,,32,0,YES
mail_tracking_value,4,new_value_integer,integer,,32,0,YES
mail_tracking_value,5,currency_id,integer,,32,0,YES
mail_tracking_value,6,mail_message_id,integer,,32,0,NO
mail_tracking_value,7,create_uid,integer,,32,0,YES
mail_tracking_value,8,write_uid,integer,,32,0,YES
mail_tracking_value,9,old_value_char,character varying,,,,YES
mail_tracking_value,10,new_value_char,character varying,,,,YES
mail_tracking_value,11,field_info,jsonb,,,,YES
mail_tracking_value,12,old_value_text,text,,,,YES
mail_tracking_value,13,new_value_text,text,,,,YES
mail_tracking_value,14,old_value_datetime,timestamp without time zone,,,,YES
mail_tracking_value,15,new_value_datetime,timestamp without time zone,,,,YES
mail_tracking_value,16,create_date,timestamp without time zone,,,,YES
mail_tracking_value,17,write_date,timestamp without time zone,,,,YES
mail_tracking_value,18,old_value_float,double precision,,53,,YES
mail_tracking_value,19,new_value_float,double precision,,53,,YES
meeting_category_rel,1,event_id,integer,,32,0,NO
meeting_category_rel,2,type_id,integer,,32,0,NO
message_attachment_rel,1,message_id,integer,,32,0,NO
message_attachment_rel,2,attachment_id,integer,,32,0,NO
module_country,1,module_id,integer,,32,0,NO
module_country,2,country_id,integer,,32,0,NO
onboarding_onboarding,1,id,integer,,32,0,NO
onboarding_onboarding,2,sequence,integer,,32,0,YES
onboarding_onboarding,3,create_uid,integer,,32,0,YES
onboarding_onboarding,4,write_uid,integer,,32,0,YES
onboarding_onboarding,5,route_name,character varying,,,,NO
onboarding_onboarding,6,text_completed,character varying,,,,YES
onboarding_onboarding,7,panel_close_action_name,character varying,,,,YES
onboarding_onboarding,8,name,jsonb,,,,YES
onboarding_onboarding,9,create_date,timestamp without time zone,,,,YES
onboarding_onboarding,10,write_date,timestamp without time zone,,,,YES
onboarding_onboarding_onboarding_onboarding_step_rel,1,onboarding_onboarding_id,integer,,32,0,NO
onboarding_onboarding_onboarding_onboarding_step_rel,2,onboarding_onboarding_step_id,integer,,32,0,NO
onboarding_onboarding_step,1,id,integer,,32,0,NO
onboarding_onboarding_step,2,sequence,integer,,32,0,YES
onboarding_onboarding_step,3,create_uid,integer,,32,0,YES
onboarding_onboarding_step,4,write_uid,integer,,32,0,YES
onboarding_onboarding_step,5,done_icon,character varying,,,,YES
onboarding_onboarding_step,6,step_image_filename,character varying,,,,YES
onboarding_onboarding_step,7,panel_step_open_action_name,character varying,,,,YES
onboarding_onboarding_step,8,title,jsonb,,,,YES
onboarding_onboarding_step,9,description,jsonb,,,,YES
onboarding_onboarding_step,10,button_text,jsonb,,,,NO
onboarding_onboarding_step,11,done_text,jsonb,,,,YES
onboarding_onboarding_step,12,step_image_alt,jsonb,,,,YES
onboarding_onboarding_step,13,is_per_company,boolean,,,,YES
onboarding_onboarding_step,14,create_date,timestamp without time zone,,,,YES
onboarding_onboarding_step,15,write_date,timestamp without time zone,,,,YES
onboarding_progress,1,id,integer,,32,0,NO
onboarding_progress,2,company_id,integer,,32,0,YES
onboarding_progress,3,onboarding_id,integer,,32,0,NO
onboarding_progress,4,create_uid,integer,,32,0,YES
onboarding_progress,5,write_uid,integer,,32,0,YES
onboarding_progress,6,onboarding_state,character varying,,,,YES
onboarding_progress,7,is_onboarding_closed,boolean,,,,YES
onboarding_progress,8,create_date,timestamp without time zone,,,,YES
onboarding_progress,9,write_date,timestamp without time zone,,,,YES
onboarding_progress_onboarding_progress_step_rel,1,onboarding_progress_id,integer,,32,0,NO
onboarding_progress_onboarding_progress_step_rel,2,onboarding_progress_step_id,integer,,32,0,NO
onboarding_progress_step,1,id,integer,,32,0,NO
onboarding_progress_step,2,step_id,integer,,32,0,NO
onboarding_progress_step,3,company_id,integer,,32,0,YES
onboarding_progress_step,4,create_uid,integer,,32,0,YES
onboarding_progress_step,5,write_uid,integer,,32,0,YES
onboarding_progress_step,6,step_state,character varying,,,,YES
onboarding_progress_step,7,create_date,timestamp without time zone,,,,YES
onboarding_progress_step,8,write_date,timestamp without time zone,,,,YES
orm_signaling_assets,1,id,integer,,32,0,NO
orm_signaling_assets,2,date,timestamp without time zone,,,,YES
orm_signaling_default,1,id,integer,,32,0,NO
orm_signaling_default,2,date,timestamp without time zone,,,,YES
orm_signaling_groups,1,id,integer,,32,0,NO
orm_signaling_groups,2,date,timestamp without time zone,,,,YES
orm_signaling_registry,1,id,integer,,32,0,NO
orm_signaling_registry,2,date,timestamp without time zone,,,,YES
orm_signaling_routing,1,id,integer,,32,0,NO
orm_signaling_routing,2,date,timestamp without time zone,,,,YES
orm_signaling_stable,1,id,integer,,32,0,NO
orm_signaling_stable,2,date,timestamp without time zone,,,,YES
orm_signaling_templates,1,id,integer,,32,0,NO
orm_signaling_templates,2,date,timestamp without time zone,,,,YES
passport_attachment_rel,1,passport_ref,integer,,32,0,NO
passport_attachment_rel,2,attach_ref1,integer,,32,0,NO
payment_capture_wizard,1,id,integer,,32,0,NO
payment_capture_wizard,2,create_uid,integer,,32,0,YES
payment_capture_wizard,3,write_uid,integer,,32,0,YES
payment_capture_wizard,4,amount_to_capture,numeric,,,,YES
payment_capture_wizard,5,void_remaining_amount,boolean,,,,YES
payment_capture_wizard,6,create_date,timestamp without time zone,,,,YES
payment_capture_wizard,7,write_date,timestamp without time zone,,,,YES
payment_capture_wizard_payment_transaction_rel,1,payment_capture_wizard_id,integer,,32,0,NO
payment_capture_wizard_payment_transaction_rel,2,payment_transaction_id,integer,,32,0,NO
payment_country_rel,1,payment_id,integer,,32,0,NO
payment_country_rel,2,country_id,integer,,32,0,NO
payment_currency_rel,1,payment_provider_id,integer,,32,0,NO
payment_currency_rel,2,currency_id,integer,,32,0,NO
payment_link_wizard,1,id,integer,,32,0,NO
payment_link_wizard,2,res_id,integer,,32,0,NO
payment_link_wizard,3,currency_id,integer,,32,0,YES
payment_link_wizard,4,partner_id,integer,,32,0,YES
payment_link_wizard,5,create_uid,integer,,32,0,YES
payment_link_wizard,6,write_uid,integer,,32,0,YES
payment_link_wizard,7,res_model,character varying,,,,NO
payment_link_wizard,8,amount,numeric,,,,NO
payment_link_wizard,9,amount_max,numeric,,,,YES
payment_link_wizard,10,create_date,timestamp without time zone,,,,YES
payment_link_wizard,11,write_date,timestamp without time zone,,,,YES
payment_link_wizard,12,discount_date,date,,,,YES
payment_link_wizard,13,open_installments,jsonb,,,,YES
payment_link_wizard,14,has_eligible_epd,boolean,,,,YES
payment_method,1,id,integer,,32,0,NO
payment_method,2,sequence,integer,,32,0,YES
payment_method,3,primary_payment_method_id,integer,,32,0,YES
payment_method,4,create_uid,integer,,32,0,YES
payment_method,5,write_uid,integer,,32,0,YES
payment_method,6,code,character varying,,,,NO
payment_method,7,support_manual_capture,character varying,,,,NO
payment_method,8,support_refund,character varying,,,,NO
payment_method,9,name,jsonb,,,,NO
payment_method,10,active,boolean,,,,YES
payment_method,11,support_tokenization,boolean,,,,YES
payment_method,12,support_express_checkout,boolean,,,,YES
payment_method,13,create_date,timestamp without time zone,,,,YES
payment_method,14,write_date,timestamp without time zone,,,,YES
payment_method_payment_provider_rel,1,payment_method_id,integer,,32,0,NO
payment_method_payment_provider_rel,2,payment_provider_id,integer,,32,0,NO
payment_method_res_country_rel,1,payment_method_id,integer,,32,0,NO
payment_method_res_country_rel,2,res_country_id,integer,,32,0,NO
payment_method_res_currency_rel,1,payment_method_id,integer,,32,0,NO
payment_method_res_currency_rel,2,res_currency_id,integer,,32,0,NO
payment_provider,1,id,integer,,32,0,NO
payment_provider,2,sequence,integer,,32,0,YES
payment_provider,3,company_id,integer,,32,0,NO
payment_provider,4,redirect_form_view_id,integer,,32,0,YES
payment_provider,5,inline_form_view_id,integer,,32,0,YES
payment_provider,6,token_inline_form_view_id,integer,,32,0,YES
payment_provider,7,express_checkout_form_view_id,integer,,32,0,YES
payment_provider,8,color,integer,,32,0,YES
payment_provider,9,module_id,integer,,32,0,YES
payment_provider,10,create_uid,integer,,32,0,YES
payment_provider,11,write_uid,integer,,32,0,YES
payment_provider,12,code,character varying,,,,NO
payment_provider,13,state,character varying,,,,NO
payment_provider,14,name,jsonb,,,,NO
payment_provider,15,pre_msg,jsonb,,,,YES
payment_provider,16,pending_msg,jsonb,,,,YES
payment_provider,17,auth_msg,jsonb,,,,YES
payment_provider,18,done_msg,jsonb,,,,YES
payment_provider,19,cancel_msg,jsonb,,,,YES
payment_provider,20,maximum_amount,numeric,,,,YES
payment_provider,21,is_published,boolean,,,,YES
payment_provider,22,allow_tokenization,boolean,,,,YES
payment_provider,23,capture_manually,boolean,,,,YES
payment_provider,24,allow_express_checkout,boolean,,,,YES
payment_provider,25,create_date,timestamp without time zone,,,,YES
payment_provider,26,write_date,timestamp without time zone,,,,YES
payment_refund_wizard,1,id,integer,,32,0,NO
payment_refund_wizard,2,payment_id,integer,,32,0,YES
payment_refund_wizard,3,create_uid,integer,,32,0,YES
payment_refund_wizard,4,write_uid,integer,,32,0,YES
payment_refund_wizard,5,amount_to_refund,numeric,,,,YES
payment_refund_wizard,6,create_date,timestamp without time zone,,,,YES
payment_refund_wizard,7,write_date,timestamp without time zone,,,,YES
payment_token,1,id,integer,,32,0,NO
payment_token,2,provider_id,integer,,32,0,NO
payment_token,3,company_id,integer,,32,0,YES
payment_token,4,payment_method_id,integer,,32,0,NO
payment_token,5,partner_id,integer,,32,0,NO
payment_token,6,create_uid,integer,,32,0,YES
payment_token,7,write_uid,integer,,32,0,YES
payment_token,8,payment_details,character varying,,,,YES
payment_token,9,provider_ref,character varying,,,,NO
payment_token,10,active,boolean,,,,YES
payment_token,11,create_date,timestamp without time zone,,,,YES
payment_token,12,write_date,timestamp without time zone,,,,YES
payment_transaction,1,id,integer,,32,0,NO
payment_transaction,2,provider_id,integer,,32,0,NO
payment_transaction,3,company_id,integer,,32,0,YES
payment_transaction,4,payment_method_id,integer,,32,0,NO
payment_transaction,5,currency_id,integer,,32,0,NO
payment_transaction,6,token_id,integer,,32,0,YES
payment_transaction,7,source_transaction_id,integer,,32,0,YES
payment_transaction,8,partner_id,integer,,32,0,NO
payment_transaction,9,partner_state_id,integer,,32,0,YES
payment_transaction,10,partner_country_id,integer,,32,0,YES
payment_transaction,11,create_uid,integer,,32,0,YES
payment_transaction,12,write_uid,integer,,32,0,YES
payment_transaction,13,reference,character varying,,,,NO
payment_transaction,14,provider_reference,character varying,,,,YES
payment_transaction,15,state,character varying,,,,NO
payment_transaction,16,operation,character varying,,,,YES
payment_transaction,17,landing_route,character varying,,,,YES
payment_transaction,18,partner_name,character varying,,,,YES
payment_transaction,19,partner_lang,character varying,,,,YES
payment_transaction,20,partner_email,character varying,,,,YES
payment_transaction,21,partner_address,character varying,,,,YES
payment_transaction,22,partner_zip,character varying,,,,YES
payment_transaction,23,partner_city,character varying,,,,YES
payment_transaction,24,partner_phone,character varying,,,,YES
payment_transaction,25,state_message,text,,,,YES
payment_transaction,26,amount,numeric,,,,NO
payment_transaction,27,is_live,boolean,,,,YES
payment_transaction,28,is_post_processed,boolean,,,,YES
payment_transaction,29,tokenize,boolean,,,,YES
payment_transaction,30,last_state_change,timestamp without time zone,,,,YES
payment_transaction,31,create_date,timestamp without time zone,,,,YES
payment_transaction,32,write_date,timestamp without time zone,,,,YES
payment_transaction,33,payment_id,integer,,32,0,YES
payslip_lines_contribution_register,1,id,integer,,32,0,NO
payslip_lines_contribution_register,2,create_uid,integer,,32,0,YES
payslip_lines_contribution_register,3,write_uid,integer,,32,0,YES
payslip_lines_contribution_register,4,date_from,date,,,,NO
payslip_lines_contribution_register,5,date_to,date,,,,NO
payslip_lines_contribution_register,6,create_date,timestamp without time zone,,,,YES
payslip_lines_contribution_register,7,write_date,timestamp without time zone,,,,YES
phone_blacklist,1,id,integer,,32,0,NO
phone_blacklist,2,create_uid,integer,,32,0,YES
phone_blacklist,3,write_uid,integer,,32,0,YES
phone_blacklist,4,number,character varying,,,,NO
phone_blacklist,5,active,boolean,,,,YES
phone_blacklist,6,create_date,timestamp without time zone,,,,YES
phone_blacklist,7,write_date,timestamp without time zone,,,,YES
phone_blacklist_remove,1,id,integer,,32,0,NO
phone_blacklist_remove,2,create_uid,integer,,32,0,YES
phone_blacklist_remove,3,write_uid,integer,,32,0,YES
phone_blacklist_remove,4,phone,character varying,,,,NO
phone_blacklist_remove,5,reason,character varying,,,,YES
phone_blacklist_remove,6,create_date,timestamp without time zone,,,,YES
phone_blacklist_remove,7,write_date,timestamp without time zone,,,,YES
portal_share,1,id,integer,,32,0,NO
portal_share,2,res_id,integer,,32,0,NO
portal_share,3,create_uid,integer,,32,0,YES
portal_share,4,write_uid,integer,,32,0,YES
portal_share,5,res_model,character varying,,,,NO
portal_share,6,note,text,,,,YES
portal_share,7,create_date,timestamp without time zone,,,,YES
portal_share,8,write_date,timestamp without time zone,,,,YES
portal_share_res_partner_rel,1,portal_share_id,integer,,32,0,NO
portal_share_res_partner_rel,2,res_partner_id,integer,,32,0,NO
portal_wizard,1,id,integer,,32,0,NO
portal_wizard,2,create_uid,integer,,32,0,YES
portal_wizard,3,write_uid,integer,,32,0,YES
portal_wizard,4,welcome_message,text,,,,YES
portal_wizard,5,create_date,timestamp without time zone,,,,YES
portal_wizard,6,write_date,timestamp without time zone,,,,YES
portal_wizard_res_partner_rel,1,portal_wizard_id,integer,,32,0,NO
portal_wizard_res_partner_rel,2,res_partner_id,integer,,32,0,NO
portal_wizard_user,1,id,integer,,32,0,NO
portal_wizard_user,2,wizard_id,integer,,32,0,NO
portal_wizard_user,3,partner_id,integer,,32,0,NO
portal_wizard_user,4,create_uid,integer,,32,0,YES
portal_wizard_user,5,write_uid,integer,,32,0,YES
portal_wizard_user,6,email,character varying,,,,YES
portal_wizard_user,7,create_date,timestamp without time zone,,,,YES
portal_wizard_user,8,write_date,timestamp without time zone,,,,YES
privacy_log,1,id,integer,,32,0,NO
privacy_log,2,user_id,integer,,32,0,NO
privacy_log,3,create_uid,integer,,32,0,YES
privacy_log,4,write_uid,integer,,32,0,YES
privacy_log,5,anonymized_name,character varying,,,,NO
privacy_log,6,anonymized_email,character varying,,,,NO
privacy_log,7,execution_details,text,,,,YES
privacy_log,8,records_description,text,,,,YES
privacy_log,9,additional_note,text,,,,YES
privacy_log,10,date,timestamp without time zone,,,,NO
privacy_log,11,create_date,timestamp without time zone,,,,YES
privacy_log,12,write_date,timestamp without time zone,,,,YES
privacy_lookup_wizard,1,id,integer,,32,0,NO
privacy_lookup_wizard,2,log_id,integer,,32,0,YES
privacy_lookup_wizard,3,create_uid,integer,,32,0,YES
privacy_lookup_wizard,4,write_uid,integer,,32,0,YES
privacy_lookup_wizard,5,name,character varying,,,,NO
privacy_lookup_wizard,6,email,character varying,,,,NO
privacy_lookup_wizard,7,execution_details,text,,,,YES
privacy_lookup_wizard,8,create_date,timestamp without time zone,,,,YES
privacy_lookup_wizard,9,write_date,timestamp without time zone,,,,YES
privacy_lookup_wizard_line,1,id,integer,,32,0,NO
privacy_lookup_wizard_line,2,wizard_id,integer,,32,0,YES
privacy_lookup_wizard_line,3,res_id,integer,,32,0,NO
privacy_lookup_wizard_line,4,res_model_id,integer,,32,0,YES
privacy_lookup_wizard_line,5,create_uid,integer,,32,0,YES
privacy_lookup_wizard_line,6,write_uid,integer,,32,0,YES
privacy_lookup_wizard_line,7,res_name,character varying,,,,YES
privacy_lookup_wizard_line,8,res_model,character varying,,,,YES
privacy_lookup_wizard_line,9,execution_details,character varying,,,,YES
privacy_lookup_wizard_line,10,has_active,boolean,,,,YES
privacy_lookup_wizard_line,11,is_active,boolean,,,,YES
privacy_lookup_wizard_line,12,is_unlinked,boolean,,,,YES
privacy_lookup_wizard_line,13,create_date,timestamp without time zone,,,,YES
privacy_lookup_wizard_line,14,write_date,timestamp without time zone,,,,YES
product_attr_exclusion_value_ids_rel,1,product_template_attribute_exclusion_id,integer,,32,0,NO
product_attr_exclusion_value_ids_rel,2,product_template_attribute_value_id,integer,,32,0,NO
product_attribute,1,id,integer,,32,0,NO
product_attribute,2,sequence,integer,,32,0,YES
product_attribute,3,create_uid,integer,,32,0,YES
product_attribute,4,write_uid,integer,,32,0,YES
product_attribute,5,create_variant,character varying,,,,NO
product_attribute,6,display_type,character varying,,,,NO
product_attribute,7,name,jsonb,,,,NO
product_attribute,8,active,boolean,,,,YES
product_attribute,9,create_date,timestamp without time zone,,,,YES
product_attribute,10,write_date,timestamp without time zone,,,,YES
product_attribute_custom_value,1,id,integer,,32,0,NO
product_attribute_custom_value,2,custom_product_template_attribute_value_id,integer,,32,0,NO
product_attribute_custom_value,3,create_uid,integer,,32,0,YES
product_attribute_custom_value,4,write_uid,integer,,32,0,YES
product_attribute_custom_value,5,custom_value,character varying,,,,YES
product_attribute_custom_value,6,create_date,timestamp without time zone,,,,YES
product_attribute_custom_value,7,write_date,timestamp without time zone,,,,YES
product_attribute_product_template_rel,1,product_attribute_id,integer,,32,0,NO
product_attribute_product_template_rel,2,product_template_id,integer,,32,0,NO
product_attribute_value,1,id,integer,,32,0,NO
product_attribute_value,2,sequence,integer,,32,0,YES
product_attribute_value,3,attribute_id,integer,,32,0,NO
product_attribute_value,4,color,integer,,32,0,YES
product_attribute_value,5,create_uid,integer,,32,0,YES
product_attribute_value,6,write_uid,integer,,32,0,YES
product_attribute_value,7,html_color,character varying,,,,YES
product_attribute_value,8,name,jsonb,,,,NO
product_attribute_value,9,is_custom,boolean,,,,YES
product_attribute_value,10,active,boolean,,,,YES
product_attribute_value,11,create_date,timestamp without time zone,,,,YES
product_attribute_value,12,write_date,timestamp without time zone,,,,YES
product_attribute_value,13,default_extra_price,double precision,,53,,YES
product_attribute_value_product_template_attribute_line_rel,1,product_attribute_value_id,integer,,32,0,NO
product_attribute_value_product_template_attribute_line_rel,2,product_template_attribute_line_id,integer,,32,0,NO
product_category,1,id,integer,,32,0,NO
product_category,2,parent_id,integer,,32,0,YES
product_category,3,create_uid,integer,,32,0,YES
product_category,4,write_uid,integer,,32,0,YES
product_category,5,name,character varying,,,,NO
product_category,6,complete_name,character varying,,,,YES
product_category,7,parent_path,character varying,,,,YES
product_category,8,product_properties_definition,jsonb,,,,YES
product_category,9,create_date,timestamp without time zone,,,,YES
product_category,10,write_date,timestamp without time zone,,,,YES
product_category,11,property_account_income_categ_id,jsonb,,,,YES
product_category,12,property_account_expense_categ_id,jsonb,,,,YES
product_combo,1,id,integer,,32,0,NO
product_combo,2,sequence,integer,,32,0,YES
product_combo,3,company_id,integer,,32,0,YES
product_combo,4,create_uid,integer,,32,0,YES
product_combo,5,write_uid,integer,,32,0,YES
product_combo,6,name,character varying,,,,NO
product_combo,7,create_date,timestamp without time zone,,,,YES
product_combo,8,write_date,timestamp without time zone,,,,YES
product_combo_item,1,id,integer,,32,0,NO
product_combo_item,2,company_id,integer,,32,0,YES
product_combo_item,3,combo_id,integer,,32,0,NO
product_combo_item,4,product_id,integer,,32,0,NO
product_combo_item,5,create_uid,integer,,32,0,YES
product_combo_item,6,write_uid,integer,,32,0,YES
product_combo_item,7,extra_price,numeric,,,,YES
product_combo_item,8,create_date,timestamp without time zone,,,,YES
product_combo_item,9,write_date,timestamp without time zone,,,,YES
product_combo_product_template_rel,1,product_template_id,integer,,32,0,NO
product_combo_product_template_rel,2,product_combo_id,integer,,32,0,NO
product_document,1,id,integer,,32,0,NO
product_document,2,ir_attachment_id,integer,,32,0,NO
product_document,3,sequence,integer,,32,0,YES
product_document,4,create_uid,integer,,32,0,YES
product_document,5,write_uid,integer,,32,0,YES
product_document,6,active,boolean,,,,YES
product_document,7,create_date,timestamp without time zone,,,,YES
product_document,8,write_date,timestamp without time zone,,,,YES
product_label_layout,1,id,integer,,32,0,NO
product_label_layout,2,custom_quantity,integer,,32,0,NO
product_label_layout,3,pricelist_id,integer,,32,0,YES
product_label_layout,4,create_uid,integer,,32,0,YES
product_label_layout,5,write_uid,integer,,32,0,YES
product_label_layout,6,print_format,character varying,,,,NO
product_label_layout,7,extra_html,text,,,,YES
product_label_layout,8,create_date,timestamp without time zone,,,,YES
product_label_layout,9,write_date,timestamp without time zone,,,,YES
product_label_layout_product_product_rel,1,product_label_layout_id,integer,,32,0,NO
product_label_layout_product_product_rel,2,product_product_id,integer,,32,0,NO
product_label_layout_product_template_rel,1,product_label_layout_id,integer,,32,0,NO
product_label_layout_product_template_rel,2,product_template_id,integer,,32,0,NO
product_pricelist,1,id,integer,,32,0,NO
product_pricelist,2,sequence,integer,,32,0,YES
product_pricelist,3,currency_id,integer,,32,0,NO
product_pricelist,4,company_id,integer,,32,0,YES
product_pricelist,5,create_uid,integer,,32,0,YES
product_pricelist,6,write_uid,integer,,32,0,YES
product_pricelist,7,name,jsonb,,,,NO
product_pricelist,8,active,boolean,,,,YES
product_pricelist,9,create_date,timestamp without time zone,,,,YES
product_pricelist,10,write_date,timestamp without time zone,,,,YES
product_pricelist_item,1,id,integer,,32,0,NO
product_pricelist_item,2,pricelist_id,integer,,32,0,YES
product_pricelist_item,3,company_id,integer,,32,0,YES
product_pricelist_item,4,currency_id,integer,,32,0,YES
product_pricelist_item,5,categ_id,integer,,32,0,YES
product_pricelist_item,6,product_tmpl_id,integer,,32,0,YES
product_pricelist_item,7,product_id,integer,,32,0,YES
product_pricelist_item,8,base_pricelist_id,integer,,32,0,YES
product_pricelist_item,9,create_uid,integer,,32,0,YES
product_pricelist_item,10,write_uid,integer,,32,0,YES
product_pricelist_item,11,applied_on,character varying,,,,NO
product_pricelist_item,12,display_applied_on,character varying,,,,NO
product_pricelist_item,13,base,character varying,,,,NO
product_pricelist_item,14,compute_price,character varying,,,,NO
product_pricelist_item,15,min_quantity,numeric,,,,YES
product_pricelist_item,16,fixed_price,numeric,,,,YES
product_pricelist_item,17,price_discount,numeric,,,,YES
product_pricelist_item,18,price_round,numeric,,,,YES
product_pricelist_item,19,price_surcharge,numeric,,,,YES
product_pricelist_item,20,price_markup,numeric,,,,YES
product_pricelist_item,21,price_min_margin,numeric,,,,YES
product_pricelist_item,22,price_max_margin,numeric,,,,YES
product_pricelist_item,23,date_start,timestamp without time zone,,,,YES
product_pricelist_item,24,date_end,timestamp without time zone,,,,YES
product_pricelist_item,25,create_date,timestamp without time zone,,,,YES
product_pricelist_item,26,write_date,timestamp without time zone,,,,YES
product_pricelist_item,27,percent_price,double precision,,53,,YES
product_product,1,id,integer,,32,0,NO
product_product,2,product_tmpl_id,integer,,32,0,NO
product_product,3,create_uid,integer,,32,0,YES
product_product,4,write_uid,integer,,32,0,YES
product_product,5,default_code,character varying,,,,YES
product_product,6,barcode,character varying,,,,YES
product_product,7,combination_indices,character varying,,,,YES
product_product,8,standard_price,jsonb,,,,YES
product_product,9,volume,numeric,,,,YES
product_product,10,weight,numeric,,,,YES
product_product,11,active,boolean,,,,YES
product_product,12,can_image_variant_1024_be_zoomed,boolean,,,,YES
product_product,13,is_favorite,boolean,,,,YES
product_product,14,is_in_selected_section_of_order,boolean,,,,YES
product_product,15,write_date,timestamp without time zone,,,,YES
product_product,16,create_date,timestamp without time zone,,,,YES
product_supplier_taxes_rel,1,prod_id,integer,,32,0,NO
product_supplier_taxes_rel,2,tax_id,integer,,32,0,NO
product_supplierinfo,1,id,integer,,32,0,NO
product_supplierinfo,2,partner_id,integer,,32,0,NO
product_supplierinfo,3,sequence,integer,,32,0,YES
product_supplierinfo,4,product_uom_id,integer,,32,0,NO
product_supplierinfo,5,company_id,integer,,32,0,YES
product_supplierinfo,6,currency_id,integer,,32,0,NO
product_supplierinfo,7,product_id,integer,,32,0,YES
product_supplierinfo,8,product_tmpl_id,integer,,32,0,NO
product_supplierinfo,9,delay,integer,,32,0,NO
product_supplierinfo,10,create_uid,integer,,32,0,YES
product_supplierinfo,11,write_uid,integer,,32,0,YES
product_supplierinfo,12,product_name,character varying,,,,YES
product_supplierinfo,13,product_code,character varying,,,,YES
product_supplierinfo,14,date_start,date,,,,YES
product_supplierinfo,15,date_end,date,,,,YES
product_supplierinfo,16,min_qty,numeric,,,,NO
product_supplierinfo,17,price,numeric,,,,YES
product_supplierinfo,18,discount,numeric,,,,YES
product_supplierinfo,19,create_date,timestamp without time zone,,,,YES
product_supplierinfo,20,write_date,timestamp without time zone,,,,YES
product_tag,1,id,integer,,32,0,NO
product_tag,2,sequence,integer,,32,0,YES
product_tag,3,create_uid,integer,,32,0,YES
product_tag,4,write_uid,integer,,32,0,YES
product_tag,5,color,character varying,,,,YES
product_tag,6,name,jsonb,,,,NO
product_tag,7,visible_to_customers,boolean,,,,YES
product_tag,8,create_date,timestamp without time zone,,,,YES
product_tag,9,write_date,timestamp without time zone,,,,YES
product_tag_product_product_rel,1,product_product_id,integer,,32,0,NO
product_tag_product_product_rel,2,product_tag_id,integer,,32,0,NO
product_tag_product_template_rel,1,product_template_id,integer,,32,0,NO
product_tag_product_template_rel,2,product_tag_id,integer,,32,0,NO
product_taxes_rel,1,prod_id,integer,,32,0,NO
product_taxes_rel,2,tax_id,integer,,32,0,NO
product_template,1,id,integer,,32,0,NO
product_template,2,sequence,integer,,32,0,YES
product_template,3,categ_id,integer,,32,0,YES
product_template,4,uom_id,integer,,32,0,NO
product_template,5,company_id,integer,,32,0,YES
product_template,6,color,integer,,32,0,YES
product_template,7,create_uid,integer,,32,0,YES
product_template,8,write_uid,integer,,32,0,YES
product_template,9,type,character varying,,,,NO
product_template,10,service_tracking,character varying,,,,NO
product_template,11,default_code,character varying,,,,YES
product_template,12,name,jsonb,,,,NO
product_template,13,description,jsonb,,,,YES
product_template,14,description_purchase,jsonb,,,,YES
product_template,15,description_sale,jsonb,,,,YES
product_template,16,product_properties,jsonb,,,,YES
product_template,17,list_price,numeric,,,,YES
product_template,18,volume,numeric,,,,YES
product_template,19,weight,numeric,,,,YES
product_template,20,sale_ok,boolean,,,,YES
product_template,21,purchase_ok,boolean,,,,YES
product_template,22,active,boolean,,,,YES
product_template,23,can_image_1024_be_zoomed,boolean,,,,YES
product_template,24,has_configurable_attributes,boolean,,,,YES
product_template,25,is_favorite,boolean,,,,YES
product_template,26,create_date,timestamp without time zone,,,,YES
product_template,27,write_date,timestamp without time zone,,,,YES
product_template,28,property_account_income_id,jsonb,,,,YES
product_template,29,property_account_expense_id,jsonb,,,,YES
product_template,30,can_be_expensed,boolean,,,,YES
product_template,31,l10n_in_hsn_code,character varying,,,,YES
product_template_attribute_exclusion,1,id,integer,,32,0,NO
product_template_attribute_exclusion,2,product_template_attribute_value_id,integer,,32,0,YES
product_template_attribute_exclusion,3,product_tmpl_id,integer,,32,0,NO
product_template_attribute_exclusion,4,create_uid,integer,,32,0,YES
product_template_attribute_exclusion,5,write_uid,integer,,32,0,YES
product_template_attribute_exclusion,6,create_date,timestamp without time zone,,,,YES
product_template_attribute_exclusion,7,write_date,timestamp without time zone,,,,YES
product_template_attribute_line,1,id,integer,,32,0,NO
product_template_attribute_line,2,product_tmpl_id,integer,,32,0,NO
product_template_attribute_line,3,sequence,integer,,32,0,YES
product_template_attribute_line,4,attribute_id,integer,,32,0,NO
product_template_attribute_line,5,value_count,integer,,32,0,YES
product_template_attribute_line,6,create_uid,integer,,32,0,YES
product_template_attribute_line,7,write_uid,integer,,32,0,YES
product_template_attribute_line,8,active,boolean,,,,YES
product_template_attribute_line,9,create_date,timestamp without time zone,,,,YES
product_template_attribute_line,10,write_date,timestamp without time zone,,,,YES
product_template_attribute_value,1,id,integer,,32,0,NO
product_template_attribute_value,2,product_attribute_value_id,integer,,32,0,NO
product_template_attribute_value,3,attribute_line_id,integer,,32,0,NO
product_template_attribute_value,4,product_tmpl_id,integer,,32,0,YES
product_template_attribute_value,5,attribute_id,integer,,32,0,YES
product_template_attribute_value,6,color,integer,,32,0,YES
product_template_attribute_value,7,create_uid,integer,,32,0,YES
product_template_attribute_value,8,write_uid,integer,,32,0,YES
product_template_attribute_value,9,price_extra,numeric,,,,YES
product_template_attribute_value,10,ptav_active,boolean,,,,YES
product_template_attribute_value,11,create_date,timestamp without time zone,,,,YES
product_template_attribute_value,12,write_date,timestamp without time zone,,,,YES
product_template_uom_uom_rel,1,product_template_id,integer,,32,0,NO
product_template_uom_uom_rel,2,uom_uom_id,integer,,32,0,NO
product_uom,1,id,integer,,32,0,NO
product_uom,2,uom_id,integer,,32,0,NO
product_uom,3,product_id,integer,,32,0,NO
product_uom,4,company_id,integer,,32,0,YES
product_uom,5,create_uid,integer,,32,0,YES
product_uom,6,write_uid,integer,,32,0,YES
product_uom,7,barcode,character varying,,,,NO
product_uom,8,create_date,timestamp without time zone,,,,YES
product_uom,9,write_date,timestamp without time zone,,,,YES
product_variant_combination,1,product_product_id,integer,,32,0,NO
product_variant_combination,2,product_template_attribute_value_id,integer,,32,0,NO
project_collaborator,1,id,integer,,32,0,NO
project_collaborator,2,project_id,integer,,32,0,NO
project_collaborator,3,partner_id,integer,,32,0,NO
project_collaborator,4,create_uid,integer,,32,0,YES
project_collaborator,5,write_uid,integer,,32,0,YES
project_collaborator,6,limited_access,boolean,,,,YES
project_collaborator,7,create_date,timestamp without time zone,,,,YES
project_collaborator,8,write_date,timestamp without time zone,,,,YES
project_favorite_user_rel,1,project_id,integer,,32,0,NO
project_favorite_user_rel,2,user_id,integer,,32,0,NO
project_milestone,1,id,integer,,32,0,NO
project_milestone,2,sequence,integer,,32,0,YES
project_milestone,3,project_id,integer,,32,0,NO
project_milestone,4,create_uid,integer,,32,0,YES
project_milestone,5,write_uid,integer,,32,0,YES
project_milestone,6,name,character varying,,,,NO
project_milestone,7,deadline,date,,,,YES
project_milestone,8,reached_date,date,,,,YES
project_milestone,9,is_reached,boolean,,,,YES
project_milestone,10,create_date,timestamp without time zone,,,,YES
project_milestone,11,write_date,timestamp without time zone,,,,YES
project_project,1,id,integer,,32,0,NO
project_project,2,account_id,integer,,32,0,YES
project_project,3,alias_id,integer,,32,0,NO
project_project,4,sequence,integer,,32,0,YES
project_project,5,partner_id,integer,,32,0,YES
project_project,6,company_id,integer,,32,0,YES
project_project,7,color,integer,,32,0,YES
project_project,8,user_id,integer,,32,0,YES
project_project,9,stage_id,integer,,32,0,YES
project_project,10,last_update_id,integer,,32,0,YES
project_project,11,create_uid,integer,,32,0,YES
project_project,12,write_uid,integer,,32,0,YES
project_project,13,access_token,character varying,,,,YES
project_project,14,privacy_visibility,character varying,,,,NO
project_project,15,last_update_status,character varying,,,,NO
project_project,16,date_start,date,,,,YES
project_project,17,date,date,,,,YES
project_project,18,name,jsonb,,,,NO
project_project,19,label_tasks,jsonb,,,,YES
project_project,20,task_properties_definition,jsonb,,,,YES
project_project,21,description,text,,,,YES
project_project,22,active,boolean,,,,YES
project_project,23,allow_task_dependencies,boolean,,,,YES
project_project,24,allow_milestones,boolean,,,,YES
project_project,25,allow_recurring_tasks,boolean,,,,YES
project_project,26,is_template,boolean,,,,YES
project_project,27,create_date,timestamp without time zone,,,,YES
project_project,28,write_date,timestamp without time zone,,,,YES
project_project,29,allow_timesheets,boolean,,,,YES
project_project,30,allocated_hours,double precision,,53,,YES
project_project_project_tags_rel,1,project_project_id,integer,,32,0,NO
project_project_project_tags_rel,2,project_tags_id,integer,,32,0,NO
project_project_project_task_type_delete_wizard_rel,1,project_task_type_delete_wizard_id,integer,,32,0,NO
project_project_project_task_type_delete_wizard_rel,2,project_project_id,integer,,32,0,NO
project_project_stage,1,id,integer,,32,0,NO
project_project_stage,2,sequence,integer,,32,0,YES
project_project_stage,3,mail_template_id,integer,,32,0,YES
project_project_stage,4,company_id,integer,,32,0,YES
project_project_stage,5,color,integer,,32,0,YES
project_project_stage,6,create_uid,integer,,32,0,YES
project_project_stage,7,write_uid,integer,,32,0,YES
project_project_stage,8,name,jsonb,,,,NO
project_project_stage,9,active,boolean,,,,YES
project_project_stage,10,fold,boolean,,,,YES
project_project_stage,11,create_date,timestamp without time zone,,,,YES
project_project_stage,12,write_date,timestamp without time zone,,,,YES
project_project_stage,13,sms_template_id,integer,,32,0,YES
project_project_stage_delete_wizard,1,id,integer,,32,0,NO
project_project_stage_delete_wizard,2,create_uid,integer,,32,0,YES
project_project_stage_delete_wizard,3,write_uid,integer,,32,0,YES
project_project_stage_delete_wizard,4,create_date,timestamp without time zone,,,,YES
project_project_stage_delete_wizard,5,write_date,timestamp without time zone,,,,YES
project_project_stage_project_project_stage_delete_wizard_rel,1,project_project_stage_delete_wizard_id,integer,,32,0,NO
project_project_stage_project_project_stage_delete_wizard_rel,2,project_project_stage_id,integer,,32,0,NO
project_role,1,id,integer,,32,0,NO
project_role,2,color,integer,,32,0,YES
project_role,3,sequence,integer,,32,0,YES
project_role,4,create_uid,integer,,32,0,YES
project_role,5,write_uid,integer,,32,0,YES
project_role,6,name,jsonb,,,,NO
project_role,7,active,boolean,,,,YES
project_role,8,create_date,timestamp without time zone,,,,YES
project_role,9,write_date,timestamp without time zone,,,,YES
project_role_project_task_rel,1,project_task_id,integer,,32,0,NO
project_role_project_task_rel,2,project_role_id,integer,,32,0,NO
project_share_collaborator_wizard,1,id,integer,,32,0,NO
project_share_collaborator_wizard,2,parent_wizard_id,integer,,32,0,YES
project_share_collaborator_wizard,3,partner_id,integer,,32,0,NO
project_share_collaborator_wizard,4,create_uid,integer,,32,0,YES
project_share_collaborator_wizard,5,write_uid,integer,,32,0,YES
project_share_collaborator_wizard,6,access_mode,character varying,,,,NO
project_share_collaborator_wizard,7,send_invitation,boolean,,,,YES
project_share_collaborator_wizard,8,create_date,timestamp without time zone,,,,YES
project_share_collaborator_wizard,9,write_date,timestamp without time zone,,,,YES
project_share_wizard,1,id,integer,,32,0,NO
project_share_wizard,2,res_id,integer,,32,0,NO
project_share_wizard,3,create_uid,integer,,32,0,YES
project_share_wizard,4,write_uid,integer,,32,0,YES
project_share_wizard,5,res_model,character varying,,,,NO
project_share_wizard,6,note,text,,,,YES
project_share_wizard,7,create_date,timestamp without time zone,,,,YES
project_share_wizard,8,write_date,timestamp without time zone,,,,YES
project_share_wizard_res_partner_rel,1,project_share_wizard_id,integer,,32,0,NO
project_share_wizard_res_partner_rel,2,res_partner_id,integer,,32,0,NO
project_tags,1,id,integer,,32,0,NO
project_tags,2,color,integer,,32,0,YES
project_tags,3,create_uid,integer,,32,0,YES
project_tags,4,write_uid,integer,,32,0,YES
project_tags,5,name,jsonb,,,,NO
project_tags,6,create_date,timestamp without time zone,,,,YES
project_tags,7,write_date,timestamp without time zone,,,,YES
project_tags_project_task_rel,1,project_task_id,integer,,32,0,NO
project_tags_project_task_rel,2,project_tags_id,integer,,32,0,NO
project_task,1,id,integer,,32,0,NO
project_task,2,sequence,integer,,32,0,YES
project_task,3,stage_id,integer,,32,0,YES
project_task,4,project_id,integer,,32,0,YES
project_task,5,partner_id,integer,,32,0,YES
project_task,6,company_id,integer,,32,0,YES
project_task,7,color,integer,,32,0,YES
project_task,8,displayed_image_id,integer,,32,0,YES
project_task,9,parent_id,integer,,32,0,YES
project_task,10,milestone_id,integer,,32,0,YES
project_task,11,recurrence_id,integer,,32,0,YES
project_task,12,create_uid,integer,,32,0,YES
project_task,13,write_uid,integer,,32,0,YES
project_task,14,email_cc,character varying,,,,YES
project_task,15,access_token,character varying,,,,YES
project_task,16,name,character varying,,,,NO
project_task,17,priority,character varying,,,,YES
project_task,18,state,character varying,,,,NO
project_task,19,partner_phone,character varying,,,,YES
project_task,20,email_from,character varying,,,,YES
project_task,21,html_field_history,jsonb,,,,YES
project_task,22,task_properties,jsonb,,,,YES
project_task,23,description,text,,,,YES
project_task,24,working_hours_open,numeric,,,,YES
project_task,25,working_hours_close,numeric,,,,YES
project_task,26,active,boolean,,,,YES
project_task,27,display_in_project,boolean,,,,YES
project_task,28,recurring_task,boolean,,,,YES
project_task,29,is_template,boolean,,,,YES
project_task,30,has_template_ancestor,boolean,,,,YES
project_task,31,create_date,timestamp without time zone,,,,YES
project_task,32,write_date,timestamp without time zone,,,,YES
project_task,33,date_end,timestamp without time zone,,,,YES
project_task,34,date_assign,timestamp without time zone,,,,YES
project_task,35,date_deadline,timestamp without time zone,,,,YES
project_task,36,date_last_stage_update,timestamp without time zone,,,,YES
project_task,37,rating_last_value,double precision,,53,,YES
project_task,38,allocated_hours,double precision,,53,,YES
project_task,39,working_days_open,double precision,,53,,YES
project_task,40,working_days_close,double precision,,53,,YES
project_task,41,remaining_hours,double precision,,53,,YES
project_task,42,effective_hours,double precision,,53,,YES
project_task,43,total_hours_spent,double precision,,53,,YES
project_task,44,progress,double precision,,53,,YES
project_task,45,overtime,double precision,,53,,YES
project_task,46,subtask_effective_hours,double precision,,53,,YES
project_task_recurrence,1,id,integer,,32,0,NO
project_task_recurrence,2,repeat_interval,integer,,32,0,YES
project_task_recurrence,3,create_uid,integer,,32,0,YES
project_task_recurrence,4,write_uid,integer,,32,0,YES
project_task_recurrence,5,repeat_unit,character varying,,,,YES
project_task_recurrence,6,repeat_type,character varying,,,,YES
project_task_recurrence,7,repeat_until,date,,,,YES
project_task_recurrence,8,create_date,timestamp without time zone,,,,YES
project_task_recurrence,9,write_date,timestamp without time zone,,,,YES
project_task_type,1,id,integer,,32,0,NO
project_task_type,2,sequence,integer,,32,0,YES
project_task_type,3,mail_template_id,integer,,32,0,YES
project_task_type,4,color,integer,,32,0,YES
project_task_type,5,rating_template_id,integer,,32,0,YES
project_task_type,6,rotting_threshold_days,integer,,32,0,YES
project_task_type,7,user_id,integer,,32,0,YES
project_task_type,8,create_uid,integer,,32,0,YES
project_task_type,9,write_uid,integer,,32,0,YES
project_task_type,10,rating_status,character varying,,,,NO
project_task_type,11,rating_status_period,character varying,,,,NO
project_task_type,12,name,jsonb,,,,NO
project_task_type,13,active,boolean,,,,YES
project_task_type,14,fold,boolean,,,,YES
project_task_type,15,auto_validation_state,boolean,,,,YES
project_task_type,16,rating_active,boolean,,,,YES
project_task_type,17,rating_request_deadline,timestamp without time zone,,,,YES
project_task_type,18,create_date,timestamp without time zone,,,,YES
project_task_type,19,write_date,timestamp without time zone,,,,YES
project_task_type,20,sms_template_id,integer,,32,0,YES
project_task_type_delete_wizard,1,id,integer,,32,0,NO
project_task_type_delete_wizard,2,create_uid,integer,,32,0,YES
project_task_type_delete_wizard,3,write_uid,integer,,32,0,YES
project_task_type_delete_wizard,4,create_date,timestamp without time zone,,,,YES
project_task_type_delete_wizard,5,write_date,timestamp without time zone,,,,YES
project_task_type_project_task_type_delete_wizard_rel,1,project_task_type_delete_wizard_id,integer,,32,0,NO
project_task_type_project_task_type_delete_wizard_rel,2,project_task_type_id,integer,,32,0,NO
project_task_type_rel,1,project_id,integer,,32,0,NO
project_task_type_rel,2,type_id,integer,,32,0,NO
project_task_user_rel,1,id,integer,,32,0,NO
project_task_user_rel,2,task_id,integer,,32,0,NO
project_task_user_rel,3,user_id,integer,,32,0,NO
project_task_user_rel,4,stage_id,integer,,32,0,YES
project_task_user_rel,5,create_uid,integer,,32,0,YES
project_task_user_rel,6,write_uid,integer,,32,0,YES
project_task_user_rel,7,create_date,timestamp without time zone,,,,YES
project_task_user_rel,8,write_date,timestamp without time zone,,,,YES
project_template_create_wizard,1,id,integer,,32,0,NO
project_template_create_wizard,2,alias_domain_id,integer,,32,0,YES
project_template_create_wizard,3,template_id,integer,,32,0,YES
project_template_create_wizard,4,create_uid,integer,,32,0,YES
project_template_create_wizard,5,write_uid,integer,,32,0,YES
project_template_create_wizard,6,name,character varying,,,,NO
project_template_create_wizard,7,alias_name,character varying,,,,YES
project_template_create_wizard,8,date_start,date,,,,YES
project_template_create_wizard,9,date,date,,,,YES
project_template_create_wizard,10,create_date,timestamp without time zone,,,,YES
project_template_create_wizard,11,write_date,timestamp without time zone,,,,YES
project_template_role_to_users_map,1,id,integer,,32,0,NO
project_template_role_to_users_map,2,wizard_id,integer,,32,0,YES
project_template_role_to_users_map,3,role_id,integer,,32,0,NO
project_template_role_to_users_map,4,create_uid,integer,,32,0,YES
project_template_role_to_users_map,5,write_uid,integer,,32,0,YES
project_template_role_to_users_map,6,create_date,timestamp without time zone,,,,YES
project_template_role_to_users_map,7,write_date,timestamp without time zone,,,,YES
project_template_role_to_users_map_res_users_rel,1,project_template_role_to_users_map_id,integer,,32,0,NO
project_template_role_to_users_map_res_users_rel,2,res_users_id,integer,,32,0,NO
project_update,1,id,integer,,32,0,NO
project_update,2,progress,integer,,32,0,YES
project_update,3,user_id,integer,,32,0,NO
project_update,4,project_id,integer,,32,0,NO
project_update,5,task_count,integer,,32,0,YES
project_update,6,closed_task_count,integer,,32,0,YES
project_update,7,create_uid,integer,,32,0,YES
project_update,8,write_uid,integer,,32,0,YES
project_update,9,email_cc,character varying,,,,YES
project_update,10,name,character varying,,,,NO
project_update,11,status,character varying,,,,NO
project_update,12,date,date,,,,YES
project_update,13,description,text,,,,YES
project_update,14,create_date,timestamp without time zone,,,,YES
project_update,15,write_date,timestamp without time zone,,,,YES
project_update,16,allocated_time,integer,,32,0,YES
project_update,17,timesheet_time,integer,,32,0,YES
project_update,18,uom_id,integer,,32,0,YES
properties_base_definition,1,id,integer,,32,0,NO
properties_base_definition,2,properties_field_id,integer,,32,0,NO
properties_base_definition,3,create_uid,integer,,32,0,YES
properties_base_definition,4,write_uid,integer,,32,0,YES
properties_base_definition,5,properties_definition,jsonb,,,,YES
properties_base_definition,6,create_date,timestamp without time zone,,,,YES
properties_base_definition,7,write_date,timestamp without time zone,,,,YES
rating_rating,1,id,integer,,32,0,NO
rating_rating,2,res_model_id,integer,,32,0,YES
rating_rating,3,res_id,integer,,32,0,NO
rating_rating,4,parent_res_model_id,integer,,32,0,YES
rating_rating,5,parent_res_id,integer,,32,0,YES
rating_rating,6,rated_partner_id,integer,,32,0,YES
rating_rating,7,partner_id,integer,,32,0,YES
rating_rating,8,message_id,integer,,32,0,YES
rating_rating,9,create_uid,integer,,32,0,YES
rating_rating,10,write_uid,integer,,32,0,YES
rating_rating,11,res_name,character varying,,,,YES
rating_rating,12,res_model,character varying,,,,YES
rating_rating,13,parent_res_name,character varying,,,,YES
rating_rating,14,parent_res_model,character varying,,,,YES
rating_rating,15,rating_text,character varying,,,,YES
rating_rating,16,access_token,character varying,,,,YES
rating_rating,17,feedback,text,,,,YES
rating_rating,18,is_internal,boolean,,,,YES
rating_rating,19,consumed,boolean,,,,YES
rating_rating,20,create_date,timestamp without time zone,,,,YES
rating_rating,21,rated_on,timestamp without time zone,,,,YES
rating_rating,22,write_date,timestamp without time zone,,,,YES
rating_rating,23,rating,double precision,,53,,YES
rating_rating,24,publisher_id,integer,,32,0,YES
rating_rating,25,publisher_comment,text,,,,YES
rating_rating,26,publisher_datetime,timestamp without time zone,,,,YES
rel_badge_auth_users,1,gamification_badge_id,integer,,32,0,NO
rel_badge_auth_users,2,res_users_id,integer,,32,0,NO
rel_modules_langexport,1,wiz_id,integer,,32,0,NO
rel_modules_langexport,2,module_id,integer,,32,0,NO
report_layout,1,id,integer,,32,0,NO
report_layout,2,view_id,integer,,32,0,NO
report_layout,3,sequence,integer,,32,0,YES
report_layout,4,create_uid,integer,,32,0,YES
report_layout,5,write_uid,integer,,32,0,YES
report_layout,6,image,character varying,,,,YES
report_layout,7,pdf,character varying,,,,YES
report_layout,8,name,character varying,,,,YES
report_layout,9,create_date,timestamp without time zone,,,,YES
report_layout,10,write_date,timestamp without time zone,,,,YES
report_paperformat,1,id,integer,,32,0,NO
report_paperformat,2,page_height,integer,,32,0,YES
report_paperformat,3,page_width,integer,,32,0,YES
report_paperformat,4,header_spacing,integer,,32,0,YES
report_paperformat,5,dpi,integer,,32,0,NO
report_paperformat,6,create_uid,integer,,32,0,YES
report_paperformat,7,write_uid,integer,,32,0,YES
report_paperformat,8,name,character varying,,,,NO
report_paperformat,9,format,character varying,,,,YES
report_paperformat,10,orientation,character varying,,,,YES
report_paperformat,11,default,boolean,,,,YES
report_paperformat,12,header_line,boolean,,,,YES
report_paperformat,13,disable_shrinking,boolean,,,,YES
report_paperformat,14,css_margins,boolean,,,,YES
report_paperformat,15,create_date,timestamp without time zone,,,,YES
report_paperformat,16,write_date,timestamp without time zone,,,,YES
report_paperformat,17,margin_top,double precision,,53,,YES
report_paperformat,18,margin_bottom,double precision,,53,,YES
report_paperformat,19,margin_left,double precision,,53,,YES
report_paperformat,20,margin_right,double precision,,53,,YES
report_project_task_user,1,nbr,integer,,32,0,YES
report_project_task_user,2,id,integer,,32,0,YES
report_project_task_user,3,task_id,integer,,32,0,YES
report_project_task_user,4,create_date,timestamp without time zone,,,,YES
report_project_task_user,5,date_assign,timestamp without time zone,,,,YES
report_project_task_user,6,date_end,timestamp without time zone,,,,YES
report_project_task_user,7,date_last_stage_update,timestamp without time zone,,,,YES
report_project_task_user,8,date_deadline,timestamp without time zone,,,,YES
report_project_task_user,9,display_in_project,boolean,,,,YES
report_project_task_user,10,project_id,integer,,32,0,YES
report_project_task_user,11,priority,character varying,,,,YES
report_project_task_user,12,name,character varying,,,,YES
report_project_task_user,13,company_id,integer,,32,0,YES
report_project_task_user,14,partner_id,integer,,32,0,YES
report_project_task_user,15,parent_id,integer,,32,0,YES
report_project_task_user,16,stage_id,integer,,32,0,YES
report_project_task_user,17,state,character varying,,,,YES
report_project_task_user,18,milestone_id,integer,,32,0,YES
report_project_task_user,19,is_closed,boolean,,,,YES
report_project_task_user,20,has_late_and_unreached_milestone,boolean,,,,YES
report_project_task_user,21,description,text,,,,YES
report_project_task_user,22,rating_last_value,double precision,,53,,YES
report_project_task_user,23,rating_avg,double precision,,53,,YES
report_project_task_user,24,working_days_close,double precision,,53,,YES
report_project_task_user,25,working_days_open,double precision,,53,,YES
report_project_task_user,26,working_hours_open,numeric,,,,YES
report_project_task_user,27,working_hours_close,numeric,,,,YES
report_project_task_user,28,delay_endings_days,numeric,,,,YES
report_project_task_user,29,dependent_ids_count,bigint,,64,0,YES
report_project_task_user,30,is_template,boolean,,,,YES
report_project_task_user,31,has_template_ancestor,boolean,,,,YES
report_project_task_user,32,progress,double precision,,53,,YES
report_project_task_user,33,effective_hours,double precision,,53,,YES
report_project_task_user,34,remaining_hours,double precision,,53,,YES
report_project_task_user,35,remaining_hours_percentage,double precision,,53,,YES
report_project_task_user,36,allocated_hours,double precision,,53,,YES
report_project_task_user,37,overtime,double precision,,53,,YES
res_bank,1,id,integer,,32,0,NO
res_bank,2,state,integer,,32,0,YES
res_bank,3,country,integer,,32,0,YES
res_bank,4,create_uid,integer,,32,0,YES
res_bank,5,write_uid,integer,,32,0,YES
res_bank,6,name,character varying,,,,NO
res_bank,7,street,character varying,,,,YES
res_bank,8,street2,character varying,,,,YES
res_bank,9,zip,character varying,,,,YES
res_bank,10,city,character varying,,,,YES
res_bank,11,email,character varying,,,,YES
res_bank,12,phone,character varying,,,,YES
res_bank,13,bic,character varying,,,,YES
res_bank,14,active,boolean,,,,YES
res_bank,15,create_date,timestamp without time zone,,,,YES
res_bank,16,write_date,timestamp without time zone,,,,YES
res_company,1,id,integer,,32,0,NO
res_company,2,name,character varying,,,,NO
res_company,3,partner_id,integer,,32,0,NO
res_company,4,currency_id,integer,,32,0,NO
res_company,5,sequence,integer,,32,0,YES
res_company,6,create_date,timestamp without time zone,,,,YES
res_company,7,parent_path,character varying,,,,YES
res_company,8,parent_id,integer,,32,0,YES
res_company,9,paperformat_id,integer,,32,0,YES
res_company,10,external_report_layout_id,integer,,32,0,YES
res_company,11,create_uid,integer,,32,0,YES
res_company,12,write_uid,integer,,32,0,YES
res_company,13,email,character varying,,,,YES
res_company,14,phone,character varying,,,,YES
res_company,15,font,character varying,,,,YES
res_company,16,primary_color,character varying,,,,YES
res_company,17,secondary_color,character varying,,,,YES
res_company,18,layout_background,character varying,,,,NO
res_company,19,report_header,jsonb,,,,YES
res_company,20,report_footer,jsonb,,,,YES
res_company,21,company_details,jsonb,,,,YES
res_company,22,active,boolean,,,,YES
res_company,23,uses_default_logo,boolean,,,,YES
res_company,24,write_date,timestamp without time zone,,,,YES
res_company,25,logo_web,bytea,,,,YES
res_company,26,nomenclature_id,integer,,32,0,YES
res_company,27,resource_calendar_id,integer,,32,0,YES
res_company,28,alias_domain_id,integer,,32,0,YES
res_company,29,email_primary_color,character varying,,,,YES
res_company,30,email_secondary_color,character varying,,,,YES
res_company,31,iap_enrich_auto_done,boolean,,,,YES
res_company,32,snailmail_color,boolean,,,,YES
res_company,33,snailmail_cover,boolean,,,,YES
res_company,34,snailmail_duplex,boolean,,,,YES
res_company,35,fiscalyear_last_day,integer,,32,0,NO
res_company,36,transfer_account_id,integer,,32,0,YES
res_company,37,default_cash_difference_income_account_id,integer,,32,0,YES
res_company,38,default_cash_difference_expense_account_id,integer,,32,0,YES
res_company,39,account_journal_suspense_account_id,integer,,32,0,YES
res_company,40,account_journal_early_pay_discount_gain_account_id,integer,,32,0,YES
res_company,41,account_journal_early_pay_discount_loss_account_id,integer,,32,0,YES
res_company,42,account_sale_tax_id,integer,,32,0,YES
res_company,43,account_purchase_tax_id,integer,,32,0,YES
res_company,44,account_purchase_receipt_fiscal_position_id,integer,,32,0,YES
res_company,45,currency_exchange_journal_id,integer,,32,0,YES
res_company,46,income_currency_exchange_account_id,integer,,32,0,YES
res_company,47,expense_currency_exchange_account_id,integer,,32,0,YES
res_company,48,incoterm_id,integer,,32,0,YES
res_company,49,batch_payment_sequence_id,integer,,32,0,YES
res_company,50,account_opening_move_id,integer,,32,0,YES
res_company,51,account_default_pos_receivable_account_id,integer,,32,0,YES
res_company,52,expense_accrual_account_id,integer,,32,0,YES
res_company,53,revenue_accrual_account_id,integer,,32,0,YES
res_company,54,automatic_entry_default_journal_id,integer,,32,0,YES
res_company,55,domestic_fiscal_position_id,integer,,32,0,YES
res_company,56,account_fiscal_country_id,integer,,32,0,YES
res_company,57,tax_cash_basis_journal_id,integer,,32,0,YES
res_company,58,account_cash_basis_base_account_id,integer,,32,0,YES
res_company,59,account_discount_income_allocation_id,integer,,32,0,YES
res_company,60,account_discount_expense_allocation_id,integer,,32,0,YES
res_company,61,income_account_id,integer,,32,0,YES
res_company,62,expense_account_id,integer,,32,0,YES
res_company,63,price_difference_account_id,integer,,32,0,YES
res_company,64,fiscalyear_last_month,character varying,,,,NO
res_company,65,chart_template,character varying,,,,YES
res_company,66,bank_account_code_prefix,character varying,,,,YES
res_company,67,cash_account_code_prefix,character varying,,,,YES
res_company,68,transfer_account_code_prefix,character varying,,,,YES
res_company,69,tax_calculation_rounding_method,character varying,,,,YES
res_company,70,terms_type,character varying,,,,YES
res_company,71,quick_edit_mode,character varying,,,,YES
res_company,72,account_price_include,character varying,,,,NO
res_company,73,fiscalyear_lock_date,date,,,,YES
res_company,74,tax_lock_date,date,,,,YES
res_company,75,sale_lock_date,date,,,,YES
res_company,76,purchase_lock_date,date,,,,YES
res_company,77,hard_lock_date,date,,,,YES
res_company,78,account_opening_date,date,,,,YES
res_company,79,invoice_terms,jsonb,,,,YES
res_company,80,invoice_terms_html,jsonb,,,,YES
res_company,81,expects_chart_of_accounts,boolean,,,,YES
res_company,82,anglo_saxon_accounting,boolean,,,,YES
res_company,83,qr_code,boolean,,,,YES
res_company,84,link_qr_code,boolean,,,,YES
res_company,85,display_invoice_amount_total_words,boolean,,,,YES
res_company,86,display_invoice_tax_company_currency,boolean,,,,YES
res_company,87,account_use_credit_limit,boolean,,,,YES
res_company,88,tax_exigibility,boolean,,,,YES
res_company,89,account_storno,boolean,,,,YES
res_company,90,restrictive_audit_trail,boolean,,,,YES
res_company,91,autopost_bills,boolean,,,,YES
res_company,92,hr_presence_control_email_amount,integer,,32,0,YES
res_company,93,contract_expiration_notice_period,integer,,32,0,YES
res_company,94,work_permit_expiration_notice_period,integer,,32,0,YES
res_company,95,hr_presence_control_ip_list,character varying,,,,YES
res_company,96,employee_properties_definition,jsonb,,,,YES
res_company,97,hr_presence_control_login,boolean,,,,YES
res_company,98,hr_presence_control_email,boolean,,,,YES
res_company,99,hr_presence_control_ip,boolean,,,,YES
res_company,100,hr_presence_control_attendance,boolean,,,,YES
res_company,101,vat_check_vies,boolean,,,,YES
res_company,102,overtime_company_threshold,integer,,32,0,YES
res_company,103,overtime_employee_threshold,integer,,32,0,YES
res_company,104,attendance_kiosk_delay,integer,,32,0,YES
res_company,105,attendance_kiosk_mode,character varying,,,,YES
res_company,106,attendance_barcode_source,character varying,,,,YES
res_company,107,attendance_kiosk_key,character varying,,,,YES
res_company,108,attendance_overtime_validation,character varying,,,,YES
res_company,109,hr_attendance_display_overtime,boolean,,,,YES
res_company,110,attendance_kiosk_use_pin,boolean,,,,YES
res_company,111,attendance_from_systray,boolean,,,,YES
res_company,112,auto_check_out,boolean,,,,YES
res_company,113,absence_management,boolean,,,,YES
res_company,114,attendance_device_tracking,boolean,,,,YES
res_company,115,auto_check_out_tolerance,double precision,,53,,YES
res_company,116,expense_journal_id,integer,,32,0,YES
res_company,117,job_properties_definition,jsonb,,,,YES
res_company,118,project_time_mode_id,integer,,32,0,YES
res_company,119,timesheet_encode_uom_id,integer,,32,0,YES
res_company,120,internal_project_id,integer,,32,0,YES
res_company,121,l10n_in_pan_entity_id,integer,,32,0,YES
res_company,122,l10n_in_withholding_account_id,integer,,32,0,YES
res_company,123,l10n_in_withholding_journal_id,integer,,32,0,YES
res_company,124,l10n_in_upi_id,character varying,,,,YES
res_company,125,l10n_in_hsn_code_digit,character varying,,,,YES
res_company,126,l10n_in_edi_production_env,boolean,,,,YES
res_company,127,l10n_in_tds_feature,boolean,,,,YES
res_company,128,l10n_in_tcs_feature,boolean,,,,YES
res_company,129,l10n_in_is_gst_registered,boolean,,,,YES
res_company,130,l10n_in_gstin_status_feature,boolean,,,,YES
res_company,131,leave_timesheet_task_id,integer,,32,0,YES
res_company_spreadsheet_dashboard_rel,1,spreadsheet_dashboard_id,integer,,32,0,NO
res_company_spreadsheet_dashboard_rel,2,res_company_id,integer,,32,0,NO
res_company_users_rel,1,cid,integer,,32,0,NO
res_company_users_rel,2,user_id,integer,,32,0,NO
res_config,1,id,integer,,32,0,NO
res_config,2,create_uid,integer,,32,0,YES
res_config,3,write_uid,integer,,32,0,YES
res_config,4,create_date,timestamp without time zone,,,,YES
res_config,5,write_date,timestamp without time zone,,,,YES
res_config_settings,1,id,integer,,32,0,NO
res_config_settings,2,create_uid,integer,,32,0,YES
res_config_settings,3,write_uid,integer,,32,0,YES
res_config_settings,4,create_date,timestamp without time zone,,,,YES
res_config_settings,5,write_date,timestamp without time zone,,,,YES
res_config_settings,6,web_app_name,character varying,,,,YES
res_config_settings,7,company_id,integer,,32,0,NO
res_config_settings,8,module_base_import,boolean,,,,YES
res_config_settings,9,module_google_calendar,boolean,,,,YES
res_config_settings,10,module_microsoft_calendar,boolean,,,,YES
res_config_settings,11,module_mail_plugin,boolean,,,,YES
res_config_settings,12,module_auth_oauth,boolean,,,,YES
res_config_settings,13,module_auth_ldap,boolean,,,,YES
res_config_settings,14,module_account_inter_company_rules,boolean,,,,YES
res_config_settings,15,module_voip,boolean,,,,YES
res_config_settings,16,module_web_unsplash,boolean,,,,YES
res_config_settings,17,module_sms,boolean,,,,YES
res_config_settings,18,module_partner_autocomplete,boolean,,,,YES
res_config_settings,19,module_base_geolocalize,boolean,,,,YES
res_config_settings,20,module_google_recaptcha,boolean,,,,YES
res_config_settings,21,module_website_cf_turnstile,boolean,,,,YES
res_config_settings,22,module_google_address_autocomplete,boolean,,,,YES
res_config_settings,23,group_multi_currency,boolean,,,,YES
res_config_settings,24,show_effect,boolean,,,,YES
res_config_settings,25,profiling_enabled_until,timestamp without time zone,,,,YES
res_config_settings,26,unsplash_access_key,character varying,,,,YES
res_config_settings,27,unsplash_app_id,character varying,,,,YES
res_config_settings,28,geoloc_provider_id,integer,,32,0,YES
res_config_settings,29,geoloc_provider_googlemap_key,character varying,,,,YES
res_config_settings,30,twilio_account_sid,character varying,,,,YES
res_config_settings,31,twilio_account_token,character varying,,,,YES
res_config_settings,32,sfu_server_url,character varying,,,,YES
res_config_settings,33,sfu_server_key,character varying,,,,YES
res_config_settings,34,tenor_api_key,character varying,,,,YES
res_config_settings,35,google_translate_api_key,character varying,,,,YES
res_config_settings,36,external_email_server_default,boolean,,,,YES
res_config_settings,37,module_google_gmail,boolean,,,,YES
res_config_settings,38,module_microsoft_outlook,boolean,,,,YES
res_config_settings,39,restrict_template_rendering,boolean,,,,YES
res_config_settings,40,use_twilio_rtc_servers,boolean,,,,YES
res_config_settings,41,use_sfu_server,boolean,,,,YES
res_config_settings,42,group_analytic_accounting,boolean,,,,YES
res_config_settings,43,auth_signup_template_user_id,integer,,32,0,YES
res_config_settings,44,auth_signup_uninvited,character varying,,,,YES
res_config_settings,45,auth_signup_reset_password,boolean,,,,YES
res_config_settings,46,auth_totp_policy,character varying,,,,YES
res_config_settings,47,auth_totp_enforce,boolean,,,,YES
res_config_settings,48,google_gmail_client_identifier,character varying,,,,YES
res_config_settings,49,google_gmail_client_secret,character varying,,,,YES
res_config_settings,50,microsoft_outlook_client_identifier,character varying,,,,YES
res_config_settings,51,microsoft_outlook_client_secret,character varying,,,,YES
res_config_settings,52,product_weight_in_lbs,character varying,,,,YES
res_config_settings,53,product_volume_volume_in_cubic_feet,character varying,,,,YES
res_config_settings,54,group_uom,boolean,,,,YES
res_config_settings,55,group_product_variant,boolean,,,,YES
res_config_settings,56,module_loyalty,boolean,,,,YES
res_config_settings,57,group_product_pricelist,boolean,,,,YES
res_config_settings,58,digest_id,integer,,32,0,YES
res_config_settings,59,digest_emails,boolean,,,,YES
res_config_settings,60,google_maps_static_api_key,character varying,,,,YES
res_config_settings,61,google_maps_static_api_secret,character varying,,,,YES
res_config_settings,62,module_event_sale,boolean,,,,YES
res_config_settings,63,module_pos_event,boolean,,,,YES
res_config_settings,64,module_website_event_track,boolean,,,,YES
res_config_settings,65,module_website_event_track_live,boolean,,,,YES
res_config_settings,66,module_website_event_track_quiz,boolean,,,,YES
res_config_settings,67,module_website_event_exhibitor,boolean,,,,YES
res_config_settings,68,use_event_barcode,boolean,,,,YES
res_config_settings,69,module_website_event_sale,boolean,,,,YES
res_config_settings,70,module_event_booth,boolean,,,,YES
res_config_settings,71,use_google_maps_static_api,boolean,,,,YES
res_config_settings,72,chart_template,character varying,,,,YES
res_config_settings,73,module_account_accountant,boolean,,,,YES
res_config_settings,74,group_cash_rounding,boolean,,,,YES
res_config_settings,75,show_sale_receipts,boolean,,,,YES
res_config_settings,76,module_account_budget,boolean,,,,YES
res_config_settings,77,module_account_payment,boolean,,,,YES
res_config_settings,78,module_account_reports,boolean,,,,YES
res_config_settings,79,module_account_check_printing,boolean,,,,YES
res_config_settings,80,module_account_batch_payment,boolean,,,,YES
res_config_settings,81,module_account_iso20022,boolean,,,,YES
res_config_settings,82,module_account_sepa_direct_debit,boolean,,,,YES
res_config_settings,83,module_account_bank_statement_import_qif,boolean,,,,YES
res_config_settings,84,module_currency_rate_live,boolean,,,,YES
res_config_settings,85,module_account_intrastat,boolean,,,,YES
res_config_settings,86,module_product_margin,boolean,,,,YES
res_config_settings,87,module_account_extract,boolean,,,,YES
res_config_settings,88,module_account_invoice_extract,boolean,,,,YES
res_config_settings,89,module_account_bank_statement_extract,boolean,,,,YES
res_config_settings,90,module_snailmail_account,boolean,,,,YES
res_config_settings,91,module_account_peppol,boolean,,,,YES
res_config_settings,92,use_invoice_terms,boolean,,,,YES
res_config_settings,93,group_sale_delivery_address,boolean,,,,YES
res_config_settings,94,module_hr_presence,boolean,,,,YES
res_config_settings,95,module_hr_skills,boolean,,,,YES
res_config_settings,96,module_hr_timesheet,boolean,,,,YES
res_config_settings,97,group_project_stages,boolean,,,,YES
res_config_settings,98,pay_invoices_online,boolean,,,,YES
res_config_settings,99,overtime_company_threshold,integer,,32,0,YES
res_config_settings,100,overtime_employee_threshold,integer,,32,0,YES
res_config_settings,101,hr_expense_alias_prefix,character varying,,,,YES
res_config_settings,102,hr_expense_use_mailgateway,boolean,,,,YES
res_config_settings,103,module_hr_payroll_expense,boolean,,,,YES
res_config_settings,104,module_hr_expense_extract,boolean,,,,YES
res_config_settings,105,module_hr_expense_stripe,boolean,,,,YES
res_config_settings,106,module_website_hr_recruitment,boolean,,,,YES
res_config_settings,107,module_hr_recruitment_survey,boolean,,,,YES
res_config_settings,108,module_hr_recruitment_extract,boolean,,,,YES
res_config_settings,109,alias_prefix,jsonb,,,,YES
res_config_settings,110,alias_domain,jsonb,,,,YES
res_config_settings,111,module_l10n_fr_hr_payroll,boolean,,,,YES
res_config_settings,112,module_l10n_be_hr_payroll,boolean,,,,YES
res_config_settings,113,module_l10n_in_hr_payroll,boolean,,,,YES
res_config_settings,114,module_project_timesheet_holidays,boolean,,,,YES
res_config_settings,115,reminder_user_allow,boolean,,,,YES
res_config_settings,116,reminder_allow,boolean,,,,YES
res_config_settings,117,group_l10n_in_reseller,boolean,,,,YES
res_config_settings,118,l10n_in_gst_efiling_feature,boolean,,,,YES
res_config_settings,119,l10n_in_fetch_vendor_edi_feature,boolean,,,,YES
res_config_settings,120,l10n_in_enet_vendor_batch_payment_feature,boolean,,,,YES
res_config_settings,121,module_l10n_in_reports,boolean,,,,YES
res_config_settings,122,module_l10n_in_edi,boolean,,,,YES
res_config_settings,123,module_l10n_in_ewaybill,boolean,,,,YES
res_config_settings,124,loan_approve,boolean,,,,YES
res_config_settings,125,module_hr_custody,boolean,,,,YES
res_config_settings,126,module_hr_employee_shift,boolean,,,,YES
res_config_settings,127,module_hr_insurance,boolean,,,,YES
res_config_settings,128,module_oh_hr_lawsuit_management,boolean,,,,YES
res_config_settings,129,module_hr_resignation,boolean,,,,YES
res_config_settings,130,module_hr_vacation_mngmt,boolean,,,,YES
res_config_settings,131,module_oh_hr_zk_attendance,boolean,,,,YES
res_config_settings,132,test_module_hr_custody,boolean,,,,YES
res_config_settings,133,test_module_hr_employee_shift,boolean,,,,YES
res_config_settings,134,test_module_hr_insurance,boolean,,,,YES
res_config_settings,135,test_module_oh_hr_lawsuit_management,boolean,,,,YES
res_config_settings,136,test_module_hr_resignation,boolean,,,,YES
res_config_settings,137,test_module_hr_vacation_mngmt,boolean,,,,YES
res_config_settings,138,test_module_oh_hr_zk_attendance,boolean,,,,YES
res_config_settings,139,order_menu,boolean,,,,YES
res_country,1,id,integer,,32,0,NO
res_country,2,address_view_id,integer,,32,0,YES
res_country,3,currency_id,integer,,32,0,YES
res_country,4,phone_code,integer,,32,0,YES
res_country,5,create_uid,integer,,32,0,YES
res_country,6,write_uid,integer,,32,0,YES
res_country,7,code,character varying,2,,,NO
res_country,8,name_position,character varying,,,,YES
res_country,9,name,jsonb,,,,NO
res_country,10,vat_label,jsonb,,,,YES
res_country,11,address_format,text,,,,YES
res_country,12,state_required,boolean,,,,YES
res_country,13,zip_required,boolean,,,,YES
res_country,14,create_date,timestamp without time zone,,,,YES
res_country,15,write_date,timestamp without time zone,,,,YES
res_country_group,1,id,integer,,32,0,NO
res_country_group,2,create_uid,integer,,32,0,YES
res_country_group,3,write_uid,integer,,32,0,YES
res_country_group,4,code,character varying,,,,YES
res_country_group,5,name,jsonb,,,,NO
res_country_group,6,create_date,timestamp without time zone,,,,YES
res_country_group,7,write_date,timestamp without time zone,,,,YES
res_country_group_pricelist_rel,1,pricelist_id,integer,,32,0,NO
res_country_group_pricelist_rel,2,res_country_group_id,integer,,32,0,NO
res_country_group_res_country_state_rel,1,res_country_group_id,integer,,32,0,NO
res_country_group_res_country_state_rel,2,res_country_state_id,integer,,32,0,NO
res_country_res_country_group_rel,1,res_country_id,integer,,32,0,NO
res_country_res_country_group_rel,2,res_country_group_id,integer,,32,0,NO
res_country_state,1,id,integer,,32,0,NO
res_country_state,2,country_id,integer,,32,0,NO
res_country_state,3,create_uid,integer,,32,0,YES
res_country_state,4,write_uid,integer,,32,0,YES
res_country_state,5,name,character varying,,,,NO
res_country_state,6,code,character varying,,,,NO
res_country_state,7,create_date,timestamp without time zone,,,,YES
res_country_state,8,write_date,timestamp without time zone,,,,YES
res_country_state,9,l10n_in_tin,character varying,2,,,YES
res_currency,1,id,integer,,32,0,NO
res_currency,2,name,character varying,,,,NO
res_currency,3,symbol,character varying,,,,NO
res_currency,4,iso_numeric,integer,,32,0,YES
res_currency,5,decimal_places,integer,,32,0,YES
res_currency,6,create_uid,integer,,32,0,YES
res_currency,7,write_uid,integer,,32,0,YES
res_currency,8,full_name,character varying,,,,YES
res_currency,9,position,character varying,,,,YES
res_currency,10,currency_unit_label,jsonb,,,,YES
res_currency,11,currency_subunit_label,jsonb,,,,YES
res_currency,12,rounding,numeric,,,,YES
res_currency,13,active,boolean,,,,YES
res_currency,14,create_date,timestamp without time zone,,,,YES
res_currency,15,write_date,timestamp without time zone,,,,YES
res_currency_rate,1,id,integer,,32,0,NO
res_currency_rate,2,currency_id,integer,,32,0,NO
res_currency_rate,3,company_id,integer,,32,0,YES
res_currency_rate,4,create_uid,integer,,32,0,YES
res_currency_rate,5,write_uid,integer,,32,0,YES
res_currency_rate,6,name,date,,,,NO
res_currency_rate,7,rate,numeric,,,,YES
res_currency_rate,8,create_date,timestamp without time zone,,,,YES
res_currency_rate,9,write_date,timestamp without time zone,,,,YES
res_device,1,id,integer,,32,0,YES
res_device,2,user_id,integer,,32,0,YES
res_device,3,create_uid,integer,,32,0,YES
res_device,4,write_uid,integer,,32,0,YES
res_device,5,session_identifier,character varying,,,,YES
res_device,6,platform,character varying,,,,YES
res_device,7,browser,character varying,,,,YES
res_device,8,ip_address,character varying,,,,YES
res_device,9,country,character varying,,,,YES
res_device,10,city,character varying,,,,YES
res_device,11,device_type,character varying,,,,YES
res_device,12,revoked,boolean,,,,YES
res_device,13,first_activity,timestamp without time zone,,,,YES
res_device,14,last_activity,timestamp without time zone,,,,YES
res_device,15,create_date,timestamp without time zone,,,,YES
res_device,16,write_date,timestamp without time zone,,,,YES
res_device_log,1,id,integer,,32,0,NO
res_device_log,2,user_id,integer,,32,0,YES
res_device_log,3,create_uid,integer,,32,0,YES
res_device_log,4,write_uid,integer,,32,0,YES
res_device_log,5,session_identifier,character varying,,,,NO
res_device_log,6,platform,character varying,,,,YES
res_device_log,7,browser,character varying,,,,YES
res_device_log,8,ip_address,character varying,,,,YES
res_device_log,9,country,character varying,,,,YES
res_device_log,10,city,character varying,,,,YES
res_device_log,11,device_type,character varying,,,,YES
res_device_log,12,revoked,boolean,,,,YES
res_device_log,13,first_activity,timestamp without time zone,,,,YES
res_device_log,14,last_activity,timestamp without time zone,,,,YES
res_device_log,15,create_date,timestamp without time zone,,,,YES
res_device_log,16,write_date,timestamp without time zone,,,,YES
res_groups,1,id,integer,,32,0,NO
res_groups,2,name,jsonb,,,,NO
res_groups,3,sequence,integer,,32,0,YES
res_groups,4,privilege_id,integer,,32,0,YES
res_groups,5,create_uid,integer,,32,0,YES
res_groups,6,write_uid,integer,,32,0,YES
res_groups,7,comment,jsonb,,,,YES
res_groups,8,share,boolean,,,,YES
res_groups,9,create_date,timestamp without time zone,,,,YES
res_groups,10,write_date,timestamp without time zone,,,,YES
res_groups,11,api_key_duration,double precision,,53,,YES
res_groups_implied_rel,1,gid,integer,,32,0,NO
res_groups_implied_rel,2,hid,integer,,32,0,NO
res_groups_privilege,1,id,integer,,32,0,NO
res_groups_privilege,2,sequence,integer,,32,0,YES
res_groups_privilege,3,category_id,integer,,32,0,YES
res_groups_privilege,4,create_uid,integer,,32,0,YES
res_groups_privilege,5,write_uid,integer,,32,0,YES
res_groups_privilege,6,placeholder,character varying,,,,YES
res_groups_privilege,7,name,jsonb,,,,NO
res_groups_privilege,8,description,text,,,,YES
res_groups_privilege,9,create_date,timestamp without time zone,,,,YES
res_groups_privilege,10,write_date,timestamp without time zone,,,,YES
res_groups_report_rel,1,uid,integer,,32,0,NO
res_groups_report_rel,2,gid,integer,,32,0,NO
res_groups_spreadsheet_dashboard_rel,1,spreadsheet_dashboard_id,integer,,32,0,NO
res_groups_spreadsheet_dashboard_rel,2,res_groups_id,integer,,32,0,NO
res_groups_users_rel,1,gid,integer,,32,0,NO
res_groups_users_rel,2,uid,integer,,32,0,NO
res_lang,1,id,integer,,32,0,NO
res_lang,2,create_uid,integer,,32,0,YES
res_lang,3,write_uid,integer,,32,0,YES
res_lang,4,name,character varying,,,,NO
res_lang,5,code,character varying,,,,NO
res_lang,6,iso_code,character varying,,,,YES
res_lang,7,url_code,character varying,,,,NO
res_lang,8,direction,character varying,,,,NO
res_lang,9,date_format,character varying,,,,NO
res_lang,10,time_format,character varying,,,,NO
res_lang,11,week_start,character varying,,,,NO
res_lang,12,grouping,character varying,,,,NO
res_lang,13,decimal_point,character varying,,,,NO
res_lang,14,thousands_sep,character varying,,,,YES
res_lang,15,active,boolean,,,,YES
res_lang,16,create_date,timestamp without time zone,,,,YES
res_lang,17,write_date,timestamp without time zone,,,,YES
res_lang_install_rel,1,language_wizard_id,integer,,32,0,NO
res_lang_install_rel,2,lang_id,integer,,32,0,NO
res_lang_survey_survey_rel,1,survey_survey_id,integer,,32,0,NO
res_lang_survey_survey_rel,2,res_lang_id,integer,,32,0,NO
res_partner,1,id,integer,,32,0,NO
res_partner,2,company_id,integer,,32,0,YES
res_partner,3,create_date,timestamp without time zone,,,,YES
res_partner,4,name,character varying,,,,YES
res_partner,5,parent_id,integer,,32,0,YES
res_partner,6,user_id,integer,,32,0,YES
res_partner,7,state_id,integer,,32,0,YES
res_partner,8,country_id,integer,,32,0,YES
res_partner,9,industry_id,integer,,32,0,YES
res_partner,10,color,integer,,32,0,YES
res_partner,11,commercial_partner_id,integer,,32,0,YES
res_partner,12,create_uid,integer,,32,0,YES
res_partner,13,write_uid,integer,,32,0,YES
res_partner,14,complete_name,character varying,,,,YES
res_partner,15,ref,character varying,,,,YES
res_partner,16,lang,character varying,,,,YES
res_partner,17,tz,character varying,,,,YES
res_partner,18,vat,character varying,,,,YES
res_partner,19,company_registry,character varying,,,,YES
res_partner,20,website,character varying,,,,YES
res_partner,21,function,character varying,,,,YES
res_partner,22,type,character varying,,,,YES
res_partner,23,street,character varying,,,,YES
res_partner,24,street2,character varying,,,,YES
res_partner,25,zip,character varying,,,,YES
res_partner,26,city,character varying,,,,YES
res_partner,27,email,character varying,,,,YES
res_partner,28,phone,character varying,,,,YES
res_partner,29,commercial_company_name,character varying,,,,YES
res_partner,30,company_name,character varying,,,,YES
res_partner,31,properties,jsonb,,,,YES
res_partner,32,barcode,jsonb,,,,YES
res_partner,33,comment,text,,,,YES
res_partner,34,partner_latitude,numeric,,,,YES
res_partner,35,partner_longitude,numeric,,,,YES
res_partner,36,active,boolean,,,,YES
res_partner,37,employee,boolean,,,,YES
res_partner,38,is_company,boolean,,,,YES
res_partner,39,partner_share,boolean,,,,YES
res_partner,40,write_date,timestamp without time zone,,,,YES
res_partner,41,date_localization,date,,,,YES
res_partner,42,message_bounce,integer,,32,0,YES
res_partner,43,email_normalized,character varying,,,,YES
res_partner,44,signup_type,character varying,,,,YES
res_partner,45,calendar_last_notif_ack,timestamp without time zone,,,,YES
res_partner,46,phone_sanitized,character varying,,,,YES
res_partner,47,specific_property_product_pricelist,jsonb,,,,YES
res_partner,48,invoice_template_pdf_report_id,integer,,32,0,YES
res_partner,49,supplier_rank,integer,,32,0,YES
res_partner,50,customer_rank,integer,,32,0,YES
res_partner,51,autopost_bills,character varying,,,,NO
res_partner,52,credit_limit,jsonb,,,,YES
res_partner,53,property_account_payable_id,jsonb,,,,YES
res_partner,54,property_account_receivable_id,jsonb,,,,YES
res_partner,55,property_account_position_id,jsonb,,,,YES
res_partner,56,property_payment_term_id,jsonb,,,,YES
res_partner,57,property_supplier_payment_term_id,jsonb,,,,YES
res_partner,58,trust,jsonb,,,,YES
res_partner,59,ignore_abnormal_invoice_date,jsonb,,,,YES
res_partner,60,ignore_abnormal_invoice_amount,jsonb,,,,YES
res_partner,61,invoice_sending_method,jsonb,,,,YES
res_partner,62,invoice_edi_format_store,jsonb,,,,YES
res_partner,63,property_outbound_payment_method_line_id,jsonb,,,,YES
res_partner,64,property_inbound_payment_method_line_id,jsonb,,,,YES
res_partner,65,global_location_number,character varying,,,,YES
res_partner,66,peppol_endpoint,character varying,,,,YES
res_partner,67,peppol_eas,character varying,,,,YES
res_partner,68,vies_valid,boolean,,,,YES
res_partner,69,l10n_in_pan_entity_id,integer,,32,0,YES
res_partner,70,l10n_in_gst_treatment,character varying,,,,YES
res_partner,71,l10n_in_tan,character varying,,,,YES
res_partner,72,l10n_in_gstin_verified_date,date,,,,YES
res_partner,73,l10n_in_gstin_verified_status,boolean,,,,YES
res_partner_bank,1,id,integer,,32,0,NO
res_partner_bank,2,partner_id,integer,,32,0,NO
res_partner_bank,3,bank_id,integer,,32,0,YES
res_partner_bank,4,sequence,integer,,32,0,YES
res_partner_bank,5,currency_id,integer,,32,0,YES
res_partner_bank,6,company_id,integer,,32,0,YES
res_partner_bank,7,create_uid,integer,,32,0,YES
res_partner_bank,8,write_uid,integer,,32,0,YES
res_partner_bank,9,acc_number,character varying,,,,NO
res_partner_bank,10,clearing_number,character varying,,,,YES
res_partner_bank,11,sanitized_acc_number,character varying,,,,YES
res_partner_bank,12,acc_holder_name,character varying,,,,YES
res_partner_bank,13,note,text,,,,YES
res_partner_bank,14,active,boolean,,,,YES
res_partner_bank,15,allow_out_payment,boolean,,,,YES
res_partner_bank,16,create_date,timestamp without time zone,,,,YES
res_partner_bank,17,write_date,timestamp without time zone,,,,YES
res_partner_bank,18,has_iban_warning,boolean,,,,YES
res_partner_bank,19,has_money_transfer_warning,boolean,,,,YES
res_partner_category,1,id,integer,,32,0,NO
res_partner_category,2,color,integer,,32,0,YES
res_partner_category,3,parent_id,integer,,32,0,YES
res_partner_category,4,create_uid,integer,,32,0,YES
res_partner_category,5,write_uid,integer,,32,0,YES
res_partner_category,6,parent_path,character varying,,,,YES
res_partner_category,7,name,jsonb,,,,NO
res_partner_category,8,active,boolean,,,,YES
res_partner_category,9,create_date,timestamp without time zone,,,,YES
res_partner_category,10,write_date,timestamp without time zone,,,,YES
res_partner_industry,1,id,integer,,32,0,NO
res_partner_industry,2,create_uid,integer,,32,0,YES
res_partner_industry,3,write_uid,integer,,32,0,YES
res_partner_industry,4,name,jsonb,,,,YES
res_partner_industry,5,full_name,jsonb,,,,YES
res_partner_industry,6,active,boolean,,,,YES
res_partner_industry,7,create_date,timestamp without time zone,,,,YES
res_partner_industry,8,write_date,timestamp without time zone,,,,YES
res_partner_res_partner_category_rel,1,category_id,integer,,32,0,NO
res_partner_res_partner_category_rel,2,partner_id,integer,,32,0,NO
res_partner_task_share_wizard_rel,1,task_share_wizard_id,integer,,32,0,NO
res_partner_task_share_wizard_rel,2,res_partner_id,integer,,32,0,NO
res_role,1,id,integer,,32,0,NO
res_role,2,create_uid,integer,,32,0,YES
res_role,3,write_uid,integer,,32,0,YES
res_role,4,name,character varying,,,,NO
res_role,5,create_date,timestamp without time zone,,,,YES
res_role,6,write_date,timestamp without time zone,,,,YES
res_role_res_users_rel,1,res_role_id,integer,,32,0,NO
res_role_res_users_rel,2,res_users_id,integer,,32,0,NO
res_users,1,id,integer,,32,0,NO
res_users,2,company_id,integer,,32,0,NO
res_users,3,partner_id,integer,,32,0,NO
res_users,4,active,boolean,,,,YES
res_users,5,create_date,timestamp without time zone,,,,YES
res_users,6,login,character varying,,,,NO
res_users,7,password,character varying,,,,YES
res_users,8,action_id,integer,,32,0,YES
res_users,9,create_uid,integer,,32,0,YES
res_users,10,write_uid,integer,,32,0,YES
res_users,11,signature,text,,,,YES
res_users,12,share,boolean,,,,YES
res_users,13,write_date,timestamp without time zone,,,,YES
res_users,14,totp_last_counter,integer,,32,0,YES
res_users,15,totp_secret,character varying,,,,YES
res_users,16,tour_enabled,boolean,,,,YES
res_users,17,notification_type,character varying,,,,NO
res_users,18,manual_im_status,character varying,,,,YES
res_users,19,out_of_office_message,text,,,,YES
res_users,20,out_of_office_from,timestamp without time zone,,,,YES
res_users,21,out_of_office_to,timestamp without time zone,,,,YES
res_users,22,karma,integer,,32,0,YES
res_users,23,rank_id,integer,,32,0,YES
res_users,24,next_rank_id,integer,,32,0,YES
res_users,25,odoobot_state,character varying,,,,YES
res_users,26,odoobot_failed,boolean,,,,YES
res_users_apikeys,1,id,integer,,32,0,NO
res_users_apikeys,2,name,character varying,,,,NO
res_users_apikeys,3,user_id,integer,,32,0,NO
res_users_apikeys,4,scope,character varying,,,,YES
res_users_apikeys,5,expiration_date,timestamp without time zone,,,,YES
res_users_apikeys,6,index,character varying,8,,,YES
res_users_apikeys,7,key,character varying,,,,YES
res_users_apikeys,8,create_date,timestamp without time zone,,,,YES
res_users_apikeys_description,1,id,integer,,32,0,NO
res_users_apikeys_description,2,create_uid,integer,,32,0,YES
res_users_apikeys_description,3,write_uid,integer,,32,0,YES
res_users_apikeys_description,4,name,character varying,,,,NO
res_users_apikeys_description,5,duration,character varying,,,,NO
res_users_apikeys_description,6,expiration_date,timestamp without time zone,,,,YES
res_users_apikeys_description,7,create_date,timestamp without time zone,,,,YES
res_users_apikeys_description,8,write_date,timestamp without time zone,,,,YES
res_users_deletion,1,id,integer,,32,0,NO
res_users_deletion,2,user_id,integer,,32,0,YES
res_users_deletion,3,user_id_int,integer,,32,0,YES
res_users_deletion,4,create_uid,integer,,32,0,YES
res_users_deletion,5,write_uid,integer,,32,0,YES
res_users_deletion,6,state,character varying,,,,NO
res_users_deletion,7,create_date,timestamp without time zone,,,,YES
res_users_deletion,8,write_date,timestamp without time zone,,,,YES
res_users_identitycheck,1,id,integer,,32,0,NO
res_users_identitycheck,2,create_uid,integer,,32,0,YES
res_users_identitycheck,3,write_uid,integer,,32,0,YES
res_users_identitycheck,4,request,character varying,,,,YES
res_users_identitycheck,5,auth_method,character varying,,,,YES
res_users_identitycheck,6,create_date,timestamp without time zone,,,,YES
res_users_identitycheck,7,write_date,timestamp without time zone,,,,YES
res_users_log,1,id,integer,,32,0,NO
res_users_log,2,create_uid,integer,,32,0,YES
res_users_log,3,write_uid,integer,,32,0,YES
res_users_log,4,create_date,timestamp without time zone,,,,YES
res_users_log,5,write_date,timestamp without time zone,,,,YES
res_users_settings,1,id,integer,,32,0,NO
res_users_settings,2,user_id,integer,,32,0,NO
res_users_settings,3,create_uid,integer,,32,0,YES
res_users_settings,4,write_uid,integer,,32,0,YES
res_users_settings,5,create_date,timestamp without time zone,,,,YES
res_users_settings,6,write_date,timestamp without time zone,,,,YES
res_users_settings,7,voice_active_duration,integer,,32,0,YES
res_users_settings,8,push_to_talk_key,character varying,,,,YES
res_users_settings,9,channel_notifications,character varying,,,,YES
res_users_settings,10,is_discuss_sidebar_category_channel_open,boolean,,,,YES
res_users_settings,11,is_discuss_sidebar_category_chat_open,boolean,,,,YES
res_users_settings,12,use_push_to_talk,boolean,,,,YES
res_users_settings,13,calendar_default_privacy,character varying,,,,NO
res_users_settings_embedded_action,1,id,integer,,32,0,NO
res_users_settings_embedded_action,2,user_setting_id,integer,,32,0,NO
res_users_settings_embedded_action,3,action_id,integer,,32,0,NO
res_users_settings_embedded_action,4,res_id,integer,,32,0,YES
res_users_settings_embedded_action,5,create_uid,integer,,32,0,YES
res_users_settings_embedded_action,6,write_uid,integer,,32,0,YES
res_users_settings_embedded_action,7,res_model,character varying,,,,NO
res_users_settings_embedded_action,8,embedded_actions_order,character varying,,,,YES
res_users_settings_embedded_action,9,embedded_actions_visibility,character varying,,,,YES
res_users_settings_embedded_action,10,embedded_visibility,boolean,,,,YES
res_users_settings_embedded_action,11,create_date,timestamp without time zone,,,,YES
res_users_settings_embedded_action,12,write_date,timestamp without time zone,,,,YES
res_users_settings_volumes,1,id,integer,,32,0,NO
res_users_settings_volumes,2,user_setting_id,integer,,32,0,NO
res_users_settings_volumes,3,partner_id,integer,,32,0,YES
res_users_settings_volumes,4,guest_id,integer,,32,0,YES
res_users_settings_volumes,5,create_uid,integer,,32,0,YES
res_users_settings_volumes,6,write_uid,integer,,32,0,YES
res_users_settings_volumes,7,create_date,timestamp without time zone,,,,YES
res_users_settings_volumes,8,write_date,timestamp without time zone,,,,YES
res_users_settings_volumes,9,volume,double precision,,53,,YES
res_users_spreadsheet_dashboard_rel,1,spreadsheet_dashboard_id,integer,,32,0,NO
res_users_spreadsheet_dashboard_rel,2,res_users_id,integer,,32,0,NO
res_users_survey_survey_rel,1,survey_survey_id,integer,,32,0,NO
res_users_survey_survey_rel,2,res_users_id,integer,,32,0,NO
res_users_web_tour_tour_rel,1,web_tour_tour_id,integer,,32,0,NO
res_users_web_tour_tour_rel,2,res_users_id,integer,,32,0,NO
reset_view_arch_wizard,1,id,integer,,32,0,NO
reset_view_arch_wizard,2,view_id,integer,,32,0,YES
reset_view_arch_wizard,3,compare_view_id,integer,,32,0,YES
reset_view_arch_wizard,4,create_uid,integer,,32,0,YES
reset_view_arch_wizard,5,write_uid,integer,,32,0,YES
reset_view_arch_wizard,6,reset_mode,character varying,,,,NO
reset_view_arch_wizard,7,create_date,timestamp without time zone,,,,YES
reset_view_arch_wizard,8,write_date,timestamp without time zone,,,,YES
resource_calendar,1,id,integer,,32,0,NO
resource_calendar,2,company_id,integer,,32,0,YES
resource_calendar,3,create_uid,integer,,32,0,YES
resource_calendar,4,write_uid,integer,,32,0,YES
resource_calendar,5,name,character varying,,,,NO
resource_calendar,6,schedule_type,character varying,,,,NO
resource_calendar,7,tz,character varying,,,,NO
resource_calendar,8,hours_per_day,numeric,,,,YES
resource_calendar,9,active,boolean,,,,YES
resource_calendar,10,duration_based,boolean,,,,YES
resource_calendar,11,flexible_hours,boolean,,,,YES
resource_calendar,12,two_weeks_calendar,boolean,,,,YES
resource_calendar,13,create_date,timestamp without time zone,,,,YES
resource_calendar,14,write_date,timestamp without time zone,,,,YES
resource_calendar,15,full_time_required_hours,double precision,,53,,YES
resource_calendar,16,hours_per_week,double precision,,53,,YES
resource_calendar_attendance,1,id,integer,,32,0,NO
resource_calendar_attendance,2,calendar_id,integer,,32,0,NO
resource_calendar_attendance,3,sequence,integer,,32,0,YES
resource_calendar_attendance,4,create_uid,integer,,32,0,YES
resource_calendar_attendance,5,write_uid,integer,,32,0,YES
resource_calendar_attendance,6,name,character varying,,,,NO
resource_calendar_attendance,7,dayofweek,character varying,,,,NO
resource_calendar_attendance,8,day_period,character varying,,,,NO
resource_calendar_attendance,9,week_type,character varying,,,,YES
resource_calendar_attendance,10,display_type,character varying,,,,YES
resource_calendar_attendance,11,create_date,timestamp without time zone,,,,YES
resource_calendar_attendance,12,write_date,timestamp without time zone,,,,YES
resource_calendar_attendance,13,hour_from,double precision,,53,,NO
resource_calendar_attendance,14,hour_to,double precision,,53,,NO
resource_calendar_attendance,15,duration_hours,double precision,,53,,YES
resource_calendar_attendance,16,duration_days,double precision,,53,,YES
resource_calendar_leaves,1,id,integer,,32,0,NO
resource_calendar_leaves,2,company_id,integer,,32,0,YES
resource_calendar_leaves,3,calendar_id,integer,,32,0,YES
resource_calendar_leaves,4,resource_id,integer,,32,0,YES
resource_calendar_leaves,5,create_uid,integer,,32,0,YES
resource_calendar_leaves,6,write_uid,integer,,32,0,YES
resource_calendar_leaves,7,name,character varying,,,,YES
resource_calendar_leaves,8,time_type,character varying,,,,YES
resource_calendar_leaves,9,date_from,timestamp without time zone,,,,NO
resource_calendar_leaves,10,date_to,timestamp without time zone,,,,NO
resource_calendar_leaves,11,create_date,timestamp without time zone,,,,YES
resource_calendar_leaves,12,write_date,timestamp without time zone,,,,YES
resource_calendar_leaves,13,holiday_id,integer,,32,0,YES
resource_calendar_leaves,14,elligible_for_accrual_rate,boolean,,,,YES
resource_resource,1,id,integer,,32,0,NO
resource_resource,2,company_id,integer,,32,0,YES
resource_resource,3,user_id,integer,,32,0,YES
resource_resource,4,calendar_id,integer,,32,0,YES
resource_resource,5,create_uid,integer,,32,0,YES
resource_resource,6,write_uid,integer,,32,0,YES
resource_resource,7,name,character varying,,,,NO
resource_resource,8,resource_type,character varying,,,,NO
resource_resource,9,tz,character varying,,,,NO
resource_resource,10,active,boolean,,,,YES
resource_resource,11,create_date,timestamp without time zone,,,,YES
resource_resource,12,write_date,timestamp without time zone,,,,YES
resource_resource,13,time_efficiency,double precision,,53,,NO
resource_resource,14,color,integer,,32,0,YES
rule_group_rel,1,rule_group_id,integer,,32,0,NO
rule_group_rel,2,group_id,integer,,32,0,NO
salary_advance,1,id,integer,,32,0,NO
salary_advance,2,employee_id,integer,,32,0,NO
salary_advance,3,currency_id,integer,,32,0,NO
salary_advance,4,company_id,integer,,32,0,NO
salary_advance,5,payment_method_id,integer,,32,0,YES
salary_advance,6,debit_id,integer,,32,0,YES
salary_advance,7,credit_id,integer,,32,0,YES
salary_advance,8,journal_id,integer,,32,0,YES
salary_advance,9,create_uid,integer,,32,0,YES
salary_advance,10,write_uid,integer,,32,0,YES
salary_advance,11,name,character varying,,,,YES
salary_advance,12,state,character varying,,,,YES
salary_advance,13,date,date,,,,NO
salary_advance,14,reason,text,,,,YES
salary_advance,15,exceed_condition,boolean,,,,YES
salary_advance,16,create_date,timestamp without time zone,,,,YES
salary_advance,17,write_date,timestamp without time zone,,,,YES
salary_advance,18,advance,double precision,,53,,NO
scheduled_message_attachment_rel,1,scheduled_message_id,integer,,32,0,NO
scheduled_message_attachment_rel,2,attachment_id,integer,,32,0,NO
server_action_history_wizard,1,id,integer,,32,0,NO
server_action_history_wizard,2,action_id,integer,,32,0,YES
server_action_history_wizard,3,revision,integer,,32,0,NO
server_action_history_wizard,4,create_uid,integer,,32,0,YES
server_action_history_wizard,5,write_uid,integer,,32,0,YES
server_action_history_wizard,6,create_date,timestamp without time zone,,,,YES
server_action_history_wizard,7,write_date,timestamp without time zone,,,,YES
sms_account_code,1,id,integer,,32,0,NO
sms_account_code,2,account_id,integer,,32,0,NO
sms_account_code,3,create_uid,integer,,32,0,YES
sms_account_code,4,write_uid,integer,,32,0,YES
sms_account_code,5,verification_code,character varying,,,,NO
sms_account_code,6,create_date,timestamp without time zone,,,,YES
sms_account_code,7,write_date,timestamp without time zone,,,,YES
sms_account_phone,1,id,integer,,32,0,NO
sms_account_phone,2,account_id,integer,,32,0,NO
sms_account_phone,3,create_uid,integer,,32,0,YES
sms_account_phone,4,write_uid,integer,,32,0,YES
sms_account_phone,5,phone_number,character varying,,,,NO
sms_account_phone,6,create_date,timestamp without time zone,,,,YES
sms_account_phone,7,write_date,timestamp without time zone,,,,YES
sms_account_sender,1,id,integer,,32,0,NO
sms_account_sender,2,account_id,integer,,32,0,NO
sms_account_sender,3,create_uid,integer,,32,0,YES
sms_account_sender,4,write_uid,integer,,32,0,YES
sms_account_sender,5,sender_name,character varying,,,,YES
sms_account_sender,6,create_date,timestamp without time zone,,,,YES
sms_account_sender,7,write_date,timestamp without time zone,,,,YES
sms_composer,1,id,integer,,32,0,NO
sms_composer,2,res_id,integer,,32,0,YES
sms_composer,3,template_id,integer,,32,0,YES
sms_composer,4,create_uid,integer,,32,0,YES
sms_composer,5,write_uid,integer,,32,0,YES
sms_composer,6,composition_mode,character varying,,,,NO
sms_composer,7,res_model,character varying,,,,YES
sms_composer,8,res_ids,character varying,,,,YES
sms_composer,9,recipient_single_number_itf,character varying,,,,YES
sms_composer,10,number_field_name,character varying,,,,YES
sms_composer,11,numbers,character varying,,,,YES
sms_composer,12,body,text,,,,NO
sms_composer,13,mass_keep_log,boolean,,,,YES
sms_composer,14,mass_force_send,boolean,,,,YES
sms_composer,15,use_exclusion_list,boolean,,,,YES
sms_composer,16,create_date,timestamp without time zone,,,,YES
sms_composer,17,write_date,timestamp without time zone,,,,YES
sms_sms,1,id,integer,,32,0,NO
sms_sms,2,partner_id,integer,,32,0,YES
sms_sms,3,mail_message_id,integer,,32,0,YES
sms_sms,4,create_uid,integer,,32,0,YES
sms_sms,5,write_uid,integer,,32,0,YES
sms_sms,6,uuid,character varying,,,,YES
sms_sms,7,number,character varying,,,,YES
sms_sms,8,state,character varying,,,,NO
sms_sms,9,failure_type,character varying,,,,YES
sms_sms,10,body,text,,,,YES
sms_sms,11,to_delete,boolean,,,,YES
sms_sms,12,create_date,timestamp without time zone,,,,YES
sms_sms,13,write_date,timestamp without time zone,,,,YES
sms_template,1,id,integer,,32,0,NO
sms_template,2,model_id,integer,,32,0,NO
sms_template,3,sidebar_action_id,integer,,32,0,YES
sms_template,4,create_uid,integer,,32,0,YES
sms_template,5,write_uid,integer,,32,0,YES
sms_template,6,template_fs,character varying,,,,YES
sms_template,7,lang,character varying,,,,YES
sms_template,8,model,character varying,,,,YES
sms_template,9,name,jsonb,,,,YES
sms_template,10,body,jsonb,,,,NO
sms_template,11,create_date,timestamp without time zone,,,,YES
sms_template,12,write_date,timestamp without time zone,,,,YES
sms_template_preview,1,id,integer,,32,0,NO
sms_template_preview,2,sms_template_id,integer,,32,0,NO
sms_template_preview,3,create_uid,integer,,32,0,YES
sms_template_preview,4,write_uid,integer,,32,0,YES
sms_template_preview,5,lang,character varying,,,,YES
sms_template_preview,6,resource_ref,character varying,,,,YES
sms_template_preview,7,create_date,timestamp without time zone,,,,YES
sms_template_preview,8,write_date,timestamp without time zone,,,,YES
sms_template_reset,1,id,integer,,32,0,NO
sms_template_reset,2,create_uid,integer,,32,0,YES
sms_template_reset,3,write_uid,integer,,32,0,YES
sms_template_reset,4,create_date,timestamp without time zone,,,,YES
sms_template_reset,5,write_date,timestamp without time zone,,,,YES
sms_template_sms_template_reset_rel,1,sms_template_reset_id,integer,,32,0,NO
sms_template_sms_template_reset_rel,2,sms_template_id,integer,,32,0,NO
sms_tracker,1,id,integer,,32,0,NO
sms_tracker,2,mail_notification_id,integer,,32,0,YES
sms_tracker,3,create_uid,integer,,32,0,YES
sms_tracker,4,write_uid,integer,,32,0,YES
sms_tracker,5,sms_uuid,character varying,,,,NO
sms_tracker,6,create_date,timestamp without time zone,,,,YES
sms_tracker,7,write_date,timestamp without time zone,,,,YES
snailmail_letter,1,id,integer,,32,0,NO
snailmail_letter,2,user_id,integer,,32,0,YES
snailmail_letter,3,res_id,integer,,32,0,NO
snailmail_letter,4,partner_id,integer,,32,0,NO
snailmail_letter,5,company_id,integer,,32,0,NO
snailmail_letter,6,report_template,integer,,32,0,YES
snailmail_letter,7,attachment_id,integer,,32,0,YES
snailmail_letter,8,message_id,integer,,32,0,YES
snailmail_letter,9,state_id,integer,,32,0,YES
snailmail_letter,10,country_id,integer,,32,0,YES
snailmail_letter,11,create_uid,integer,,32,0,YES
snailmail_letter,12,write_uid,integer,,32,0,YES
snailmail_letter,13,model,character varying,,,,NO
snailmail_letter,14,state,character varying,,,,NO
snailmail_letter,15,error_code,character varying,,,,YES
snailmail_letter,16,street,character varying,,,,YES
snailmail_letter,17,street2,character varying,,,,YES
snailmail_letter,18,zip,character varying,,,,YES
snailmail_letter,19,city,character varying,,,,YES
snailmail_letter,20,info_msg,text,,,,YES
snailmail_letter,21,color,boolean,,,,YES
snailmail_letter,22,cover,boolean,,,,YES
snailmail_letter,23,duplex,boolean,,,,YES
snailmail_letter,24,create_date,timestamp without time zone,,,,YES
snailmail_letter,25,write_date,timestamp without time zone,,,,YES
spreadsheet_dashboard,1,id,integer,,32,0,NO
spreadsheet_dashboard,2,dashboard_group_id,integer,,32,0,NO
spreadsheet_dashboard,3,sequence,integer,,32,0,YES
spreadsheet_dashboard,4,create_uid,integer,,32,0,YES
spreadsheet_dashboard,5,write_uid,integer,,32,0,YES
spreadsheet_dashboard,6,sample_dashboard_file_path,character varying,,,,YES
spreadsheet_dashboard,7,name,jsonb,,,,NO
spreadsheet_dashboard,8,is_published,boolean,,,,YES
spreadsheet_dashboard,9,create_date,timestamp without time zone,,,,YES
spreadsheet_dashboard,10,write_date,timestamp without time zone,,,,YES
spreadsheet_dashboard_group,1,id,integer,,32,0,NO
spreadsheet_dashboard_group,2,sequence,integer,,32,0,YES
spreadsheet_dashboard_group,3,create_uid,integer,,32,0,YES
spreadsheet_dashboard_group,4,write_uid,integer,,32,0,YES
spreadsheet_dashboard_group,5,name,jsonb,,,,NO
spreadsheet_dashboard_group,6,create_date,timestamp without time zone,,,,YES
spreadsheet_dashboard_group,7,write_date,timestamp without time zone,,,,YES
spreadsheet_dashboard_share,1,id,integer,,32,0,NO
spreadsheet_dashboard_share,2,dashboard_id,integer,,32,0,NO
spreadsheet_dashboard_share,3,create_uid,integer,,32,0,YES
spreadsheet_dashboard_share,4,write_uid,integer,,32,0,YES
spreadsheet_dashboard_share,5,access_token,character varying,,,,NO
spreadsheet_dashboard_share,6,create_date,timestamp without time zone,,,,YES
spreadsheet_dashboard_share,7,write_date,timestamp without time zone,,,,YES
summary_emp_rel,1,sum_id,integer,,32,0,NO
summary_emp_rel,2,emp_id,integer,,32,0,NO
survey_invite,1,id,integer,,32,0,NO
survey_invite,2,template_id,integer,,32,0,YES
survey_invite,3,author_id,integer,,32,0,YES
survey_invite,4,mail_server_id,integer,,32,0,YES
survey_invite,5,survey_id,integer,,32,0,NO
survey_invite,6,create_uid,integer,,32,0,YES
survey_invite,7,write_uid,integer,,32,0,YES
survey_invite,8,lang,character varying,,,,YES
survey_invite,9,subject,character varying,,,,YES
survey_invite,10,existing_mode,character varying,,,,NO
survey_invite,11,body,text,,,,YES
survey_invite,12,emails,text,,,,YES
survey_invite,13,deadline,timestamp without time zone,,,,YES
survey_invite,14,create_date,timestamp without time zone,,,,YES
survey_invite,15,write_date,timestamp without time zone,,,,YES
survey_invite,16,applicant_id,integer,,32,0,YES
survey_invite_partner_ids,1,invite_id,integer,,32,0,NO
survey_invite_partner_ids,2,partner_id,integer,,32,0,NO
survey_mail_compose_message_ir_attachments_rel,1,wizard_id,integer,,32,0,NO
survey_mail_compose_message_ir_attachments_rel,2,attachment_id,integer,,32,0,NO
survey_question,1,id,integer,,32,0,NO
survey_question,2,survey_id,integer,,32,0,YES
survey_question,3,sequence,integer,,32,0,YES
survey_question,4,random_questions_count,integer,,32,0,YES
survey_question,5,page_id,integer,,32,0,YES
survey_question,6,scale_min,integer,,32,0,YES
survey_question,7,scale_max,integer,,32,0,YES
survey_question,8,time_limit,integer,,32,0,YES
survey_question,9,validation_length_min,integer,,32,0,YES
survey_question,10,validation_length_max,integer,,32,0,YES
survey_question,11,create_uid,integer,,32,0,YES
survey_question,12,write_uid,integer,,32,0,YES
survey_question,13,question_type,character varying,,,,YES
survey_question,14,matrix_subtype,character varying,,,,YES
survey_question,15,answer_date,date,,,,YES
survey_question,16,validation_min_date,date,,,,YES
survey_question,17,validation_max_date,date,,,,YES
survey_question,18,title,jsonb,,,,NO
survey_question,19,description,jsonb,,,,YES
survey_question,20,question_placeholder,jsonb,,,,YES
survey_question,21,scale_min_label,jsonb,,,,YES
survey_question,22,scale_mid_label,jsonb,,,,YES
survey_question,23,scale_max_label,jsonb,,,,YES
survey_question,24,comments_message,jsonb,,,,YES
survey_question,25,validation_error_msg,jsonb,,,,YES
survey_question,26,constr_error_msg,jsonb,,,,YES
survey_question,27,is_page,boolean,,,,YES
survey_question,28,is_scored_question,boolean,,,,YES
survey_question,29,save_as_email,boolean,,,,YES
survey_question,30,save_as_nickname,boolean,,,,YES
survey_question,31,is_time_limited,boolean,,,,YES
survey_question,32,is_time_customized,boolean,,,,YES
survey_question,33,comments_allowed,boolean,,,,YES
survey_question,34,comment_count_as_answer,boolean,,,,YES
survey_question,35,validation_required,boolean,,,,YES
survey_question,36,validation_email,boolean,,,,YES
survey_question,37,constr_mandatory,boolean,,,,YES
survey_question,38,answer_datetime,timestamp without time zone,,,,YES
survey_question,39,validation_min_datetime,timestamp without time zone,,,,YES
survey_question,40,validation_max_datetime,timestamp without time zone,,,,YES
survey_question,41,create_date,timestamp without time zone,,,,YES
survey_question,42,write_date,timestamp without time zone,,,,YES
survey_question,43,answer_numerical_box,double precision,,53,,YES
survey_question,44,answer_score,double precision,,53,,YES
survey_question,45,validation_min_float_value,double precision,,53,,YES
survey_question,46,validation_max_float_value,double precision,,53,,YES
survey_question_answer,1,id,integer,,32,0,NO
survey_question_answer,2,question_id,integer,,32,0,YES
survey_question_answer,3,matrix_question_id,integer,,32,0,YES
survey_question_answer,4,sequence,integer,,32,0,YES
survey_question_answer,5,create_uid,integer,,32,0,YES
survey_question_answer,6,write_uid,integer,,32,0,YES
survey_question_answer,7,value_image_filename,character varying,,,,YES
survey_question_answer,8,value,jsonb,,,,YES
survey_question_answer,9,is_correct,boolean,,,,YES
survey_question_answer,10,create_date,timestamp without time zone,,,,YES
survey_question_answer,11,write_date,timestamp without time zone,,,,YES
survey_question_answer,12,answer_score,double precision,,53,,YES
survey_question_survey_question_answer_rel,1,survey_question_id,integer,,32,0,NO
survey_question_survey_question_answer_rel,2,survey_question_answer_id,integer,,32,0,NO
survey_question_survey_user_input_rel,1,survey_user_input_id,integer,,32,0,NO
survey_question_survey_user_input_rel,2,survey_question_id,integer,,32,0,NO
survey_survey,1,id,integer,,32,0,NO
survey_survey,2,color,integer,,32,0,YES
survey_survey,3,user_id,integer,,32,0,YES
survey_survey,4,attempts_limit,integer,,32,0,YES
survey_survey,5,certification_mail_template_id,integer,,32,0,YES
survey_survey,6,certification_badge_id,integer,,32,0,YES
survey_survey,7,session_question_id,integer,,32,0,YES
survey_survey,8,session_speed_rating_time_limit,integer,,32,0,YES
survey_survey,9,create_uid,integer,,32,0,YES
survey_survey,10,write_uid,integer,,32,0,YES
survey_survey,11,survey_type,character varying,,,,NO
survey_survey,12,questions_layout,character varying,,,,NO
survey_survey,13,questions_selection,character varying,,,,NO
survey_survey,14,progression_mode,character varying,,,,YES
survey_survey,15,access_mode,character varying,,,,NO
survey_survey,16,access_token,character varying,,,,YES
survey_survey,17,scoring_type,character varying,,,,NO
survey_survey,18,certification_report_layout,character varying,,,,YES
survey_survey,19,session_state,character varying,,,,YES
survey_survey,20,session_code,character varying,,,,YES
survey_survey,21,title,jsonb,,,,NO
survey_survey,22,description,jsonb,,,,YES
survey_survey,23,description_done,jsonb,,,,YES
survey_survey,24,active,boolean,,,,YES
survey_survey,25,users_login_required,boolean,,,,YES
survey_survey,26,users_can_go_back,boolean,,,,YES
survey_survey,27,is_attempts_limited,boolean,,,,YES
survey_survey,28,is_time_limited,boolean,,,,YES
survey_survey,29,certification,boolean,,,,YES
survey_survey,30,certification_give_badge,boolean,,,,YES
survey_survey,31,session_speed_rating,boolean,,,,YES
survey_survey,32,session_start_time,timestamp without time zone,,,,YES
survey_survey,33,session_question_start_time,timestamp without time zone,,,,YES
survey_survey,34,create_date,timestamp without time zone,,,,YES
survey_survey,35,write_date,timestamp without time zone,,,,YES
survey_survey,36,scoring_success_min,double precision,,53,,YES
survey_survey,37,time_limit,double precision,,53,,YES
survey_survey,38,certification_validity_months,integer,,32,0,YES
survey_user_input,1,id,integer,,32,0,NO
survey_user_input,2,survey_id,integer,,32,0,NO
survey_user_input,3,lang_id,integer,,32,0,YES
survey_user_input,4,last_displayed_page_id,integer,,32,0,YES
survey_user_input,5,partner_id,integer,,32,0,YES
survey_user_input,6,create_uid,integer,,32,0,YES
survey_user_input,7,write_uid,integer,,32,0,YES
survey_user_input,8,state,character varying,,,,YES
survey_user_input,9,access_token,character varying,,,,NO
survey_user_input,10,invite_token,character varying,,,,YES
survey_user_input,11,email,character varying,,,,YES
survey_user_input,12,nickname,character varying,,,,YES
survey_user_input,13,scoring_total,numeric,,,,YES
survey_user_input,14,test_entry,boolean,,,,YES
survey_user_input,15,scoring_success,boolean,,,,YES
survey_user_input,16,survey_first_submitted,boolean,,,,YES
survey_user_input,17,is_session_answer,boolean,,,,YES
survey_user_input,18,start_datetime,timestamp without time zone,,,,YES
survey_user_input,19,end_datetime,timestamp without time zone,,,,YES
survey_user_input,20,deadline,timestamp without time zone,,,,YES
survey_user_input,21,create_date,timestamp without time zone,,,,YES
survey_user_input,22,write_date,timestamp without time zone,,,,YES
survey_user_input,23,scoring_percentage,double precision,,53,,YES
survey_user_input,24,applicant_id,integer,,32,0,YES
survey_user_input_line,1,id,integer,,32,0,NO
survey_user_input_line,2,user_input_id,integer,,32,0,NO
survey_user_input_line,3,survey_id,integer,,32,0,YES
survey_user_input_line,4,question_id,integer,,32,0,NO
survey_user_input_line,5,question_sequence,integer,,32,0,YES
survey_user_input_line,6,value_scale,integer,,32,0,YES
survey_user_input_line,7,suggested_answer_id,integer,,32,0,YES
survey_user_input_line,8,matrix_row_id,integer,,32,0,YES
survey_user_input_line,9,create_uid,integer,,32,0,YES
survey_user_input_line,10,write_uid,integer,,32,0,YES
survey_user_input_line,11,answer_type,character varying,,,,YES
survey_user_input_line,12,value_char_box,character varying,,,,YES
survey_user_input_line,13,value_date,date,,,,YES
survey_user_input_line,14,value_text_box,text,,,,YES
survey_user_input_line,15,skipped,boolean,,,,YES
survey_user_input_line,16,answer_is_correct,boolean,,,,YES
survey_user_input_line,17,value_datetime,timestamp without time zone,,,,YES
survey_user_input_line,18,create_date,timestamp without time zone,,,,YES
survey_user_input_line,19,write_date,timestamp without time zone,,,,YES
survey_user_input_line,20,value_numerical_box,double precision,,53,,YES
survey_user_input_line,21,answer_score,double precision,,53,,YES
talent_pool_add_applicants,1,id,integer,,32,0,NO
talent_pool_add_applicants,2,create_uid,integer,,32,0,YES
talent_pool_add_applicants,3,write_uid,integer,,32,0,YES
talent_pool_add_applicants,4,create_date,timestamp without time zone,,,,YES
talent_pool_add_applicants,5,write_date,timestamp without time zone,,,,YES
task_dependencies_rel,1,task_id,integer,,32,0,NO
task_dependencies_rel,2,depends_on_id,integer,,32,0,NO
task_share_wizard,1,id,integer,,32,0,NO
task_share_wizard,2,res_id,integer,,32,0,NO
task_share_wizard,3,create_uid,integer,,32,0,YES
task_share_wizard,4,write_uid,integer,,32,0,YES
task_share_wizard,5,task_id,integer,,32,0,YES
task_share_wizard,6,res_model,character varying,,,,NO
task_share_wizard,7,note,text,,,,YES
task_share_wizard,8,create_date,timestamp without time zone,,,,YES
task_share_wizard,9,write_date,timestamp without time zone,,,,YES
timesheets_analysis_report,1,id,integer,,32,0,YES
timesheets_analysis_report,2,name,character varying,,,,YES
timesheets_analysis_report,3,user_id,integer,,32,0,YES
timesheets_analysis_report,4,project_id,integer,,32,0,YES
timesheets_analysis_report,5,task_id,integer,,32,0,YES
timesheets_analysis_report,6,parent_task_id,integer,,32,0,YES
timesheets_analysis_report,7,employee_id,integer,,32,0,YES
timesheets_analysis_report,8,manager_id,integer,,32,0,YES
timesheets_analysis_report,9,company_id,integer,,32,0,YES
timesheets_analysis_report,10,department_id,integer,,32,0,YES
timesheets_analysis_report,11,currency_id,integer,,32,0,YES
timesheets_analysis_report,12,date,date,,,,YES
timesheets_analysis_report,13,amount,numeric,,,,YES
timesheets_analysis_report,14,unit_amount,double precision,,53,,YES
timesheets_analysis_report,15,partner_id,integer,,32,0,YES
uom_uom,1,id,integer,,32,0,NO
uom_uom,2,sequence,integer,,32,0,YES
uom_uom,3,relative_uom_id,integer,,32,0,YES
uom_uom,4,create_uid,integer,,32,0,YES
uom_uom,5,write_uid,integer,,32,0,YES
uom_uom,6,parent_path,character varying,,,,YES
uom_uom,7,name,jsonb,,,,NO
uom_uom,8,relative_factor,numeric,,,,NO
uom_uom,9,factor,numeric,,,,YES
uom_uom,10,active,boolean,,,,YES
uom_uom,11,create_date,timestamp without time zone,,,,YES
uom_uom,12,write_date,timestamp without time zone,,,,YES
uom_uom,13,timesheet_widget,character varying,,,,YES
uom_uom,14,l10n_in_code,character varying,,,,YES
update_product_attribute_value,1,id,integer,,32,0,NO
update_product_attribute_value,2,attribute_value_id,integer,,32,0,NO
update_product_attribute_value,3,create_uid,integer,,32,0,YES
update_product_attribute_value,4,write_uid,integer,,32,0,YES
update_product_attribute_value,5,mode,character varying,,,,YES
update_product_attribute_value,6,create_date,timestamp without time zone,,,,YES
update_product_attribute_value,7,write_date,timestamp without time zone,,,,YES
utm_campaign,1,id,integer,,32,0,NO
utm_campaign,2,user_id,integer,,32,0,NO
utm_campaign,3,stage_id,integer,,32,0,NO
utm_campaign,4,color,integer,,32,0,YES
utm_campaign,5,create_uid,integer,,32,0,YES
utm_campaign,6,write_uid,integer,,32,0,YES
utm_campaign,7,name,character varying,,,,NO
utm_campaign,8,title,jsonb,,,,NO
utm_campaign,9,active,boolean,,,,YES
utm_campaign,10,is_auto_campaign,boolean,,,,YES
utm_campaign,11,create_date,timestamp without time zone,,,,YES
utm_campaign,12,write_date,timestamp without time zone,,,,YES
utm_medium,1,id,integer,,32,0,NO
utm_medium,2,create_uid,integer,,32,0,YES
utm_medium,3,write_uid,integer,,32,0,YES
utm_medium,4,name,character varying,,,,NO
utm_medium,5,active,boolean,,,,YES
utm_medium,6,create_date,timestamp without time zone,,,,YES
utm_medium,7,write_date,timestamp without time zone,,,,YES
utm_source,1,id,integer,,32,0,NO
utm_source,2,create_uid,integer,,32,0,YES
utm_source,3,write_uid,integer,,32,0,YES
utm_source,4,name,character varying,,,,NO
utm_source,5,create_date,timestamp without time zone,,,,YES
utm_source,6,write_date,timestamp without time zone,,,,YES
utm_stage,1,id,integer,,32,0,NO
utm_stage,2,sequence,integer,,32,0,YES
utm_stage,3,create_uid,integer,,32,0,YES
utm_stage,4,write_uid,integer,,32,0,YES
utm_stage,5,name,jsonb,,,,NO
utm_stage,6,create_date,timestamp without time zone,,,,YES
utm_stage,7,write_date,timestamp without time zone,,,,YES
utm_tag,1,id,integer,,32,0,NO
utm_tag,2,color,integer,,32,0,YES
utm_tag,3,create_uid,integer,,32,0,YES
utm_tag,4,write_uid,integer,,32,0,YES
utm_tag,5,name,jsonb,,,,NO
utm_tag,6,create_date,timestamp without time zone,,,,YES
utm_tag,7,write_date,timestamp without time zone,,,,YES
utm_tag_rel,1,tag_id,integer,,32,0,NO
utm_tag_rel,2,campaign_id,integer,,32,0,NO
validate_account_move,1,id,integer,,32,0,NO
validate_account_move,2,create_uid,integer,,32,0,YES
validate_account_move,3,write_uid,integer,,32,0,YES
validate_account_move,4,force_post,boolean,,,,YES
validate_account_move,5,force_hash,boolean,,,,YES
validate_account_move,6,ignore_abnormal_date,boolean,,,,YES
validate_account_move,7,ignore_abnormal_amount,boolean,,,,YES
validate_account_move,8,create_date,timestamp without time zone,,,,YES
validate_account_move,9,write_date,timestamp without time zone,,,,YES
web_tour_tour,1,id,integer,,32,0,NO
web_tour_tour,2,sequence,integer,,32,0,YES
web_tour_tour,3,create_uid,integer,,32,0,YES
web_tour_tour,4,write_uid,integer,,32,0,YES
web_tour_tour,5,name,character varying,,,,NO
web_tour_tour,6,url,character varying,,,,YES
web_tour_tour,7,rainbow_man_message,jsonb,,,,YES
web_tour_tour,8,custom,boolean,,,,YES
web_tour_tour,9,create_date,timestamp without time zone,,,,YES
web_tour_tour,10,write_date,timestamp without time zone,,,,YES
web_tour_tour_step,1,id,integer,,32,0,NO
web_tour_tour_step,2,tour_id,integer,,32,0,NO
web_tour_tour_step,3,sequence,integer,,32,0,YES
web_tour_tour_step,4,create_uid,integer,,32,0,YES
web_tour_tour_step,5,write_uid,integer,,32,0,YES
web_tour_tour_step,6,trigger,character varying,,,,NO
web_tour_tour_step,7,content,character varying,,,,YES
web_tour_tour_step,8,tooltip_position,character varying,,,,YES
web_tour_tour_step,9,run,character varying,,,,YES
web_tour_tour_step,10,create_date,timestamp without time zone,,,,YES
web_tour_tour_step,11,write_date,timestamp without time zone,,,,YES
wizard_ir_model_menu_create,1,id,integer,,32,0,NO
wizard_ir_model_menu_create,2,menu_id,integer,,32,0,NO
wizard_ir_model_menu_create,3,create_uid,integer,,32,0,YES
wizard_ir_model_menu_create,4,write_uid,integer,,32,0,YES
wizard_ir_model_menu_create,5,name,character varying,,,,NO
wizard_ir_model_menu_create,6,create_date,timestamp without time zone,,,,YES
wizard_ir_model_menu_create,7,write_date,timestamp without time zone,,,,YES
