conname,contype,src_table,src_cols,tgt_table,tgt_cols,confdeltype
account_account_create_uid_fkey,f,account_account,create_uid,res_users,id,n
account_account_currency_id_fkey,f,account_account,currency_id,res_currency,id,n
account_account_l10n_in_tds_tcs_section_id_fkey,f,account_account,l10n_in_tds_tcs_section_id,l10n_in_section_alert,id,n
account_account_write_uid_fkey,f,account_account,write_uid,res_users,id,n
account_account_pkey,p,account_account,id,,, 
account_account_account_merge_wiza_account_merge_wizard_id_fkey,f,account_account_account_merge_wizard_rel,account_merge_wizard_id,account_merge_wizard,id,c
account_account_account_merge_wizard_re_account_account_id_fkey,f,account_account_account_merge_wizard_rel,account_account_id,account_account,id,c
account_account_account_merge_wizard_rel_pkey,p,account_account_account_merge_wizard_rel,"account_merge_wizard_id,account_account_id",,, 
account_account_account_tag_account_account_id_fkey,f,account_account_account_tag,account_account_id,account_account,id,c
account_account_account_tag_account_account_tag_id_fkey,f,account_account_account_tag,account_account_tag_id,account_account_tag,id,r
account_account_account_tag_pkey,p,account_account_account_tag,"account_account_id,account_account_tag_id",,, 
account_account_res_company_rel_account_account_id_fkey,f,account_account_res_company_rel,account_account_id,account_account,id,c
account_account_res_company_rel_res_company_id_fkey,f,account_account_res_company_rel,res_company_id,res_company,id,c
account_account_res_company_rel_pkey,p,account_account_res_company_rel,"account_account_id,res_company_id",,, 
account_account_tag_country_id_fkey,f,account_account_tag,country_id,res_country,id,n
account_account_tag_create_uid_fkey,f,account_account_tag,create_uid,res_users,id,n
account_account_tag_write_uid_fkey,f,account_account_tag,write_uid,res_users,id,n
account_account_tag_pkey,p,account_account_tag,id,,, 
account_account_tag_name_uniq,u,account_account_tag,"name,applicability,country_id",,, 
account_account_tag_account_move_li_account_account_tag_id_fkey,f,account_account_tag_account_move_line_rel,account_account_tag_id,account_account_tag,id,r
account_account_tag_account_move_line_account_move_line_id_fkey,f,account_account_tag_account_move_line_rel,account_move_line_id,account_move_line,id,c
account_account_tag_account_move_line_rel_pkey,p,account_account_tag_account_move_line_rel,"account_move_line_id,account_account_tag_id",,, 
account_account_tag_account_t_account_tax_repartition_line_fkey,f,account_account_tag_account_tax_repartition_line_rel,account_tax_repartition_line_id,account_tax_repartition_line,id,c
account_account_tag_account_tax_rep_account_account_tag_id_fkey,f,account_account_tag_account_tax_repartition_line_rel,account_account_tag_id,account_account_tag,id,r
account_account_tag_account_tax_repartition_line_rel_pkey,p,account_account_tag_account_tax_repartition_line_rel,"account_tax_repartition_line_id,account_account_tag_id",,, 
account_account_tag_product_templat_account_account_tag_id_fkey,f,account_account_tag_product_template_rel,account_account_tag_id,account_account_tag,id,c
account_account_tag_product_template_r_product_template_id_fkey,f,account_account_tag_product_template_rel,product_template_id,product_template,id,c
account_account_tag_product_template_rel_pkey,p,account_account_tag_product_template_rel,"product_template_id,account_account_tag_id",,, 
account_account_tax_default_rel_account_id_fkey,f,account_account_tax_default_rel,account_id,account_account,id,c
account_account_tax_default_rel_tax_id_fkey,f,account_account_tax_default_rel,tax_id,account_tax,id,c
account_account_tax_default_rel_pkey,p,account_account_tax_default_rel,"account_id,tax_id",,, 
account_accrued_orders_wizard_account_id_fkey,f,account_accrued_orders_wizard,account_id,account_account,id,c
account_accrued_orders_wizard_company_id_fkey,f,account_accrued_orders_wizard,company_id,res_company,id,n
account_accrued_orders_wizard_create_uid_fkey,f,account_accrued_orders_wizard,create_uid,res_users,id,n
account_accrued_orders_wizard_currency_id_fkey,f,account_accrued_orders_wizard,currency_id,res_currency,id,n
account_accrued_orders_wizard_journal_id_fkey,f,account_accrued_orders_wizard,journal_id,account_journal,id,c
account_accrued_orders_wizard_write_uid_fkey,f,account_accrued_orders_wizard,write_uid,res_users,id,n
account_accrued_orders_wizard_pkey,p,account_accrued_orders_wizard,id,,, 
account_analytic_account_company_id_fkey,f,account_analytic_account,company_id,res_company,id,n
account_analytic_account_create_uid_fkey,f,account_analytic_account,create_uid,res_users,id,n
account_analytic_account_partner_id_fkey,f,account_analytic_account,partner_id,res_partner,id,n
account_analytic_account_plan_id_fkey,f,account_analytic_account,plan_id,account_analytic_plan,id,r
account_analytic_account_root_plan_id_fkey,f,account_analytic_account,root_plan_id,account_analytic_plan,id,n
account_analytic_account_write_uid_fkey,f,account_analytic_account,write_uid,res_users,id,n
account_analytic_account_pkey,p,account_analytic_account,id,,, 
account_analytic_applicability_analytic_plan_id_fkey,f,account_analytic_applicability,analytic_plan_id,account_analytic_plan,id,n
account_analytic_applicability_company_id_fkey,f,account_analytic_applicability,company_id,res_company,id,n
account_analytic_applicability_create_uid_fkey,f,account_analytic_applicability,create_uid,res_users,id,n
account_analytic_applicability_product_categ_id_fkey,f,account_analytic_applicability,product_categ_id,product_category,id,n
account_analytic_applicability_write_uid_fkey,f,account_analytic_applicability,write_uid,res_users,id,n
account_analytic_applicability_pkey,p,account_analytic_applicability,id,,, 
account_analytic_distribution_model_company_id_fkey,f,account_analytic_distribution_model,company_id,res_company,id,c
account_analytic_distribution_model_create_uid_fkey,f,account_analytic_distribution_model,create_uid,res_users,id,n
account_analytic_distribution_model_partner_category_id_fkey,f,account_analytic_distribution_model,partner_category_id,res_partner_category,id,c
account_analytic_distribution_model_partner_id_fkey,f,account_analytic_distribution_model,partner_id,res_partner,id,c
account_analytic_distribution_model_product_categ_id_fkey,f,account_analytic_distribution_model,product_categ_id,product_category,id,c
account_analytic_distribution_model_product_id_fkey,f,account_analytic_distribution_model,product_id,product_product,id,c
account_analytic_distribution_model_write_uid_fkey,f,account_analytic_distribution_model,write_uid,res_users,id,n
account_analytic_distribution_model_pkey,p,account_analytic_distribution_model,id,,, 
account_analytic_line_account_id_fkey,f,account_analytic_line,account_id,account_analytic_account,id,r
account_analytic_line_company_id_fkey,f,account_analytic_line,company_id,res_company,id,r
account_analytic_line_create_uid_fkey,f,account_analytic_line,create_uid,res_users,id,n
account_analytic_line_currency_id_fkey,f,account_analytic_line,currency_id,res_currency,id,n
account_analytic_line_department_id_fkey,f,account_analytic_line,department_id,hr_department,id,n
account_analytic_line_employee_id_fkey,f,account_analytic_line,employee_id,hr_employee,id,n
account_analytic_line_general_account_id_fkey,f,account_analytic_line,general_account_id,account_account,id,r
account_analytic_line_global_leave_id_fkey,f,account_analytic_line,global_leave_id,resource_calendar_leaves,id,c
account_analytic_line_holiday_id_fkey,f,account_analytic_line,holiday_id,hr_leave,id,n
account_analytic_line_journal_id_fkey,f,account_analytic_line,journal_id,account_journal,id,n
account_analytic_line_manager_id_fkey,f,account_analytic_line,manager_id,hr_employee,id,n
account_analytic_line_move_line_id_fkey,f,account_analytic_line,move_line_id,account_move_line,id,c
account_analytic_line_parent_task_id_fkey,f,account_analytic_line,parent_task_id,project_task,id,n
account_analytic_line_partner_id_fkey,f,account_analytic_line,partner_id,res_partner,id,n
account_analytic_line_product_id_fkey,f,account_analytic_line,product_id,product_product,id,n
account_analytic_line_product_uom_id_fkey,f,account_analytic_line,product_uom_id,uom_uom,id,n
account_analytic_line_project_id_fkey,f,account_analytic_line,project_id,project_project,id,n
account_analytic_line_task_id_fkey,f,account_analytic_line,task_id,project_task,id,n
account_analytic_line_user_id_fkey,f,account_analytic_line,user_id,res_users,id,n
account_analytic_line_write_uid_fkey,f,account_analytic_line,write_uid,res_users,id,n
account_analytic_line_pkey,p,account_analytic_line,id,,, 
account_analytic_line_calendar_employee_create_uid_fkey,f,account_analytic_line_calendar_employee,create_uid,res_users,id,n
account_analytic_line_calendar_employee_employee_id_fkey,f,account_analytic_line_calendar_employee,employee_id,hr_employee,id,n
account_analytic_line_calendar_employee_user_id_fkey,f,account_analytic_line_calendar_employee,user_id,res_users,id,c
account_analytic_line_calendar_employee_write_uid_fkey,f,account_analytic_line_calendar_employee,write_uid,res_users,id,n
account_analytic_line_calendar_employee_pkey,p,account_analytic_line_calendar_employee,id,,, 
account_analytic_plan_create_uid_fkey,f,account_analytic_plan,create_uid,res_users,id,n
account_analytic_plan_parent_id_fkey,f,account_analytic_plan,parent_id,account_analytic_plan,id,c
account_analytic_plan_write_uid_fkey,f,account_analytic_plan,write_uid,res_users,id,n
account_analytic_plan_pkey,p,account_analytic_plan,id,,, 
account_automatic_entry_wizard_company_id_fkey,f,account_automatic_entry_wizard,company_id,res_company,id,c
account_automatic_entry_wizard_create_uid_fkey,f,account_automatic_entry_wizard,create_uid,res_users,id,n
account_automatic_entry_wizard_destination_account_id_fkey,f,account_automatic_entry_wizard,destination_account_id,account_account,id,n
account_automatic_entry_wizard_write_uid_fkey,f,account_automatic_entry_wizard,write_uid,res_users,id,n
account_automatic_entry_wizard_pkey,p,account_automatic_entry_wizard,id,,, 
account_automatic_entry_wizar_account_automatic_entry_wiza_fkey,f,account_automatic_entry_wizard_account_move_line_rel,account_automatic_entry_wizard_id,account_automatic_entry_wizard,id,c
account_automatic_entry_wizard_accoun_account_move_line_id_fkey,f,account_automatic_entry_wizard_account_move_line_rel,account_move_line_id,account_move_line,id,c
account_automatic_entry_wizard_account_move_line_rel_pkey,p,account_automatic_entry_wizard_account_move_line_rel,"account_automatic_entry_wizard_id,account_move_line_id",,, 
account_autopost_bills_wizard_create_uid_fkey,f,account_autopost_bills_wizard,create_uid,res_users,id,n
account_autopost_bills_wizard_partner_id_fkey,f,account_autopost_bills_wizard,partner_id,res_partner,id,n
account_autopost_bills_wizard_write_uid_fkey,f,account_autopost_bills_wizard,write_uid,res_users,id,n
account_autopost_bills_wizard_pkey,p,account_autopost_bills_wizard,id,,, 
account_bank_statement_company_id_fkey,f,account_bank_statement,company_id,res_company,id,n
account_bank_statement_create_uid_fkey,f,account_bank_statement,create_uid,res_users,id,n
account_bank_statement_currency_id_fkey,f,account_bank_statement,currency_id,res_currency,id,n
account_bank_statement_journal_id_fkey,f,account_bank_statement,journal_id,account_journal,id,n
account_bank_statement_write_uid_fkey,f,account_bank_statement,write_uid,res_users,id,n
account_bank_statement_pkey,p,account_bank_statement,id,,, 
account_bank_statement_ir_attach_account_bank_statement_id_fkey,f,account_bank_statement_ir_attachment_rel,account_bank_statement_id,account_bank_statement,id,c
account_bank_statement_ir_attachment_rel_ir_attachment_id_fkey,f,account_bank_statement_ir_attachment_rel,ir_attachment_id,ir_attachment,id,c
account_bank_statement_ir_attachment_rel_pkey,p,account_bank_statement_ir_attachment_rel,"account_bank_statement_id,ir_attachment_id",,, 
account_bank_statement_line_company_id_fkey,f,account_bank_statement_line,company_id,res_company,id,n
account_bank_statement_line_create_uid_fkey,f,account_bank_statement_line,create_uid,res_users,id,n
account_bank_statement_line_currency_id_fkey,f,account_bank_statement_line,currency_id,res_currency,id,n
account_bank_statement_line_foreign_currency_id_fkey,f,account_bank_statement_line,foreign_currency_id,res_currency,id,n
account_bank_statement_line_journal_id_fkey,f,account_bank_statement_line,journal_id,account_journal,id,n
account_bank_statement_line_move_id_fkey,f,account_bank_statement_line,move_id,account_move,id,c
account_bank_statement_line_partner_id_fkey,f,account_bank_statement_line,partner_id,res_partner,id,r
account_bank_statement_line_statement_id_fkey,f,account_bank_statement_line,statement_id,account_bank_statement,id,n
account_bank_statement_line_write_uid_fkey,f,account_bank_statement_line,write_uid,res_users,id,n
account_bank_statement_line_pkey,p,account_bank_statement_line,id,,, 
account_cash_rounding_create_uid_fkey,f,account_cash_rounding,create_uid,res_users,id,n
account_cash_rounding_write_uid_fkey,f,account_cash_rounding,write_uid,res_users,id,n
account_cash_rounding_pkey,p,account_cash_rounding,id,,, 
account_debit_note_create_uid_fkey,f,account_debit_note,create_uid,res_users,id,n
account_debit_note_journal_id_fkey,f,account_debit_note,journal_id,account_journal,id,n
account_debit_note_write_uid_fkey,f,account_debit_note,write_uid,res_users,id,n
account_debit_note_pkey,p,account_debit_note,id,,, 
account_financial_year_op_company_id_fkey,f,account_financial_year_op,company_id,res_company,id,c
account_financial_year_op_create_uid_fkey,f,account_financial_year_op,create_uid,res_users,id,n
account_financial_year_op_write_uid_fkey,f,account_financial_year_op,write_uid,res_users,id,n
account_financial_year_op_pkey,p,account_financial_year_op,id,,, 
account_fiscal_position_company_id_fkey,f,account_fiscal_position,company_id,res_company,id,r
account_fiscal_position_country_group_id_fkey,f,account_fiscal_position,country_group_id,res_country_group,id,n
account_fiscal_position_country_id_fkey,f,account_fiscal_position,country_id,res_country,id,n
account_fiscal_position_create_uid_fkey,f,account_fiscal_position,create_uid,res_users,id,n
account_fiscal_position_write_uid_fkey,f,account_fiscal_position,write_uid,res_users,id,n
account_fiscal_position_pkey,p,account_fiscal_position,id,,, 
account_fiscal_position_account_account_dest_id_fkey,f,account_fiscal_position_account,account_dest_id,account_account,id,r
account_fiscal_position_account_account_src_id_fkey,f,account_fiscal_position_account,account_src_id,account_account,id,r
account_fiscal_position_account_company_id_fkey,f,account_fiscal_position_account,company_id,res_company,id,n
account_fiscal_position_account_create_uid_fkey,f,account_fiscal_position_account,create_uid,res_users,id,n
account_fiscal_position_account_position_id_fkey,f,account_fiscal_position_account,position_id,account_fiscal_position,id,c
account_fiscal_position_account_write_uid_fkey,f,account_fiscal_position_account,write_uid,res_users,id,n
account_fiscal_position_account_pkey,p,account_fiscal_position_account,id,,, 
account_fiscal_position_account_account_src_dest_uniq,u,account_fiscal_position_account,"position_id,account_src_id,account_dest_id",,, 
account_fiscal_position_account_account_fiscal_position_id_fkey,f,account_fiscal_position_account_tax_rel,account_fiscal_position_id,account_fiscal_position,id,c
account_fiscal_position_account_tax_rel_account_tax_id_fkey,f,account_fiscal_position_account_tax_rel,account_tax_id,account_tax,id,c
account_fiscal_position_account_tax_rel_pkey,p,account_fiscal_position_account_tax_rel,"account_fiscal_position_id,account_tax_id",,, 
account_fiscal_position_res_cou_account_fiscal_position_id_fkey,f,account_fiscal_position_res_country_state_rel,account_fiscal_position_id,account_fiscal_position,id,c
account_fiscal_position_res_country_s_res_country_state_id_fkey,f,account_fiscal_position_res_country_state_rel,res_country_state_id,res_country_state,id,c
account_fiscal_position_res_country_state_rel_pkey,p,account_fiscal_position_res_country_state_rel,"account_fiscal_position_id,res_country_state_id",,, 
account_full_reconcile_create_uid_fkey,f,account_full_reconcile,create_uid,res_users,id,n
account_full_reconcile_write_uid_fkey,f,account_full_reconcile,write_uid,res_users,id,n
account_full_reconcile_pkey,p,account_full_reconcile,id,,, 
account_group_company_id_fkey,f,account_group,company_id,res_company,id,r
account_group_create_uid_fkey,f,account_group,create_uid,res_users,id,n
account_group_parent_id_fkey,f,account_group,parent_id,account_group,id,c
account_group_write_uid_fkey,f,account_group,write_uid,res_users,id,n
account_group_pkey,p,account_group,id,,, 
account_incoterms_create_uid_fkey,f,account_incoterms,create_uid,res_users,id,n
account_incoterms_write_uid_fkey,f,account_incoterms,write_uid,res_users,id,n
account_incoterms_pkey,p,account_incoterms,id,,, 
account_invoice_transaction_rel_invoice_id_fkey,f,account_invoice_transaction_rel,invoice_id,account_move,id,c
account_invoice_transaction_rel_transaction_id_fkey,f,account_invoice_transaction_rel,transaction_id,payment_transaction,id,c
account_invoice_transaction_rel_pkey,p,account_invoice_transaction_rel,"invoice_id,transaction_id",,, 
account_journal_alias_id_fkey,f,account_journal,alias_id,mail_alias,id,r
account_journal_bank_account_id_fkey,f,account_journal,bank_account_id,res_partner_bank,id,r
account_journal_company_id_fkey,f,account_journal,company_id,res_company,id,r
account_journal_create_uid_fkey,f,account_journal,create_uid,res_users,id,n
account_journal_currency_id_fkey,f,account_journal,currency_id,res_currency,id,n
account_journal_default_account_id_fkey,f,account_journal,default_account_id,account_account,id,r
account_journal_invoice_template_pdf_report_id_fkey,f,account_journal,invoice_template_pdf_report_id,ir_act_report_xml,id,n
account_journal_loss_account_id_fkey,f,account_journal,loss_account_id,account_account,id,n
account_journal_non_deductible_account_id_fkey,f,account_journal,non_deductible_account_id,account_account,id,n
account_journal_profit_account_id_fkey,f,account_journal,profit_account_id,account_account,id,n
account_journal_suspense_account_id_fkey,f,account_journal,suspense_account_id,account_account,id,r
account_journal_write_uid_fkey,f,account_journal,write_uid,res_users,id,n
account_journal_pkey,p,account_journal,id,,, 
account_journal_code_company_uniq,u,account_journal,"company_id,code",,, 
account_journal_account_journal_g_account_journal_group_id_fkey,f,account_journal_account_journal_group_rel,account_journal_group_id,account_journal_group,id,c
account_journal_account_journal_group_r_account_journal_id_fkey,f,account_journal_account_journal_group_rel,account_journal_id,account_journal,id,c
account_journal_account_journal_group_rel_pkey,p,account_journal_account_journal_group_rel,"account_journal_group_id,account_journal_id",,, 
account_journal_account_reconci_account_reconcile_model_id_fkey,f,account_journal_account_reconcile_model_rel,account_reconcile_model_id,account_reconcile_model,id,c
account_journal_account_reconcile_model_account_journal_id_fkey,f,account_journal_account_reconcile_model_rel,account_journal_id,account_journal,id,c
account_journal_account_reconcile_model_rel_pkey,p,account_journal_account_reconcile_model_rel,"account_reconcile_model_id,account_journal_id",,, 
account_journal_group_company_id_fkey,f,account_journal_group,company_id,res_company,id,n
account_journal_group_create_uid_fkey,f,account_journal_group,create_uid,res_users,id,n
account_journal_group_write_uid_fkey,f,account_journal_group,write_uid,res_users,id,n
account_journal_group_pkey,p,account_journal_group,id,,, 
account_journal_group_uniq_name,u,account_journal_group,"company_id,name",,, 
account_lock_exception_company_id_fkey,f,account_lock_exception,company_id,res_company,id,r
account_lock_exception_create_uid_fkey,f,account_lock_exception,create_uid,res_users,id,n
account_lock_exception_user_id_fkey,f,account_lock_exception,user_id,res_users,id,n
account_lock_exception_write_uid_fkey,f,account_lock_exception,write_uid,res_users,id,n
account_lock_exception_pkey,p,account_lock_exception,id,,, 
account_merge_wizard_create_uid_fkey,f,account_merge_wizard,create_uid,res_users,id,n
account_merge_wizard_write_uid_fkey,f,account_merge_wizard,write_uid,res_users,id,n
account_merge_wizard_pkey,p,account_merge_wizard,id,,, 
account_merge_wizard_line_account_id_fkey,f,account_merge_wizard_line,account_id,account_account,id,c
account_merge_wizard_line_create_uid_fkey,f,account_merge_wizard_line,create_uid,res_users,id,n
account_merge_wizard_line_wizard_id_fkey,f,account_merge_wizard_line,wizard_id,account_merge_wizard,id,c
account_merge_wizard_line_write_uid_fkey,f,account_merge_wizard_line,write_uid,res_users,id,n
account_merge_wizard_line_pkey,p,account_merge_wizard_line,id,,, 
account_move_auto_post_origin_id_fkey,f,account_move,auto_post_origin_id,account_move,id,n
account_move_commercial_partner_id_fkey,f,account_move,commercial_partner_id,res_partner,id,r
account_move_company_id_fkey,f,account_move,company_id,res_company,id,n
account_move_create_uid_fkey,f,account_move,create_uid,res_users,id,n
account_move_currency_id_fkey,f,account_move,currency_id,res_currency,id,r
account_move_debit_origin_id_fkey,f,account_move,debit_origin_id,account_move,id,n
account_move_fiscal_position_id_fkey,f,account_move,fiscal_position_id,account_fiscal_position,id,r
account_move_invoice_cash_rounding_id_fkey,f,account_move,invoice_cash_rounding_id,account_cash_rounding,id,n
account_move_invoice_incoterm_id_fkey,f,account_move,invoice_incoterm_id,account_incoterms,id,n
account_move_invoice_payment_term_id_fkey,f,account_move,invoice_payment_term_id,account_payment_term,id,n
account_move_invoice_user_id_fkey,f,account_move,invoice_user_id,res_users,id,n
account_move_journal_id_fkey,f,account_move,journal_id,account_journal,id,r
account_move_l10n_in_reseller_partner_id_fkey,f,account_move,l10n_in_reseller_partner_id,res_partner,id,n
account_move_l10n_in_shipping_port_code_id_fkey,f,account_move,l10n_in_shipping_port_code_id,l10n_in_port_code,id,n
account_move_l10n_in_state_id_fkey,f,account_move,l10n_in_state_id,res_country_state,id,n
account_move_l10n_in_withholding_ref_move_id_fkey,f,account_move,l10n_in_withholding_ref_move_id,account_move,id,n
account_move_l10n_in_withholding_ref_payment_id_fkey,f,account_move,l10n_in_withholding_ref_payment_id,account_payment,id,n
account_move_message_main_attachment_id_fkey,f,account_move,message_main_attachment_id,ir_attachment,id,n
account_move_origin_payment_id_fkey,f,account_move,origin_payment_id,account_payment,id,n
account_move_partner_bank_id_fkey,f,account_move,partner_bank_id,res_partner_bank,id,r
account_move_partner_id_fkey,f,account_move,partner_id,res_partner,id,r
account_move_partner_shipping_id_fkey,f,account_move,partner_shipping_id,res_partner,id,n
account_move_preferred_payment_method_line_id_fkey,f,account_move,preferred_payment_method_line_id,account_payment_method_line,id,n
account_move_reversed_entry_id_fkey,f,account_move,reversed_entry_id,account_move,id,n
account_move_statement_line_id_fkey,f,account_move,statement_line_id,account_bank_statement_line,id,n
account_move_tax_cash_basis_origin_move_id_fkey,f,account_move,tax_cash_basis_origin_move_id,account_move,id,n
account_move_tax_cash_basis_rec_id_fkey,f,account_move,tax_cash_basis_rec_id,account_partial_reconcile,id,n
account_move_write_uid_fkey,f,account_move,write_uid,res_users,id,n
account_move_pkey,p,account_move,id,,, 
account_move__account_payment_invoice_id_fkey,f,account_move__account_payment,invoice_id,account_move,id,c
account_move__account_payment_payment_id_fkey,f,account_move__account_payment,payment_id,account_payment,id,c
account_move__account_payment_pkey,p,account_move__account_payment,"invoice_id,payment_id",,, 
account_move_account_move_sen_account_move_send_batch_wiza_fkey,f,account_move_account_move_send_batch_wizard_rel,account_move_send_batch_wizard_id,account_move_send_batch_wizard,id,c
account_move_account_move_send_batch_wizar_account_move_id_fkey,f,account_move_account_move_send_batch_wizard_rel,account_move_id,account_move,id,c
account_move_account_move_send_batch_wizard_rel_pkey,p,account_move_account_move_send_batch_wizard_rel,"account_move_send_batch_wizard_id,account_move_id",,, 
account_move_account_resequen_account_resequence_wizard_id_fkey,f,account_move_account_resequence_wizard_rel,account_resequence_wizard_id,account_resequence_wizard,id,c
account_move_account_resequence_wizard_rel_account_move_id_fkey,f,account_move_account_resequence_wizard_rel,account_move_id,account_move,id,c
account_move_account_resequence_wizard_rel_pkey,p,account_move_account_resequence_wizard_rel,"account_resequence_wizard_id,account_move_id",,, 
account_move_debit_move_debit_id_fkey,f,account_move_debit_move,debit_id,account_debit_note,id,c
account_move_debit_move_move_id_fkey,f,account_move_debit_move,move_id,account_move,id,c
account_move_debit_move_pkey,p,account_move_debit_move,"debit_id,move_id",,, 
account_move_line_account_id_fkey,f,account_move_line,account_id,account_account,id,r
account_move_line_company_currency_id_fkey,f,account_move_line,company_currency_id,res_currency,id,n
account_move_line_company_id_fkey,f,account_move_line,company_id,res_company,id,n
account_move_line_create_uid_fkey,f,account_move_line,create_uid,res_users,id,n
account_move_line_currency_id_fkey,f,account_move_line,currency_id,res_currency,id,r
account_move_line_expense_id_fkey,f,account_move_line,expense_id,hr_expense,id,n
account_move_line_full_reconcile_id_fkey,f,account_move_line,full_reconcile_id,account_full_reconcile,id,n
account_move_line_group_tax_id_fkey,f,account_move_line,group_tax_id,account_tax,id,n
account_move_line_journal_id_fkey,f,account_move_line,journal_id,account_journal,id,n
account_move_line_loan_id_fkey,f,account_move_line,loan_id,hr_loan,id,n
account_move_line_move_id_fkey,f,account_move_line,move_id,account_move,id,c
account_move_line_partner_id_fkey,f,account_move_line,partner_id,res_partner,id,r
account_move_line_payment_id_fkey,f,account_move_line,payment_id,account_payment,id,n
account_move_line_product_id_fkey,f,account_move_line,product_id,product_product,id,r
account_move_line_product_uom_id_fkey,f,account_move_line,product_uom_id,uom_uom,id,r
account_move_line_reconcile_model_id_fkey,f,account_move_line,reconcile_model_id,account_reconcile_model,id,n
account_move_line_statement_id_fkey,f,account_move_line,statement_id,account_bank_statement,id,n
account_move_line_statement_line_id_fkey,f,account_move_line,statement_line_id,account_bank_statement_line,id,n
account_move_line_tax_group_id_fkey,f,account_move_line,tax_group_id,account_tax_group,id,n
account_move_line_tax_line_id_fkey,f,account_move_line,tax_line_id,account_tax,id,r
account_move_line_tax_repartition_line_id_fkey,f,account_move_line,tax_repartition_line_id,account_tax_repartition_line,id,r
account_move_line_write_uid_fkey,f,account_move_line,write_uid,res_users,id,n
account_move_line_pkey,p,account_move_line,id,,, 
account_move_line_account_tax_rel_account_move_line_id_fkey,f,account_move_line_account_tax_rel,account_move_line_id,account_move_line,id,c
account_move_line_account_tax_rel_account_tax_id_fkey,f,account_move_line_account_tax_rel,account_tax_id,account_tax,id,c
account_move_line_account_tax_rel_pkey,p,account_move_line_account_tax_rel,"account_move_line_id,account_tax_id",,, 
account_move_reversal_company_id_fkey,f,account_move_reversal,company_id,res_company,id,c
account_move_reversal_create_uid_fkey,f,account_move_reversal,create_uid,res_users,id,n
account_move_reversal_journal_id_fkey,f,account_move_reversal,journal_id,account_journal,id,c
account_move_reversal_write_uid_fkey,f,account_move_reversal,write_uid,res_users,id,n
account_move_reversal_pkey,p,account_move_reversal,id,,, 
account_move_reversal_move_move_id_fkey,f,account_move_reversal_move,move_id,account_move,id,c
account_move_reversal_move_reversal_id_fkey,f,account_move_reversal_move,reversal_id,account_move_reversal,id,c
account_move_reversal_move_pkey,p,account_move_reversal_move,"reversal_id,move_id",,, 
account_move_reversal_new_move_new_move_id_fkey,f,account_move_reversal_new_move,new_move_id,account_move,id,c
account_move_reversal_new_move_reversal_id_fkey,f,account_move_reversal_new_move,reversal_id,account_move_reversal,id,c
account_move_reversal_new_move_pkey,p,account_move_reversal_new_move,"reversal_id,new_move_id",,, 
account_move_send_batch_wizard_create_uid_fkey,f,account_move_send_batch_wizard,create_uid,res_users,id,n
account_move_send_batch_wizard_write_uid_fkey,f,account_move_send_batch_wizard,write_uid,res_users,id,n
account_move_send_batch_wizard_pkey,p,account_move_send_batch_wizard,id,,, 
account_move_send_wizard_create_uid_fkey,f,account_move_send_wizard,create_uid,res_users,id,n
account_move_send_wizard_move_id_fkey,f,account_move_send_wizard,move_id,account_move,id,c
account_move_send_wizard_pdf_report_id_fkey,f,account_move_send_wizard,pdf_report_id,ir_act_report_xml,id,n
account_move_send_wizard_template_id_fkey,f,account_move_send_wizard,template_id,mail_template,id,n
account_move_send_wizard_write_uid_fkey,f,account_move_send_wizard,write_uid,res_users,id,n
account_move_send_wizard_pkey,p,account_move_send_wizard,id,,, 
account_move_send_wizard_res_p_account_move_send_wizard_id_fkey,f,account_move_send_wizard_res_partner_rel,account_move_send_wizard_id,account_move_send_wizard,id,c
account_move_send_wizard_res_partner_rel_res_partner_id_fkey,f,account_move_send_wizard_res_partner_rel,res_partner_id,res_partner,id,c
account_move_send_wizard_res_partner_rel_pkey,p,account_move_send_wizard_res_partner_rel,"account_move_send_wizard_id,res_partner_id",,, 
account_move_validate_account_mov_validate_account_move_id_fkey,f,account_move_validate_account_move_rel,validate_account_move_id,validate_account_move,id,c
account_move_validate_account_move_rel_account_move_id_fkey,f,account_move_validate_account_move_rel,account_move_id,account_move,id,c
account_move_validate_account_move_rel_pkey,p,account_move_validate_account_move_rel,"validate_account_move_id,account_move_id",,, 
account_partial_reconcile_company_id_fkey,f,account_partial_reconcile,company_id,res_company,id,n
account_partial_reconcile_create_uid_fkey,f,account_partial_reconcile,create_uid,res_users,id,n
account_partial_reconcile_credit_currency_id_fkey,f,account_partial_reconcile,credit_currency_id,res_currency,id,n
account_partial_reconcile_credit_move_id_fkey,f,account_partial_reconcile,credit_move_id,account_move_line,id,r
account_partial_reconcile_debit_currency_id_fkey,f,account_partial_reconcile,debit_currency_id,res_currency,id,n
account_partial_reconcile_debit_move_id_fkey,f,account_partial_reconcile,debit_move_id,account_move_line,id,r
account_partial_reconcile_exchange_move_id_fkey,f,account_partial_reconcile,exchange_move_id,account_move,id,n
account_partial_reconcile_full_reconcile_id_fkey,f,account_partial_reconcile,full_reconcile_id,account_full_reconcile,id,n
account_partial_reconcile_write_uid_fkey,f,account_partial_reconcile,write_uid,res_users,id,n
account_partial_reconcile_pkey,p,account_partial_reconcile,id,,, 
account_payment_company_id_fkey,f,account_payment,company_id,res_company,id,r
account_payment_create_uid_fkey,f,account_payment,create_uid,res_users,id,n
account_payment_currency_id_fkey,f,account_payment,currency_id,res_currency,id,n
account_payment_destination_account_id_fkey,f,account_payment,destination_account_id,account_account,id,n
account_payment_journal_id_fkey,f,account_payment,journal_id,account_journal,id,r
account_payment_message_main_attachment_id_fkey,f,account_payment,message_main_attachment_id,ir_attachment,id,n
account_payment_move_id_fkey,f,account_payment,move_id,account_move,id,n
account_payment_outstanding_account_id_fkey,f,account_payment,outstanding_account_id,account_account,id,n
account_payment_paired_internal_transfer_payment_id_fkey,f,account_payment,paired_internal_transfer_payment_id,account_payment,id,n
account_payment_partner_bank_id_fkey,f,account_payment,partner_bank_id,res_partner_bank,id,r
account_payment_partner_id_fkey,f,account_payment,partner_id,res_partner,id,r
account_payment_payment_method_id_fkey,f,account_payment,payment_method_id,account_payment_method,id,n
account_payment_payment_method_line_id_fkey,f,account_payment,payment_method_line_id,account_payment_method_line,id,n
account_payment_payment_token_id_fkey,f,account_payment,payment_token_id,payment_token,id,n
account_payment_payment_transaction_id_fkey,f,account_payment,payment_transaction_id,payment_transaction,id,n
account_payment_source_payment_id_fkey,f,account_payment,source_payment_id,account_payment,id,n
account_payment_write_uid_fkey,f,account_payment,write_uid,res_users,id,n
account_payment_pkey,p,account_payment,id,,, 
account_payment_account_bank__account_bank_statement_line__fkey,f,account_payment_account_bank_statement_line_rel,account_bank_statement_line_id,account_bank_statement_line,id,c
account_payment_account_bank_statement__account_payment_id_fkey,f,account_payment_account_bank_statement_line_rel,account_payment_id,account_payment,id,c
account_payment_account_bank_statement_line_rel_pkey,p,account_payment_account_bank_statement_line_rel,"account_bank_statement_line_id,account_payment_id",,, 
account_payment_method_create_uid_fkey,f,account_payment_method,create_uid,res_users,id,n
account_payment_method_write_uid_fkey,f,account_payment_method,write_uid,res_users,id,n
account_payment_method_pkey,p,account_payment_method,id,,, 
account_payment_method_name_code_unique,u,account_payment_method,"code,payment_type",,, 
account_payment_method_line_create_uid_fkey,f,account_payment_method_line,create_uid,res_users,id,n
account_payment_method_line_journal_id_fkey,f,account_payment_method_line,journal_id,account_journal,id,n
account_payment_method_line_payment_account_id_fkey,f,account_payment_method_line,payment_account_id,account_account,id,r
account_payment_method_line_payment_method_id_fkey,f,account_payment_method_line,payment_method_id,account_payment_method,id,r
account_payment_method_line_payment_provider_id_fkey,f,account_payment_method_line,payment_provider_id,payment_provider,id,n
account_payment_method_line_write_uid_fkey,f,account_payment_method_line,write_uid,res_users,id,n
account_payment_method_line_pkey,p,account_payment_method_line,id,,, 
account_payment_method_line_r_account_payment_method_line__fkey,f,account_payment_method_line_res_company_rel,account_payment_method_line_id,account_payment_method_line,id,c
account_payment_method_line_res_company_rel_res_company_id_fkey,f,account_payment_method_line_res_company_rel,res_company_id,res_company,id,c
account_payment_method_line_res_company_rel_pkey,p,account_payment_method_line_res_company_rel,"res_company_id,account_payment_method_line_id",,, 
account_payment_register_company_id_fkey,f,account_payment_register,company_id,res_company,id,n
account_payment_register_create_uid_fkey,f,account_payment_register,create_uid,res_users,id,n
account_payment_register_currency_id_fkey,f,account_payment_register,currency_id,res_currency,id,n
account_payment_register_custom_user_currency_id_fkey,f,account_payment_register,custom_user_currency_id,res_currency,id,n
account_payment_register_journal_id_fkey,f,account_payment_register,journal_id,account_journal,id,n
account_payment_register_partner_bank_id_fkey,f,account_payment_register,partner_bank_id,res_partner_bank,id,n
account_payment_register_partner_id_fkey,f,account_payment_register,partner_id,res_partner,id,r
account_payment_register_payment_method_line_id_fkey,f,account_payment_register,payment_method_line_id,account_payment_method_line,id,n
account_payment_register_payment_token_id_fkey,f,account_payment_register,payment_token_id,payment_token,id,n
account_payment_register_source_currency_id_fkey,f,account_payment_register,source_currency_id,res_currency,id,n
account_payment_register_write_uid_fkey,f,account_payment_register,write_uid,res_users,id,n
account_payment_register_writeoff_account_id_fkey,f,account_payment_register,writeoff_account_id,account_account,id,n
account_payment_register_pkey,p,account_payment_register,id,,, 
account_payment_register_move_line_rel_line_id_fkey,f,account_payment_register_move_line_rel,line_id,account_move_line,id,c
account_payment_register_move_line_rel_wizard_id_fkey,f,account_payment_register_move_line_rel,wizard_id,account_payment_register,id,c
account_payment_register_move_line_rel_pkey,p,account_payment_register_move_line_rel,"wizard_id,line_id",,, 
account_payment_term_company_id_fkey,f,account_payment_term,company_id,res_company,id,n
account_payment_term_create_uid_fkey,f,account_payment_term,create_uid,res_users,id,n
account_payment_term_write_uid_fkey,f,account_payment_term,write_uid,res_users,id,n
account_payment_term_pkey,p,account_payment_term,id,,, 
account_payment_term_line_create_uid_fkey,f,account_payment_term_line,create_uid,res_users,id,n
account_payment_term_line_payment_id_fkey,f,account_payment_term_line,payment_id,account_payment_term,id,c
account_payment_term_line_write_uid_fkey,f,account_payment_term_line,write_uid,res_users,id,n
account_payment_term_line_pkey,p,account_payment_term_line,id,,, 
account_reconcile_model_company_id_fkey,f,account_reconcile_model,company_id,res_company,id,r
account_reconcile_model_create_uid_fkey,f,account_reconcile_model,create_uid,res_users,id,n
account_reconcile_model_mapped_partner_id_fkey,f,account_reconcile_model,mapped_partner_id,res_partner,id,n
account_reconcile_model_next_activity_type_id_fkey,f,account_reconcile_model,next_activity_type_id,mail_activity_type,id,n
account_reconcile_model_write_uid_fkey,f,account_reconcile_model,write_uid,res_users,id,n
account_reconcile_model_pkey,p,account_reconcile_model,id,,, 
account_reconcile_model_line_account_id_fkey,f,account_reconcile_model_line,account_id,account_account,id,c
account_reconcile_model_line_company_id_fkey,f,account_reconcile_model_line,company_id,res_company,id,n
account_reconcile_model_line_create_uid_fkey,f,account_reconcile_model_line,create_uid,res_users,id,n
account_reconcile_model_line_model_id_fkey,f,account_reconcile_model_line,model_id,account_reconcile_model,id,c
account_reconcile_model_line_partner_id_fkey,f,account_reconcile_model_line,partner_id,res_partner,id,n
account_reconcile_model_line_write_uid_fkey,f,account_reconcile_model_line,write_uid,res_users,id,n
account_reconcile_model_line_pkey,p,account_reconcile_model_line,id,,, 
account_reconcile_model_line__account_reconcile_model_line_fkey,f,account_reconcile_model_line_account_tax_rel,account_reconcile_model_line_id,account_reconcile_model_line,id,c
account_reconcile_model_line_account_tax_re_account_tax_id_fkey,f,account_reconcile_model_line_account_tax_rel,account_tax_id,account_tax,id,r
account_reconcile_model_line_account_tax_rel_pkey,p,account_reconcile_model_line_account_tax_rel,"account_reconcile_model_line_id,account_tax_id",,, 
account_reconcile_model_res_par_account_reconcile_model_id_fkey,f,account_reconcile_model_res_partner_rel,account_reconcile_model_id,account_reconcile_model,id,c
account_reconcile_model_res_partner_rel_res_partner_id_fkey,f,account_reconcile_model_res_partner_rel,res_partner_id,res_partner,id,c
account_reconcile_model_res_partner_rel_pkey,p,account_reconcile_model_res_partner_rel,"account_reconcile_model_id,res_partner_id",,, 
account_report_country_id_fkey,f,account_report,country_id,res_country,id,n
account_report_create_uid_fkey,f,account_report,create_uid,res_users,id,n
account_report_root_report_id_fkey,f,account_report,root_report_id,account_report,id,n
account_report_write_uid_fkey,f,account_report,write_uid,res_users,id,n
account_report_pkey,p,account_report,id,,, 
account_report_column_create_uid_fkey,f,account_report_column,create_uid,res_users,id,n
account_report_column_custom_audit_action_id_fkey,f,account_report_column,custom_audit_action_id,ir_act_window,id,n
account_report_column_report_id_fkey,f,account_report_column,report_id,account_report,id,n
account_report_column_write_uid_fkey,f,account_report_column,write_uid,res_users,id,n
account_report_column_pkey,p,account_report_column,id,,, 
account_report_expression_create_uid_fkey,f,account_report_expression,create_uid,res_users,id,n
account_report_expression_report_line_id_fkey,f,account_report_expression,report_line_id,account_report_line,id,c
account_report_expression_write_uid_fkey,f,account_report_expression,write_uid,res_users,id,n
account_report_expression_pkey,p,account_report_expression,id,,, 
account_report_expression_line_label_uniq,u,account_report_expression,"report_line_id,label",,, 
account_report_external_value_carryover_origin_report_line_fkey,f,account_report_external_value,carryover_origin_report_line_id,account_report_line,id,n
account_report_external_value_company_id_fkey,f,account_report_external_value,company_id,res_company,id,r
account_report_external_value_create_uid_fkey,f,account_report_external_value,create_uid,res_users,id,n
account_report_external_value_target_report_expression_id_fkey,f,account_report_external_value,target_report_expression_id,account_report_expression,id,c
account_report_external_value_write_uid_fkey,f,account_report_external_value,write_uid,res_users,id,n
account_report_external_value_pkey,p,account_report_external_value,id,,, 
account_report_line_create_uid_fkey,f,account_report_line,create_uid,res_users,id,n
account_report_line_parent_id_fkey,f,account_report_line,parent_id,account_report_line,id,n
account_report_line_report_id_fkey,f,account_report_line,report_id,account_report,id,c
account_report_line_write_uid_fkey,f,account_report_line,write_uid,res_users,id,n
account_report_line_pkey,p,account_report_line,id,,, 
account_report_line_code_uniq,u,account_report_line,"report_id,code",,, 
account_report_section_rel_main_report_id_fkey,f,account_report_section_rel,main_report_id,account_report,id,c
account_report_section_rel_sub_report_id_fkey,f,account_report_section_rel,sub_report_id,account_report,id,c
account_report_section_rel_pkey,p,account_report_section_rel,"main_report_id,sub_report_id",,, 
account_resequence_wizard_create_uid_fkey,f,account_resequence_wizard,create_uid,res_users,id,n
account_resequence_wizard_write_uid_fkey,f,account_resequence_wizard,write_uid,res_users,id,n
account_resequence_wizard_pkey,p,account_resequence_wizard,id,,, 
account_secure_entries_wizard_company_id_fkey,f,account_secure_entries_wizard,company_id,res_company,id,c
account_secure_entries_wizard_create_uid_fkey,f,account_secure_entries_wizard,create_uid,res_users,id,n
account_secure_entries_wizard_write_uid_fkey,f,account_secure_entries_wizard,write_uid,res_users,id,n
account_secure_entries_wizard_pkey,p,account_secure_entries_wizard,id,,, 
account_setup_bank_manual_config_create_uid_fkey,f,account_setup_bank_manual_config,create_uid,res_users,id,n
account_setup_bank_manual_config_res_partner_bank_id_fkey,f,account_setup_bank_manual_config,res_partner_bank_id,res_partner_bank,id,c
account_setup_bank_manual_config_write_uid_fkey,f,account_setup_bank_manual_config,write_uid,res_users,id,n
account_setup_bank_manual_config_pkey,p,account_setup_bank_manual_config,id,,, 
account_tax_cash_basis_transition_account_id_fkey,f,account_tax,cash_basis_transition_account_id,account_account,id,n
account_tax_company_id_fkey,f,account_tax,company_id,res_company,id,r
account_tax_country_id_fkey,f,account_tax,country_id,res_country,id,r
account_tax_create_uid_fkey,f,account_tax,create_uid,res_users,id,n
account_tax_l10n_in_section_id_fkey,f,account_tax,l10n_in_section_id,l10n_in_section_alert,id,n
account_tax_tax_group_id_fkey,f,account_tax,tax_group_id,account_tax_group,id,r
account_tax_write_uid_fkey,f,account_tax,write_uid,res_users,id,n
account_tax_pkey,p,account_tax,id,,, 
account_tax_alternatives_dest_tax_id_fkey,f,account_tax_alternatives,dest_tax_id,account_tax,id,c
account_tax_alternatives_src_tax_id_fkey,f,account_tax_alternatives,src_tax_id,account_tax,id,c
account_tax_alternatives_pkey,p,account_tax_alternatives,"dest_tax_id,src_tax_id",,, 
account_tax_filiation_rel_child_tax_fkey,f,account_tax_filiation_rel,child_tax,account_tax,id,c
account_tax_filiation_rel_parent_tax_fkey,f,account_tax_filiation_rel,parent_tax,account_tax,id,c
account_tax_filiation_rel_pkey,p,account_tax_filiation_rel,"parent_tax,child_tax",,, 
account_tax_group_advance_tax_payment_account_id_fkey,f,account_tax_group,advance_tax_payment_account_id,account_account,id,n
account_tax_group_company_id_fkey,f,account_tax_group,company_id,res_company,id,r
account_tax_group_country_id_fkey,f,account_tax_group,country_id,res_country,id,n
account_tax_group_create_uid_fkey,f,account_tax_group,create_uid,res_users,id,n
account_tax_group_tax_payable_account_id_fkey,f,account_tax_group,tax_payable_account_id,account_account,id,n
account_tax_group_tax_receivable_account_id_fkey,f,account_tax_group,tax_receivable_account_id,account_account,id,n
account_tax_group_write_uid_fkey,f,account_tax_group,write_uid,res_users,id,n
account_tax_group_pkey,p,account_tax_group,id,,, 
account_tax_hr_expense_split_rel_account_tax_id_fkey,f,account_tax_hr_expense_split_rel,account_tax_id,account_tax,id,c
account_tax_hr_expense_split_rel_hr_expense_split_id_fkey,f,account_tax_hr_expense_split_rel,hr_expense_split_id,hr_expense_split,id,c
account_tax_hr_expense_split_rel_pkey,p,account_tax_hr_expense_split_rel,"hr_expense_split_id,account_tax_id",,, 
account_tax_repartition_line_account_id_fkey,f,account_tax_repartition_line,account_id,account_account,id,n
account_tax_repartition_line_company_id_fkey,f,account_tax_repartition_line,company_id,res_company,id,n
account_tax_repartition_line_create_uid_fkey,f,account_tax_repartition_line,create_uid,res_users,id,n
account_tax_repartition_line_tax_id_fkey,f,account_tax_repartition_line,tax_id,account_tax,id,c
account_tax_repartition_line_write_uid_fkey,f,account_tax_repartition_line,write_uid,res_users,id,n
account_tax_repartition_line_pkey,p,account_tax_repartition_line,id,,, 
activity_attachment_rel_activity_id_fkey,f,activity_attachment_rel,activity_id,mail_activity,id,c
activity_attachment_rel_attachment_id_fkey,f,activity_attachment_rel,attachment_id,ir_attachment,id,c
activity_attachment_rel_pkey,p,activity_attachment_rel,"activity_id,attachment_id",,, 
adjusting_entries__account_move_adjusting_entry_move_id_fkey,f,adjusting_entries__account_move,adjusting_entry_move_id,account_move,id,c
adjusting_entries__account_move_move_id_fkey,f,adjusting_entries__account_move,move_id,account_move,id,c
adjusting_entries__account_move_pkey,p,adjusting_entries__account_move,"move_id,adjusting_entry_move_id",,, 
applicant_get_refuse_reason_create_uid_fkey,f,applicant_get_refuse_reason,create_uid,res_users,id,n
applicant_get_refuse_reason_refuse_reason_id_fkey,f,applicant_get_refuse_reason,refuse_reason_id,hr_applicant_refuse_reason,id,c
applicant_get_refuse_reason_template_id_fkey,f,applicant_get_refuse_reason,template_id,mail_template,id,n
applicant_get_refuse_reason_write_uid_fkey,f,applicant_get_refuse_reason,write_uid,res_users,id,n
applicant_get_refuse_reason_pkey,p,applicant_get_refuse_reason,id,,, 
applicant_get_refuse_reason_d_applicant_get_refuse_reason__fkey,f,applicant_get_refuse_reason_duplicate_applicants_rel,applicant_get_refuse_reason_id,applicant_get_refuse_reason,id,c
applicant_get_refuse_reason_duplicate_appl_hr_applicant_id_fkey,f,applicant_get_refuse_reason_duplicate_applicants_rel,hr_applicant_id,hr_applicant,id,c
applicant_get_refuse_reason_duplicate_applicants_rel_pkey,p,applicant_get_refuse_reason_duplicate_applicants_rel,"applicant_get_refuse_reason_id,hr_applicant_id",,, 
applicant_get_refuse_reason_h_applicant_get_refuse_reason__fkey,f,applicant_get_refuse_reason_hr_applicant_rel,applicant_get_refuse_reason_id,applicant_get_refuse_reason,id,c
applicant_get_refuse_reason_hr_applicant_r_hr_applicant_id_fkey,f,applicant_get_refuse_reason_hr_applicant_rel,hr_applicant_id,hr_applicant,id,c
applicant_get_refuse_reason_hr_applicant_rel_pkey,p,applicant_get_refuse_reason_hr_applicant_rel,"applicant_get_refuse_reason_id,hr_applicant_id",,, 
applicant_get_refuse_reason_i_applicant_get_refuse_reason__fkey,f,applicant_get_refuse_reason_ir_attachment_rel,applicant_get_refuse_reason_id,applicant_get_refuse_reason,id,c
applicant_get_refuse_reason_ir_attachment_ir_attachment_id_fkey,f,applicant_get_refuse_reason_ir_attachment_rel,ir_attachment_id,ir_attachment,id,c
applicant_get_refuse_reason_ir_attachment_rel_pkey,p,applicant_get_refuse_reason_ir_attachment_rel,"applicant_get_refuse_reason_id,ir_attachment_id",,, 
applicant_send_mail_author_id_fkey,f,applicant_send_mail,author_id,res_partner,id,c
applicant_send_mail_create_uid_fkey,f,applicant_send_mail,create_uid,res_users,id,n
applicant_send_mail_template_id_fkey,f,applicant_send_mail,template_id,mail_template,id,n
applicant_send_mail_write_uid_fkey,f,applicant_send_mail,write_uid,res_users,id,n
applicant_send_mail_pkey,p,applicant_send_mail,id,,, 
applicant_send_mail_hr_applicant_re_applicant_send_mail_id_fkey,f,applicant_send_mail_hr_applicant_rel,applicant_send_mail_id,applicant_send_mail,id,c
applicant_send_mail_hr_applicant_rel_hr_applicant_id_fkey,f,applicant_send_mail_hr_applicant_rel,hr_applicant_id,hr_applicant,id,c
applicant_send_mail_hr_applicant_rel_pkey,p,applicant_send_mail_hr_applicant_rel,"applicant_send_mail_id,hr_applicant_id",,, 
applicant_send_mail_ir_attachment_r_applicant_send_mail_id_fkey,f,applicant_send_mail_ir_attachment_rel,applicant_send_mail_id,applicant_send_mail,id,c
applicant_send_mail_ir_attachment_rel_ir_attachment_id_fkey,f,applicant_send_mail_ir_attachment_rel,ir_attachment_id,ir_attachment,id,c
applicant_send_mail_ir_attachment_rel_pkey,p,applicant_send_mail_ir_attachment_rel,"applicant_send_mail_id,ir_attachment_id",,, 
attach_ids_attachment_id3_fkey,f,attach_ids,attachment_id3,ir_attachment,id,c
attach_ids_document_id_fkey,f,attach_ids,document_id,hr_document,id,c
attach_ids_pkey,p,attach_ids,"attachment_id3,document_id",,, 
attach_rel_attach_id3_fkey,f,attach_rel,attach_id3,ir_attachment,id,c
attach_rel_doc_id_fkey,f,attach_rel,doc_id,hr_document,id,c
attach_rel_pkey,p,attach_rel,"doc_id,attach_id3",,, 
auth_passkey_key_create_uid_fkey,f,auth_passkey_key,create_uid,res_users,id,n
auth_passkey_key_write_uid_fkey,f,auth_passkey_key,write_uid,res_users,id,n
auth_passkey_key_pkey,p,auth_passkey_key,id,,, 
auth_passkey_key_unique_identifier,u,auth_passkey_key,credential_identifier,,, 
auth_passkey_key_create_create_uid_fkey,f,auth_passkey_key_create,create_uid,res_users,id,n
auth_passkey_key_create_write_uid_fkey,f,auth_passkey_key_create,write_uid,res_users,id,n
auth_passkey_key_create_pkey,p,auth_passkey_key_create,id,,, 
auth_totp_device_user_id_fkey,f,auth_totp_device,user_id,res_users,id,c
auth_totp_device_pkey,p,auth_totp_device,id,,, 
auth_totp_rate_limit_log_create_uid_fkey,f,auth_totp_rate_limit_log,create_uid,res_users,id,n
auth_totp_rate_limit_log_user_id_fkey,f,auth_totp_rate_limit_log,user_id,res_users,id,c
auth_totp_rate_limit_log_write_uid_fkey,f,auth_totp_rate_limit_log,write_uid,res_users,id,n
auth_totp_rate_limit_log_pkey,p,auth_totp_rate_limit_log,id,,, 
auth_totp_wizard_create_uid_fkey,f,auth_totp_wizard,create_uid,res_users,id,n
auth_totp_wizard_user_id_fkey,f,auth_totp_wizard,user_id,res_users,id,c
auth_totp_wizard_write_uid_fkey,f,auth_totp_wizard,write_uid,res_users,id,n
auth_totp_wizard_pkey,p,auth_totp_wizard,id,,, 
badge_unlocked_definition_rel_gamification_badge_id_fkey,f,badge_unlocked_definition_rel,gamification_badge_id,gamification_badge,id,c
badge_unlocked_definition_rel_gamification_goal_definition_fkey,f,badge_unlocked_definition_rel,gamification_goal_definition_id,gamification_goal_definition,id,c
badge_unlocked_definition_rel_pkey,p,badge_unlocked_definition_rel,"gamification_badge_id,gamification_goal_definition_id",,, 
barcode_nomenclature_create_uid_fkey,f,barcode_nomenclature,create_uid,res_users,id,n
barcode_nomenclature_write_uid_fkey,f,barcode_nomenclature,write_uid,res_users,id,n
barcode_nomenclature_pkey,p,barcode_nomenclature,id,,, 
barcode_rule_barcode_nomenclature_id_fkey,f,barcode_rule,barcode_nomenclature_id,barcode_nomenclature,id,n
barcode_rule_create_uid_fkey,f,barcode_rule,create_uid,res_users,id,n
barcode_rule_write_uid_fkey,f,barcode_rule,write_uid,res_users,id,n
barcode_rule_pkey,p,barcode_rule,id,,, 
base_document_layout_company_id_fkey,f,base_document_layout,company_id,res_company,id,c
base_document_layout_create_uid_fkey,f,base_document_layout,create_uid,res_users,id,n
base_document_layout_report_layout_id_fkey,f,base_document_layout,report_layout_id,report_layout,id,n
base_document_layout_write_uid_fkey,f,base_document_layout,write_uid,res_users,id,n
base_document_layout_pkey,p,base_document_layout,id,,, 
base_enable_profiling_wizard_create_uid_fkey,f,base_enable_profiling_wizard,create_uid,res_users,id,n
base_enable_profiling_wizard_write_uid_fkey,f,base_enable_profiling_wizard,write_uid,res_users,id,n
base_enable_profiling_wizard_pkey,p,base_enable_profiling_wizard,id,,, 
base_geo_provider_create_uid_fkey,f,base_geo_provider,create_uid,res_users,id,n
base_geo_provider_write_uid_fkey,f,base_geo_provider,write_uid,res_users,id,n
base_geo_provider_pkey,p,base_geo_provider,id,,, 
base_import_import_create_uid_fkey,f,base_import_import,create_uid,res_users,id,n
base_import_import_write_uid_fkey,f,base_import_import,write_uid,res_users,id,n
base_import_import_pkey,p,base_import_import,id,,, 
base_import_mapping_create_uid_fkey,f,base_import_mapping,create_uid,res_users,id,n
base_import_mapping_write_uid_fkey,f,base_import_mapping,write_uid,res_users,id,n
base_import_mapping_pkey,p,base_import_mapping,id,,, 
base_import_module_create_uid_fkey,f,base_import_module,create_uid,res_users,id,n
base_import_module_write_uid_fkey,f,base_import_module,write_uid,res_users,id,n
base_import_module_pkey,p,base_import_module,id,,, 
base_language_export_create_uid_fkey,f,base_language_export,create_uid,res_users,id,n
base_language_export_model_id_fkey,f,base_language_export,model_id,ir_model,id,n
base_language_export_write_uid_fkey,f,base_language_export,write_uid,res_users,id,n
base_language_export_pkey,p,base_language_export,id,,, 
base_language_import_create_uid_fkey,f,base_language_import,create_uid,res_users,id,n
base_language_import_write_uid_fkey,f,base_language_import,write_uid,res_users,id,n
base_language_import_pkey,p,base_language_import,id,,, 
base_language_install_create_uid_fkey,f,base_language_install,create_uid,res_users,id,n
base_language_install_write_uid_fkey,f,base_language_install,write_uid,res_users,id,n
base_language_install_pkey,p,base_language_install,id,,, 
base_module_install_request_create_uid_fkey,f,base_module_install_request,create_uid,res_users,id,n
base_module_install_request_module_id_fkey,f,base_module_install_request,module_id,ir_module_module,id,c
base_module_install_request_user_id_fkey,f,base_module_install_request,user_id,res_users,id,c
base_module_install_request_write_uid_fkey,f,base_module_install_request,write_uid,res_users,id,n
base_module_install_request_pkey,p,base_module_install_request,id,,, 
base_module_install_review_create_uid_fkey,f,base_module_install_review,create_uid,res_users,id,n
base_module_install_review_module_id_fkey,f,base_module_install_review,module_id,ir_module_module,id,c
base_module_install_review_write_uid_fkey,f,base_module_install_review,write_uid,res_users,id,n
base_module_install_review_pkey,p,base_module_install_review,id,,, 
base_module_uninstall_create_uid_fkey,f,base_module_uninstall,create_uid,res_users,id,n
base_module_uninstall_write_uid_fkey,f,base_module_uninstall,write_uid,res_users,id,n
base_module_uninstall_pkey,p,base_module_uninstall,id,,, 
base_module_uninstall_ir_module_m_base_module_uninstall_id_fkey,f,base_module_uninstall_ir_module_module_rel,base_module_uninstall_id,base_module_uninstall,id,c
base_module_uninstall_ir_module_module_ir_module_module_id_fkey,f,base_module_uninstall_ir_module_module_rel,ir_module_module_id,ir_module_module,id,c
base_module_uninstall_ir_module_module_rel_pkey,p,base_module_uninstall_ir_module_module_rel,"base_module_uninstall_id,ir_module_module_id",,, 
base_module_update_create_uid_fkey,f,base_module_update,create_uid,res_users,id,n
base_module_update_write_uid_fkey,f,base_module_update,write_uid,res_users,id,n
base_module_update_pkey,p,base_module_update,id,,, 
base_module_upgrade_create_uid_fkey,f,base_module_upgrade,create_uid,res_users,id,n
base_module_upgrade_write_uid_fkey,f,base_module_upgrade,write_uid,res_users,id,n
base_module_upgrade_pkey,p,base_module_upgrade,id,,, 
base_partner_merge_automatic_wizard_create_uid_fkey,f,base_partner_merge_automatic_wizard,create_uid,res_users,id,n
base_partner_merge_automatic_wizard_current_line_id_fkey,f,base_partner_merge_automatic_wizard,current_line_id,base_partner_merge_line,id,n
base_partner_merge_automatic_wizard_dst_partner_id_fkey,f,base_partner_merge_automatic_wizard,dst_partner_id,res_partner,id,n
base_partner_merge_automatic_wizard_write_uid_fkey,f,base_partner_merge_automatic_wizard,write_uid,res_users,id,n
base_partner_merge_automatic_wizard_pkey,p,base_partner_merge_automatic_wizard,id,,, 
base_partner_merge_automatic__base_partner_merge_automatic_fkey,f,base_partner_merge_automatic_wizard_res_partner_rel,base_partner_merge_automatic_wizard_id,base_partner_merge_automatic_wizard,id,c
base_partner_merge_automatic_wizard_res_par_res_partner_id_fkey,f,base_partner_merge_automatic_wizard_res_partner_rel,res_partner_id,res_partner,id,c
base_partner_merge_automatic_wizard_res_partner_rel_pkey,p,base_partner_merge_automatic_wizard_res_partner_rel,"base_partner_merge_automatic_wizard_id,res_partner_id",,, 
base_partner_merge_line_create_uid_fkey,f,base_partner_merge_line,create_uid,res_users,id,n
base_partner_merge_line_wizard_id_fkey,f,base_partner_merge_line,wizard_id,base_partner_merge_automatic_wizard,id,n
base_partner_merge_line_write_uid_fkey,f,base_partner_merge_line,write_uid,res_users,id,n
base_partner_merge_line_pkey,p,base_partner_merge_line,id,,, 
bus_bus_create_uid_fkey,f,bus_bus,create_uid,res_users,id,n
bus_bus_write_uid_fkey,f,bus_bus,write_uid,res_users,id,n
bus_bus_pkey,p,bus_bus,id,,, 
calendar_alarm_create_uid_fkey,f,calendar_alarm,create_uid,res_users,id,n
calendar_alarm_mail_template_id_fkey,f,calendar_alarm,mail_template_id,mail_template,id,n
calendar_alarm_sms_template_id_fkey,f,calendar_alarm,sms_template_id,sms_template,id,n
calendar_alarm_write_uid_fkey,f,calendar_alarm,write_uid,res_users,id,n
calendar_alarm_pkey,p,calendar_alarm,id,,, 
calendar_alarm_calendar_event_rel_calendar_alarm_id_fkey,f,calendar_alarm_calendar_event_rel,calendar_alarm_id,calendar_alarm,id,r
calendar_alarm_calendar_event_rel_calendar_event_id_fkey,f,calendar_alarm_calendar_event_rel,calendar_event_id,calendar_event,id,c
calendar_alarm_calendar_event_rel_pkey,p,calendar_alarm_calendar_event_rel,"calendar_event_id,calendar_alarm_id",,, 
calendar_attendee_create_uid_fkey,f,calendar_attendee,create_uid,res_users,id,n
calendar_attendee_event_id_fkey,f,calendar_attendee,event_id,calendar_event,id,c
calendar_attendee_partner_id_fkey,f,calendar_attendee,partner_id,res_partner,id,c
calendar_attendee_write_uid_fkey,f,calendar_attendee,write_uid,res_users,id,n
calendar_attendee_pkey,p,calendar_attendee,id,,, 
calendar_event_applicant_id_fkey,f,calendar_event,applicant_id,hr_applicant,id,n
calendar_event_create_uid_fkey,f,calendar_event,create_uid,res_users,id,n
calendar_event_recurrence_id_fkey,f,calendar_event,recurrence_id,calendar_recurrence,id,n
calendar_event_res_model_id_fkey,f,calendar_event,res_model_id,ir_model,id,c
calendar_event_user_id_fkey,f,calendar_event,user_id,res_users,id,n
calendar_event_videocall_channel_id_fkey,f,calendar_event,videocall_channel_id,discuss_channel,id,n
calendar_event_write_uid_fkey,f,calendar_event,write_uid,res_users,id,n
calendar_event_pkey,p,calendar_event,id,,, 
calendar_event_res_partner_rel_calendar_event_id_fkey,f,calendar_event_res_partner_rel,calendar_event_id,calendar_event,id,c
calendar_event_res_partner_rel_res_partner_id_fkey,f,calendar_event_res_partner_rel,res_partner_id,res_partner,id,c
calendar_event_res_partner_rel_pkey,p,calendar_event_res_partner_rel,"res_partner_id,calendar_event_id",,, 
calendar_event_type_create_uid_fkey,f,calendar_event_type,create_uid,res_users,id,n
calendar_event_type_write_uid_fkey,f,calendar_event_type,write_uid,res_users,id,n
calendar_event_type_pkey,p,calendar_event_type,id,,, 
calendar_event_type_name_uniq,u,calendar_event_type,name,,, 
calendar_filters_create_uid_fkey,f,calendar_filters,create_uid,res_users,id,n
calendar_filters_partner_id_fkey,f,calendar_filters,partner_id,res_partner,id,r
calendar_filters_user_id_fkey,f,calendar_filters,user_id,res_users,id,c
calendar_filters_write_uid_fkey,f,calendar_filters,write_uid,res_users,id,n
calendar_filters_pkey,p,calendar_filters,id,,, 
calendar_filters_user_id_partner_id_unique,u,calendar_filters,"user_id,partner_id",,, 
calendar_popover_delete_wizard_calendar_event_id_fkey,f,calendar_popover_delete_wizard,calendar_event_id,calendar_event,id,n
calendar_popover_delete_wizard_create_uid_fkey,f,calendar_popover_delete_wizard,create_uid,res_users,id,n
calendar_popover_delete_wizard_template_id_fkey,f,calendar_popover_delete_wizard,template_id,mail_template,id,n
calendar_popover_delete_wizard_write_uid_fkey,f,calendar_popover_delete_wizard,write_uid,res_users,id,n
calendar_popover_delete_wizard_pkey,p,calendar_popover_delete_wizard,id,,, 
calendar_provider_config_create_uid_fkey,f,calendar_provider_config,create_uid,res_users,id,n
calendar_provider_config_write_uid_fkey,f,calendar_provider_config,write_uid,res_users,id,n
calendar_provider_config_pkey,p,calendar_provider_config,id,,, 
calendar_recurrence_base_event_id_fkey,f,calendar_recurrence,base_event_id,calendar_event,id,n
calendar_recurrence_create_uid_fkey,f,calendar_recurrence,create_uid,res_users,id,n
calendar_recurrence_trigger_id_fkey,f,calendar_recurrence,trigger_id,ir_cron_trigger,id,n
calendar_recurrence_write_uid_fkey,f,calendar_recurrence,write_uid,res_users,id,n
calendar_recurrence_pkey,p,calendar_recurrence,id,,, 
change_password_own_create_uid_fkey,f,change_password_own,create_uid,res_users,id,n
change_password_own_write_uid_fkey,f,change_password_own,write_uid,res_users,id,n
change_password_own_pkey,p,change_password_own,id,,, 
change_password_user_create_uid_fkey,f,change_password_user,create_uid,res_users,id,n
change_password_user_user_id_fkey,f,change_password_user,user_id,res_users,id,c
change_password_user_wizard_id_fkey,f,change_password_user,wizard_id,change_password_wizard,id,c
change_password_user_write_uid_fkey,f,change_password_user,write_uid,res_users,id,n
change_password_user_pkey,p,change_password_user,id,,, 
change_password_wizard_create_uid_fkey,f,change_password_wizard,create_uid,res_users,id,n
change_password_wizard_write_uid_fkey,f,change_password_wizard,write_uid,res_users,id,n
change_password_wizard_pkey,p,change_password_wizard,id,,, 
decimal_precision_create_uid_fkey,f,decimal_precision,create_uid,res_users,id,n
decimal_precision_write_uid_fkey,f,decimal_precision,write_uid,res_users,id,n
decimal_precision_pkey,p,decimal_precision,id,,, 
decimal_precision_name_uniq,u,decimal_precision,name,,, 
digest_digest_company_id_fkey,f,digest_digest,company_id,res_company,id,n
digest_digest_create_uid_fkey,f,digest_digest,create_uid,res_users,id,n
digest_digest_write_uid_fkey,f,digest_digest,write_uid,res_users,id,n
digest_digest_pkey,p,digest_digest,id,,, 
digest_digest_res_users_rel_digest_digest_id_fkey,f,digest_digest_res_users_rel,digest_digest_id,digest_digest,id,c
digest_digest_res_users_rel_res_users_id_fkey,f,digest_digest_res_users_rel,res_users_id,res_users,id,c
digest_digest_res_users_rel_pkey,p,digest_digest_res_users_rel,"digest_digest_id,res_users_id",,, 
digest_tip_create_uid_fkey,f,digest_tip,create_uid,res_users,id,n
digest_tip_group_id_fkey,f,digest_tip,group_id,res_groups,id,n
digest_tip_write_uid_fkey,f,digest_tip,write_uid,res_users,id,n
digest_tip_pkey,p,digest_tip,id,,, 
digest_tip_res_users_rel_digest_tip_id_fkey,f,digest_tip_res_users_rel,digest_tip_id,digest_tip,id,c
digest_tip_res_users_rel_res_users_id_fkey,f,digest_tip_res_users_rel,res_users_id,res_users,id,c
digest_tip_res_users_rel_pkey,p,digest_tip_res_users_rel,"digest_tip_id,res_users_id",,, 
discuss_call_history_channel_id_fkey,f,discuss_call_history,channel_id,discuss_channel,id,c
discuss_call_history_create_uid_fkey,f,discuss_call_history,create_uid,res_users,id,n
discuss_call_history_start_call_message_id_fkey,f,discuss_call_history,start_call_message_id,mail_message,id,n
discuss_call_history_write_uid_fkey,f,discuss_call_history,write_uid,res_users,id,n
discuss_call_history_pkey,p,discuss_call_history,id,,, 
discuss_call_history_message_id_unique_constraint,u,discuss_call_history,start_call_message_id,,, 
discuss_channel_create_uid_fkey,f,discuss_channel,create_uid,res_users,id,n
discuss_channel_from_message_id_fkey,f,discuss_channel,from_message_id,mail_message,id,n
discuss_channel_group_public_id_fkey,f,discuss_channel,group_public_id,res_groups,id,n
discuss_channel_parent_channel_id_fkey,f,discuss_channel,parent_channel_id,discuss_channel,id,c
discuss_channel_write_uid_fkey,f,discuss_channel,write_uid,res_users,id,n
discuss_channel_pkey,p,discuss_channel,id,,, 
discuss_channel_from_message_id_unique,u,discuss_channel,from_message_id,,, 
discuss_channel_uuid_unique,u,discuss_channel,uuid,,, 
discuss_channel_hr_department_rel_discuss_channel_id_fkey,f,discuss_channel_hr_department_rel,discuss_channel_id,discuss_channel,id,c
discuss_channel_hr_department_rel_hr_department_id_fkey,f,discuss_channel_hr_department_rel,hr_department_id,hr_department,id,c
discuss_channel_hr_department_rel_pkey,p,discuss_channel_hr_department_rel,"discuss_channel_id,hr_department_id",,, 
discuss_channel_member_channel_id_fkey,f,discuss_channel_member,channel_id,discuss_channel,id,c
discuss_channel_member_create_uid_fkey,f,discuss_channel_member,create_uid,res_users,id,n
discuss_channel_member_fetched_message_id_fkey,f,discuss_channel_member,fetched_message_id,mail_message,id,n
discuss_channel_member_guest_id_fkey,f,discuss_channel_member,guest_id,mail_guest,id,c
discuss_channel_member_partner_id_fkey,f,discuss_channel_member,partner_id,res_partner,id,c
discuss_channel_member_rtc_inviting_session_id_fkey,f,discuss_channel_member,rtc_inviting_session_id,discuss_channel_rtc_session,id,n
discuss_channel_member_seen_message_id_fkey,f,discuss_channel_member,seen_message_id,mail_message,id,n
discuss_channel_member_write_uid_fkey,f,discuss_channel_member,write_uid,res_users,id,n
discuss_channel_member_pkey,p,discuss_channel_member,id,,, 
discuss_channel_res_groups_rel_discuss_channel_id_fkey,f,discuss_channel_res_groups_rel,discuss_channel_id,discuss_channel,id,c
discuss_channel_res_groups_rel_res_groups_id_fkey,f,discuss_channel_res_groups_rel,res_groups_id,res_groups,id,c
discuss_channel_res_groups_rel_pkey,p,discuss_channel_res_groups_rel,"discuss_channel_id,res_groups_id",,, 
discuss_channel_rtc_session_channel_id_fkey,f,discuss_channel_rtc_session,channel_id,discuss_channel,id,n
discuss_channel_rtc_session_channel_member_id_fkey,f,discuss_channel_rtc_session,channel_member_id,discuss_channel_member,id,c
discuss_channel_rtc_session_create_uid_fkey,f,discuss_channel_rtc_session,create_uid,res_users,id,n
discuss_channel_rtc_session_partner_id_fkey,f,discuss_channel_rtc_session,partner_id,res_partner,id,n
discuss_channel_rtc_session_write_uid_fkey,f,discuss_channel_rtc_session,write_uid,res_users,id,n
discuss_channel_rtc_session_pkey,p,discuss_channel_rtc_session,id,,, 
discuss_channel_rtc_session_channel_member_unique,u,discuss_channel_rtc_session,channel_member_id,,, 
discuss_gif_favorite_create_uid_fkey,f,discuss_gif_favorite,create_uid,res_users,id,n
discuss_gif_favorite_write_uid_fkey,f,discuss_gif_favorite,write_uid,res_users,id,n
discuss_gif_favorite_pkey,p,discuss_gif_favorite,id,,, 
discuss_gif_favorite_user_gif_favorite,u,discuss_gif_favorite,"create_uid,tenor_gif_id",,, 
discuss_voice_metadata_attachment_id_fkey,f,discuss_voice_metadata,attachment_id,ir_attachment,id,c
discuss_voice_metadata_create_uid_fkey,f,discuss_voice_metadata,create_uid,res_users,id,n
discuss_voice_metadata_write_uid_fkey,f,discuss_voice_metadata,write_uid,res_users,id,n
discuss_voice_metadata_pkey,p,discuss_voice_metadata,id,,, 
doc_attach_rel_attach_id3_fkey,f,doc_attach_rel,attach_id3,ir_attachment,id,c
doc_attach_rel_doc_id_fkey,f,doc_attach_rel,doc_id,hr_employee_document,id,c
doc_attach_rel_pkey,p,doc_attach_rel,"doc_id,attach_id3",,, 
doc_attachment_ids_attach_id3_fkey,f,doc_attachment_ids,attach_id3,ir_attachment,id,c
doc_attachment_ids_doc_id_fkey,f,doc_attachment_ids,doc_id,hr_employee_document,id,c
doc_attachment_ids_pkey,p,doc_attachment_ids,"attach_id3,doc_id",,, 
doc_warning_rel_attach_id4_fkey,f,doc_warning_rel,attach_id4,ir_attachment,id,c
doc_warning_rel_doc_id_fkey,f,doc_warning_rel,doc_id,hr_announcement,id,c
doc_warning_rel_pkey,p,doc_warning_rel,"doc_id,attach_id4",,, 
document_category_create_uid_fkey,f,document_category,create_uid,res_users,id,n
document_category_parent_id_fkey,f,document_category,parent_id,document_category,id,c
document_category_write_uid_fkey,f,document_category,write_uid,res_users,id,n
document_category_pkey,p,document_category,id,,, 
document_export_wizard_create_uid_fkey,f,document_export_wizard,create_uid,res_users,id,n
document_export_wizard_template_id_fkey,f,document_export_wizard,template_id,document_template,id,c
document_export_wizard_write_uid_fkey,f,document_export_wizard,write_uid,res_users,id,n
document_export_wizard_pkey,p,document_export_wizard,id,,, 
document_export_wizard_line_create_uid_fkey,f,document_export_wizard_line,create_uid,res_users,id,n
document_export_wizard_line_variable_id_fkey,f,document_export_wizard_line,variable_id,document_template_variable,id,n
document_export_wizard_line_wizard_id_fkey,f,document_export_wizard_line,wizard_id,document_export_wizard,id,c
document_export_wizard_line_write_uid_fkey,f,document_export_wizard_line,write_uid,res_users,id,n
document_export_wizard_line_pkey,p,document_export_wizard_line,id,,, 
document_tag_create_uid_fkey,f,document_tag,create_uid,res_users,id,n
document_tag_write_uid_fkey,f,document_tag,write_uid,res_users,id,n
document_tag_pkey,p,document_tag,id,,, 
document_tag_document_template_rel_document_tag_id_fkey,f,document_tag_document_template_rel,document_tag_id,document_tag,id,c
document_tag_document_template_rel_document_template_id_fkey,f,document_tag_document_template_rel,document_template_id,document_template,id,c
document_tag_document_template_rel_pkey,p,document_tag_document_template_rel,"document_template_id,document_tag_id",,, 
document_template_category_id_fkey,f,document_template,category_id,document_category,id,n
document_template_company_id_fkey,f,document_template,company_id,res_company,id,n
document_template_create_uid_fkey,f,document_template,create_uid,res_users,id,n
document_template_write_uid_fkey,f,document_template,write_uid,res_users,id,n
document_template_pkey,p,document_template,id,,, 
document_template_variable_create_uid_fkey,f,document_template_variable,create_uid,res_users,id,n
document_template_variable_template_id_fkey,f,document_template_variable,template_id,document_template,id,c
document_template_variable_write_uid_fkey,f,document_template_variable,write_uid,res_users,id,n
document_template_variable_pkey,p,document_template_variable,id,,, 
document_type_create_uid_fkey,f,document_type,create_uid,res_users,id,n
document_type_write_uid_fkey,f,document_type,write_uid,res_users,id,n
document_type_pkey,p,document_type,id,,, 
email_template_attachment_rel_attachment_id_fkey,f,email_template_attachment_rel,attachment_id,ir_attachment,id,c
email_template_attachment_rel_email_template_id_fkey,f,email_template_attachment_rel,email_template_id,mail_template,id,c
email_template_attachment_rel_pkey,p,email_template_attachment_rel,"email_template_id,attachment_id",,, 
employee_bank_account_rel_bank_account_id_fkey,f,employee_bank_account_rel,bank_account_id,res_partner_bank,id,c
employee_bank_account_rel_employee_id_fkey,f,employee_bank_account_rel,employee_id,hr_employee,id,c
employee_bank_account_rel_pkey,p,employee_bank_account_rel,"employee_id,bank_account_id",,, 
employee_category_rel_category_id_fkey,f,employee_category_rel,category_id,hr_employee_category,id,c
employee_category_rel_employee_id_fkey,f,employee_category_rel,employee_id,hr_employee,id,c
employee_category_rel_pkey,p,employee_category_rel,"employee_id,category_id",,, 
employee_transfer_create_uid_fkey,f,employee_transfer,create_uid,res_users,id,n
employee_transfer_employee_id_fkey,f,employee_transfer,employee_id,hr_employee,id,r
employee_transfer_old_employee_id_fkey,f,employee_transfer,old_employee_id,hr_employee,id,n
employee_transfer_responsible_employee_id_fkey,f,employee_transfer,responsible_employee_id,hr_employee,id,n
employee_transfer_transfer_company_id_fkey,f,employee_transfer,transfer_company_id,res_company,id,r
employee_transfer_write_uid_fkey,f,employee_transfer,write_uid,res_users,id,n
employee_transfer_pkey,p,employee_transfer,id,,, 
event_event_address_id_fkey,f,event_event,address_id,res_partner,id,n
event_event_company_id_fkey,f,event_event,company_id,res_company,id,n
event_event_country_id_fkey,f,event_event,country_id,res_country,id,n
event_event_create_uid_fkey,f,event_event,create_uid,res_users,id,n
event_event_event_type_id_fkey,f,event_event,event_type_id,event_type,id,n
event_event_organizer_id_fkey,f,event_event,organizer_id,res_partner,id,n
event_event_stage_id_fkey,f,event_event,stage_id,event_stage,id,r
event_event_user_id_fkey,f,event_event,user_id,res_users,id,n
event_event_write_uid_fkey,f,event_event,write_uid,res_users,id,n
event_event_pkey,p,event_event,id,,, 
event_event_event_question_rel_event_event_id_fkey,f,event_event_event_question_rel,event_event_id,event_event,id,c
event_event_event_question_rel_event_question_id_fkey,f,event_event_event_question_rel,event_question_id,event_question,id,c
event_event_event_question_rel_pkey,p,event_event_event_question_rel,"event_event_id,event_question_id",,, 
event_event_event_tag_rel_event_event_id_fkey,f,event_event_event_tag_rel,event_event_id,event_event,id,c
event_event_event_tag_rel_event_tag_id_fkey,f,event_event_event_tag_rel,event_tag_id,event_tag,id,c
event_event_event_tag_rel_pkey,p,event_event_event_tag_rel,"event_event_id,event_tag_id",,, 
event_event_ticket_create_uid_fkey,f,event_event_ticket,create_uid,res_users,id,n
event_event_ticket_event_id_fkey,f,event_event_ticket,event_id,event_event,id,c
event_event_ticket_event_type_id_fkey,f,event_event_ticket,event_type_id,event_type,id,n
event_event_ticket_product_id_fkey,f,event_event_ticket,product_id,product_product,id,r
event_event_ticket_write_uid_fkey,f,event_event_ticket,write_uid,res_users,id,n
event_event_ticket_pkey,p,event_event_ticket,id,,, 
event_mail_create_uid_fkey,f,event_mail,create_uid,res_users,id,n
event_mail_event_id_fkey,f,event_mail,event_id,event_event,id,c
event_mail_last_registration_id_fkey,f,event_mail,last_registration_id,event_registration,id,n
event_mail_write_uid_fkey,f,event_mail,write_uid,res_users,id,n
event_mail_pkey,p,event_mail,id,,, 
event_mail_registration_create_uid_fkey,f,event_mail_registration,create_uid,res_users,id,n
event_mail_registration_registration_id_fkey,f,event_mail_registration,registration_id,event_registration,id,c
event_mail_registration_scheduler_id_fkey,f,event_mail_registration,scheduler_id,event_mail,id,c
event_mail_registration_write_uid_fkey,f,event_mail_registration,write_uid,res_users,id,n
event_mail_registration_pkey,p,event_mail_registration,id,,, 
event_mail_slot_create_uid_fkey,f,event_mail_slot,create_uid,res_users,id,n
event_mail_slot_event_slot_id_fkey,f,event_mail_slot,event_slot_id,event_slot,id,c
event_mail_slot_last_registration_id_fkey,f,event_mail_slot,last_registration_id,event_registration,id,n
event_mail_slot_scheduler_id_fkey,f,event_mail_slot,scheduler_id,event_mail,id,c
event_mail_slot_write_uid_fkey,f,event_mail_slot,write_uid,res_users,id,n
event_mail_slot_pkey,p,event_mail_slot,id,,, 
event_question_create_uid_fkey,f,event_question,create_uid,res_users,id,n
event_question_write_uid_fkey,f,event_question,write_uid,res_users,id,n
event_question_pkey,p,event_question,id,,, 
event_question_answer_create_uid_fkey,f,event_question_answer,create_uid,res_users,id,n
event_question_answer_question_id_fkey,f,event_question_answer,question_id,event_question,id,c
event_question_answer_write_uid_fkey,f,event_question_answer,write_uid,res_users,id,n
event_question_answer_pkey,p,event_question_answer,id,,, 
event_question_event_type_rel_event_question_id_fkey,f,event_question_event_type_rel,event_question_id,event_question,id,c
event_question_event_type_rel_event_type_id_fkey,f,event_question_event_type_rel,event_type_id,event_type,id,c
event_question_event_type_rel_pkey,p,event_question_event_type_rel,"event_type_id,event_question_id",,, 
event_registration_company_id_fkey,f,event_registration,company_id,res_company,id,n
event_registration_create_uid_fkey,f,event_registration,create_uid,res_users,id,n
event_registration_event_id_fkey,f,event_registration,event_id,event_event,id,r
event_registration_event_slot_id_fkey,f,event_registration,event_slot_id,event_slot,id,r
event_registration_event_ticket_id_fkey,f,event_registration,event_ticket_id,event_event_ticket,id,r
event_registration_partner_id_fkey,f,event_registration,partner_id,res_partner,id,n
event_registration_utm_campaign_id_fkey,f,event_registration,utm_campaign_id,utm_campaign,id,n
event_registration_utm_medium_id_fkey,f,event_registration,utm_medium_id,utm_medium,id,n
event_registration_utm_source_id_fkey,f,event_registration,utm_source_id,utm_source,id,n
event_registration_write_uid_fkey,f,event_registration,write_uid,res_users,id,n
event_registration_pkey,p,event_registration,id,,, 
event_registration_barcode_event_uniq,u,event_registration,barcode,,, 
event_registration_answer_create_uid_fkey,f,event_registration_answer,create_uid,res_users,id,n
event_registration_answer_question_id_fkey,f,event_registration_answer,question_id,event_question,id,r
event_registration_answer_registration_id_fkey,f,event_registration_answer,registration_id,event_registration,id,c
event_registration_answer_value_answer_id_fkey,f,event_registration_answer,value_answer_id,event_question_answer,id,n
event_registration_answer_write_uid_fkey,f,event_registration_answer,write_uid,res_users,id,n
event_registration_answer_pkey,p,event_registration_answer,id,,, 
event_slot_create_uid_fkey,f,event_slot,create_uid,res_users,id,n
event_slot_event_id_fkey,f,event_slot,event_id,event_event,id,c
event_slot_write_uid_fkey,f,event_slot,write_uid,res_users,id,n
event_slot_pkey,p,event_slot,id,,, 
event_stage_create_uid_fkey,f,event_stage,create_uid,res_users,id,n
event_stage_write_uid_fkey,f,event_stage,write_uid,res_users,id,n
event_stage_pkey,p,event_stage,id,,, 
event_tag_category_id_fkey,f,event_tag,category_id,event_tag_category,id,c
event_tag_create_uid_fkey,f,event_tag,create_uid,res_users,id,n
event_tag_write_uid_fkey,f,event_tag,write_uid,res_users,id,n
event_tag_pkey,p,event_tag,id,,, 
event_tag_category_create_uid_fkey,f,event_tag_category,create_uid,res_users,id,n
event_tag_category_write_uid_fkey,f,event_tag_category,write_uid,res_users,id,n
event_tag_category_pkey,p,event_tag_category,id,,, 
event_tag_event_type_rel_event_tag_id_fkey,f,event_tag_event_type_rel,event_tag_id,event_tag,id,c
event_tag_event_type_rel_event_type_id_fkey,f,event_tag_event_type_rel,event_type_id,event_type,id,c
event_tag_event_type_rel_pkey,p,event_tag_event_type_rel,"event_type_id,event_tag_id",,, 
event_type_create_uid_fkey,f,event_type,create_uid,res_users,id,n
event_type_write_uid_fkey,f,event_type,write_uid,res_users,id,n
event_type_pkey,p,event_type,id,,, 
event_type_mail_create_uid_fkey,f,event_type_mail,create_uid,res_users,id,n
event_type_mail_event_type_id_fkey,f,event_type_mail,event_type_id,event_type,id,c
event_type_mail_write_uid_fkey,f,event_type_mail,write_uid,res_users,id,n
event_type_mail_pkey,p,event_type_mail,id,,, 
event_type_ticket_create_uid_fkey,f,event_type_ticket,create_uid,res_users,id,n
event_type_ticket_event_type_id_fkey,f,event_type_ticket,event_type_id,event_type,id,c
event_type_ticket_product_id_fkey,f,event_type_ticket,product_id,product_product,id,r
event_type_ticket_write_uid_fkey,f,event_type_ticket,write_uid,res_users,id,n
event_type_ticket_pkey,p,event_type_ticket,id,,, 
expense_tax_expense_id_fkey,f,expense_tax,expense_id,hr_expense,id,c
expense_tax_tax_id_fkey,f,expense_tax,tax_id,account_tax,id,c
expense_tax_pkey,p,expense_tax,"expense_id,tax_id",,, 
fetchmail_server_create_uid_fkey,f,fetchmail_server,create_uid,res_users,id,n
fetchmail_server_object_id_fkey,f,fetchmail_server,object_id,ir_model,id,n
fetchmail_server_write_uid_fkey,f,fetchmail_server,write_uid,res_users,id,n
fetchmail_server_pkey,p,fetchmail_server,id,,, 
gamification_badge_create_uid_fkey,f,gamification_badge,create_uid,res_users,id,n
gamification_badge_survey_id_fkey,f,gamification_badge,survey_id,survey_survey,id,n
gamification_badge_write_uid_fkey,f,gamification_badge,write_uid,res_users,id,n
gamification_badge_pkey,p,gamification_badge,id,,, 
gamification_badge_rule_badge_rel_badge1_id_fkey,f,gamification_badge_rule_badge_rel,badge1_id,gamification_badge,id,c
gamification_badge_rule_badge_rel_badge2_id_fkey,f,gamification_badge_rule_badge_rel,badge2_id,gamification_badge,id,c
gamification_badge_rule_badge_rel_pkey,p,gamification_badge_rule_badge_rel,"badge1_id,badge2_id",,, 
gamification_badge_user_badge_id_fkey,f,gamification_badge_user,badge_id,gamification_badge,id,c
gamification_badge_user_challenge_id_fkey,f,gamification_badge_user,challenge_id,gamification_challenge,id,n
gamification_badge_user_create_uid_fkey,f,gamification_badge_user,create_uid,res_users,id,n
gamification_badge_user_employee_id_fkey,f,gamification_badge_user,employee_id,hr_employee,id,n
gamification_badge_user_sender_id_fkey,f,gamification_badge_user,sender_id,res_users,id,n
gamification_badge_user_user_id_fkey,f,gamification_badge_user,user_id,res_users,id,c
gamification_badge_user_write_uid_fkey,f,gamification_badge_user,write_uid,res_users,id,n
gamification_badge_user_pkey,p,gamification_badge_user,id,,, 
gamification_badge_user_wizard_badge_id_fkey,f,gamification_badge_user_wizard,badge_id,gamification_badge,id,c
gamification_badge_user_wizard_create_uid_fkey,f,gamification_badge_user_wizard,create_uid,res_users,id,n
gamification_badge_user_wizard_employee_id_fkey,f,gamification_badge_user_wizard,employee_id,hr_employee,id,n
gamification_badge_user_wizard_user_id_fkey,f,gamification_badge_user_wizard,user_id,res_users,id,c
gamification_badge_user_wizard_write_uid_fkey,f,gamification_badge_user_wizard,write_uid,res_users,id,n
gamification_badge_user_wizard_pkey,p,gamification_badge_user_wizard,id,,, 
gamification_challenge_create_uid_fkey,f,gamification_challenge,create_uid,res_users,id,n
gamification_challenge_manager_id_fkey,f,gamification_challenge,manager_id,res_users,id,n
gamification_challenge_report_message_group_id_fkey,f,gamification_challenge,report_message_group_id,discuss_channel,id,n
gamification_challenge_report_template_id_fkey,f,gamification_challenge,report_template_id,mail_template,id,r
gamification_challenge_reward_first_id_fkey,f,gamification_challenge,reward_first_id,gamification_badge,id,n
gamification_challenge_reward_id_fkey,f,gamification_challenge,reward_id,gamification_badge,id,n
gamification_challenge_reward_second_id_fkey,f,gamification_challenge,reward_second_id,gamification_badge,id,n
gamification_challenge_reward_third_id_fkey,f,gamification_challenge,reward_third_id,gamification_badge,id,n
gamification_challenge_write_uid_fkey,f,gamification_challenge,write_uid,res_users,id,n
gamification_challenge_pkey,p,gamification_challenge,id,,, 
gamification_challenge_line_challenge_id_fkey,f,gamification_challenge_line,challenge_id,gamification_challenge,id,c
gamification_challenge_line_create_uid_fkey,f,gamification_challenge_line,create_uid,res_users,id,n
gamification_challenge_line_definition_id_fkey,f,gamification_challenge_line,definition_id,gamification_goal_definition,id,c
gamification_challenge_line_write_uid_fkey,f,gamification_challenge_line,write_uid,res_users,id,n
gamification_challenge_line_pkey,p,gamification_challenge_line,id,,, 
gamification_challenge_users_rel_gamification_challenge_id_fkey,f,gamification_challenge_users_rel,gamification_challenge_id,gamification_challenge,id,c
gamification_challenge_users_rel_res_users_id_fkey,f,gamification_challenge_users_rel,res_users_id,res_users,id,c
gamification_challenge_users_rel_pkey,p,gamification_challenge_users_rel,"gamification_challenge_id,res_users_id",,, 
gamification_goal_challenge_id_fkey,f,gamification_goal,challenge_id,gamification_challenge,id,n
gamification_goal_create_uid_fkey,f,gamification_goal,create_uid,res_users,id,n
gamification_goal_definition_id_fkey,f,gamification_goal,definition_id,gamification_goal_definition,id,c
gamification_goal_line_id_fkey,f,gamification_goal,line_id,gamification_challenge_line,id,c
gamification_goal_user_id_fkey,f,gamification_goal,user_id,res_users,id,c
gamification_goal_write_uid_fkey,f,gamification_goal,write_uid,res_users,id,n
gamification_goal_pkey,p,gamification_goal,id,,, 
gamification_goal_definition_action_id_fkey,f,gamification_goal_definition,action_id,ir_act_window,id,n
gamification_goal_definition_batch_distinctive_field_fkey,f,gamification_goal_definition,batch_distinctive_field,ir_model_fields,id,n
gamification_goal_definition_create_uid_fkey,f,gamification_goal_definition,create_uid,res_users,id,n
gamification_goal_definition_field_date_id_fkey,f,gamification_goal_definition,field_date_id,ir_model_fields,id,n
gamification_goal_definition_field_id_fkey,f,gamification_goal_definition,field_id,ir_model_fields,id,n
gamification_goal_definition_model_id_fkey,f,gamification_goal_definition,model_id,ir_model,id,c
gamification_goal_definition_write_uid_fkey,f,gamification_goal_definition,write_uid,res_users,id,n
gamification_goal_definition_pkey,p,gamification_goal_definition,id,,, 
gamification_goal_wizard_create_uid_fkey,f,gamification_goal_wizard,create_uid,res_users,id,n
gamification_goal_wizard_goal_id_fkey,f,gamification_goal_wizard,goal_id,gamification_goal,id,c
gamification_goal_wizard_write_uid_fkey,f,gamification_goal_wizard,write_uid,res_users,id,n
gamification_goal_wizard_pkey,p,gamification_goal_wizard,id,,, 
gamification_invited_user_ids_re_gamification_challenge_id_fkey,f,gamification_invited_user_ids_rel,gamification_challenge_id,gamification_challenge,id,c
gamification_invited_user_ids_rel_res_users_id_fkey,f,gamification_invited_user_ids_rel,res_users_id,res_users,id,c
gamification_invited_user_ids_rel_pkey,p,gamification_invited_user_ids_rel,"gamification_challenge_id,res_users_id",,, 
gamification_karma_rank_create_uid_fkey,f,gamification_karma_rank,create_uid,res_users,id,n
gamification_karma_rank_write_uid_fkey,f,gamification_karma_rank,write_uid,res_users,id,n
gamification_karma_rank_pkey,p,gamification_karma_rank,id,,, 
gamification_karma_tracking_create_uid_fkey,f,gamification_karma_tracking,create_uid,res_users,id,n
gamification_karma_tracking_user_id_fkey,f,gamification_karma_tracking,user_id,res_users,id,c
gamification_karma_tracking_write_uid_fkey,f,gamification_karma_tracking,write_uid,res_users,id,n
gamification_karma_tracking_pkey,p,gamification_karma_tracking,id,,, 
homework_location_wizard_create_uid_fkey,f,homework_location_wizard,create_uid,res_users,id,n
homework_location_wizard_employee_id_fkey,f,homework_location_wizard,employee_id,hr_employee,id,c
homework_location_wizard_work_location_id_fkey,f,homework_location_wizard,work_location_id,hr_work_location,id,c
homework_location_wizard_write_uid_fkey,f,homework_location_wizard,write_uid,res_users,id,n
homework_location_wizard_pkey,p,homework_location_wizard,id,,, 
hr_announcement_company_id_fkey,f,hr_announcement,company_id,res_company,id,n
hr_announcement_create_uid_fkey,f,hr_announcement,create_uid,res_users,id,n
hr_announcement_write_uid_fkey,f,hr_announcement,write_uid,res_users,id,n
hr_announcement_pkey,p,hr_announcement,id,,, 
hr_applicant_campaign_id_fkey,f,hr_applicant,campaign_id,utm_campaign,id,n
hr_applicant_company_id_fkey,f,hr_applicant,company_id,res_company,id,n
hr_applicant_create_uid_fkey,f,hr_applicant,create_uid,res_users,id,n
hr_applicant_department_id_fkey,f,hr_applicant,department_id,hr_department,id,n
hr_applicant_employee_id_fkey,f,hr_applicant,employee_id,hr_employee,id,n
hr_applicant_job_id_fkey,f,hr_applicant,job_id,hr_job,id,n
hr_applicant_last_stage_id_fkey,f,hr_applicant,last_stage_id,hr_recruitment_stage,id,n
hr_applicant_medium_id_fkey,f,hr_applicant,medium_id,utm_medium,id,n
hr_applicant_message_main_attachment_id_fkey,f,hr_applicant,message_main_attachment_id,ir_attachment,id,n
hr_applicant_partner_id_fkey,f,hr_applicant,partner_id,res_partner,id,n
hr_applicant_pool_applicant_id_fkey,f,hr_applicant,pool_applicant_id,hr_applicant,id,n
hr_applicant_refuse_reason_id_fkey,f,hr_applicant,refuse_reason_id,hr_applicant_refuse_reason,id,n
hr_applicant_source_id_fkey,f,hr_applicant,source_id,utm_source,id,n
hr_applicant_stage_id_fkey,f,hr_applicant,stage_id,hr_recruitment_stage,id,r
hr_applicant_type_id_fkey,f,hr_applicant,type_id,hr_recruitment_degree,id,n
hr_applicant_user_id_fkey,f,hr_applicant,user_id,res_users,id,n
hr_applicant_write_uid_fkey,f,hr_applicant,write_uid,res_users,id,n
hr_applicant_pkey,p,hr_applicant,id,,, 
hr_applicant_category_create_uid_fkey,f,hr_applicant_category,create_uid,res_users,id,n
hr_applicant_category_write_uid_fkey,f,hr_applicant_category,write_uid,res_users,id,n
hr_applicant_category_pkey,p,hr_applicant_category,id,,, 
hr_applicant_category_name_uniq,u,hr_applicant_category,name,,, 
hr_applicant_category_hr_talent_p_hr_applicant_category_id_fkey,f,hr_applicant_category_hr_talent_pool_rel,hr_applicant_category_id,hr_applicant_category,id,c
hr_applicant_category_hr_talent_pool_rel_hr_talent_pool_id_fkey,f,hr_applicant_category_hr_talent_pool_rel,hr_talent_pool_id,hr_talent_pool,id,c
hr_applicant_category_hr_talent_pool_rel_pkey,p,hr_applicant_category_hr_talent_pool_rel,"hr_talent_pool_id,hr_applicant_category_id",,, 
hr_applicant_category_talent__talent_pool_add_applicants_i_fkey,f,hr_applicant_category_talent_pool_add_applicants_rel,talent_pool_add_applicants_id,talent_pool_add_applicants,id,c
hr_applicant_category_talent_pool_hr_applicant_category_id_fkey,f,hr_applicant_category_talent_pool_add_applicants_rel,hr_applicant_category_id,hr_applicant_category,id,c
hr_applicant_category_talent_pool_add_applicants_rel_pkey,p,hr_applicant_category_talent_pool_add_applicants_rel,"talent_pool_add_applicants_id,hr_applicant_category_id",,, 
hr_applicant_hr_applicant_categor_hr_applicant_category_id_fkey,f,hr_applicant_hr_applicant_category_rel,hr_applicant_category_id,hr_applicant_category,id,c
hr_applicant_hr_applicant_category_rel_hr_applicant_id_fkey,f,hr_applicant_hr_applicant_category_rel,hr_applicant_id,hr_applicant,id,c
hr_applicant_hr_applicant_category_rel_pkey,p,hr_applicant_hr_applicant_category_rel,"hr_applicant_id,hr_applicant_category_id",,, 
hr_applicant_hr_skill_rel_hr_applicant_id_fkey,f,hr_applicant_hr_skill_rel,hr_applicant_id,hr_applicant,id,c
hr_applicant_hr_skill_rel_hr_skill_id_fkey,f,hr_applicant_hr_skill_rel,hr_skill_id,hr_skill,id,c
hr_applicant_hr_skill_rel_pkey,p,hr_applicant_hr_skill_rel,"hr_applicant_id,hr_skill_id",,, 
hr_applicant_hr_talent_pool_rel_hr_applicant_id_fkey,f,hr_applicant_hr_talent_pool_rel,hr_applicant_id,hr_applicant,id,c
hr_applicant_hr_talent_pool_rel_hr_talent_pool_id_fkey,f,hr_applicant_hr_talent_pool_rel,hr_talent_pool_id,hr_talent_pool,id,c
hr_applicant_hr_talent_pool_rel_pkey,p,hr_applicant_hr_talent_pool_rel,"hr_applicant_id,hr_talent_pool_id",,, 
hr_applicant_job_add_applicants_rel_hr_applicant_id_fkey,f,hr_applicant_job_add_applicants_rel,hr_applicant_id,hr_applicant,id,c
hr_applicant_job_add_applicants_rel_job_add_applicants_id_fkey,f,hr_applicant_job_add_applicants_rel,job_add_applicants_id,job_add_applicants,id,c
hr_applicant_job_add_applicants_rel_pkey,p,hr_applicant_job_add_applicants_rel,"job_add_applicants_id,hr_applicant_id",,, 
hr_applicant_refuse_reason_create_uid_fkey,f,hr_applicant_refuse_reason,create_uid,res_users,id,n
hr_applicant_refuse_reason_template_id_fkey,f,hr_applicant_refuse_reason,template_id,mail_template,id,n
hr_applicant_refuse_reason_write_uid_fkey,f,hr_applicant_refuse_reason,write_uid,res_users,id,n
hr_applicant_refuse_reason_pkey,p,hr_applicant_refuse_reason,id,,, 
hr_applicant_res_users_interviewers_rel_hr_applicant_id_fkey,f,hr_applicant_res_users_interviewers_rel,hr_applicant_id,hr_applicant,id,c
hr_applicant_res_users_interviewers_rel_res_users_id_fkey,f,hr_applicant_res_users_interviewers_rel,res_users_id,res_users,id,c
hr_applicant_res_users_interviewers_rel_pkey,p,hr_applicant_res_users_interviewers_rel,"hr_applicant_id,res_users_id",,, 
hr_applicant_skill_applicant_id_fkey,f,hr_applicant_skill,applicant_id,hr_applicant,id,c
hr_applicant_skill_create_uid_fkey,f,hr_applicant_skill,create_uid,res_users,id,n
hr_applicant_skill_skill_id_fkey,f,hr_applicant_skill,skill_id,hr_skill,id,c
hr_applicant_skill_skill_level_id_fkey,f,hr_applicant_skill,skill_level_id,hr_skill_level,id,c
hr_applicant_skill_skill_type_id_fkey,f,hr_applicant_skill,skill_type_id,hr_skill_type,id,c
hr_applicant_skill_write_uid_fkey,f,hr_applicant_skill,write_uid,res_users,id,n
hr_applicant_skill_pkey,p,hr_applicant_skill,id,,, 
hr_applicant_talent_pool_add__talent_pool_add_applicants_i_fkey,f,hr_applicant_talent_pool_add_applicants_rel,talent_pool_add_applicants_id,talent_pool_add_applicants,id,c
hr_applicant_talent_pool_add_applicants_re_hr_applicant_id_fkey,f,hr_applicant_talent_pool_add_applicants_rel,hr_applicant_id,hr_applicant,id,c
hr_applicant_talent_pool_add_applicants_rel_pkey,p,hr_applicant_talent_pool_add_applicants_rel,"talent_pool_add_applicants_id,hr_applicant_id",,, 
hr_attendance_company_id_fkey,f,hr_attendance,company_id,res_company,id,n
hr_attendance_create_uid_fkey,f,hr_attendance,create_uid,res_users,id,n
hr_attendance_employee_id_fkey,f,hr_attendance,employee_id,hr_employee,id,c
hr_attendance_write_uid_fkey,f,hr_attendance,write_uid,res_users,id,n
hr_attendance_pkey,p,hr_attendance,id,,, 
hr_attendance_overtime_line_create_uid_fkey,f,hr_attendance_overtime_line,create_uid,res_users,id,n
hr_attendance_overtime_line_employee_id_fkey,f,hr_attendance_overtime_line,employee_id,hr_employee,id,c
hr_attendance_overtime_line_write_uid_fkey,f,hr_attendance_overtime_line,write_uid,res_users,id,n
hr_attendance_overtime_line_pkey,p,hr_attendance_overtime_line,id,,, 
hr_attendance_overtime_line_h_hr_attendance_overtime_line__fkey,f,hr_attendance_overtime_line_hr_attendance_overtime_rule_rel,hr_attendance_overtime_line_id,hr_attendance_overtime_line,id,c
hr_attendance_overtime_line_h_hr_attendance_overtime_rule__fkey,f,hr_attendance_overtime_line_hr_attendance_overtime_rule_rel,hr_attendance_overtime_rule_id,hr_attendance_overtime_rule,id,c
hr_attendance_overtime_line_hr_attendance_overtime_rule_re_pkey,p,hr_attendance_overtime_line_hr_attendance_overtime_rule_rel,"hr_attendance_overtime_line_id,hr_attendance_overtime_rule_id",,, 
hr_attendance_overtime_rule_create_uid_fkey,f,hr_attendance_overtime_rule,create_uid,res_users,id,n
hr_attendance_overtime_rule_resource_calendar_id_fkey,f,hr_attendance_overtime_rule,resource_calendar_id,resource_calendar,id,n
hr_attendance_overtime_rule_ruleset_id_fkey,f,hr_attendance_overtime_rule,ruleset_id,hr_attendance_overtime_ruleset,id,r
hr_attendance_overtime_rule_write_uid_fkey,f,hr_attendance_overtime_rule,write_uid,res_users,id,n
hr_attendance_overtime_rule_pkey,p,hr_attendance_overtime_rule,id,,, 
hr_attendance_overtime_ruleset_company_id_fkey,f,hr_attendance_overtime_ruleset,company_id,res_company,id,n
hr_attendance_overtime_ruleset_country_id_fkey,f,hr_attendance_overtime_ruleset,country_id,res_country,id,n
hr_attendance_overtime_ruleset_create_uid_fkey,f,hr_attendance_overtime_ruleset,create_uid,res_users,id,n
hr_attendance_overtime_ruleset_write_uid_fkey,f,hr_attendance_overtime_ruleset,write_uid,res_users,id,n
hr_attendance_overtime_ruleset_pkey,p,hr_attendance_overtime_ruleset,id,,, 
hr_bank_account_allocation_wizard_create_uid_fkey,f,hr_bank_account_allocation_wizard,create_uid,res_users,id,n
hr_bank_account_allocation_wizard_employee_id_fkey,f,hr_bank_account_allocation_wizard,employee_id,hr_employee,id,c
hr_bank_account_allocation_wizard_write_uid_fkey,f,hr_bank_account_allocation_wizard,write_uid,res_users,id,n
hr_bank_account_allocation_wizard_pkey,p,hr_bank_account_allocation_wizard,id,,, 
hr_bank_account_allocation_wizard_line_bank_account_id_fkey,f,hr_bank_account_allocation_wizard_line,bank_account_id,res_partner_bank,id,c
hr_bank_account_allocation_wizard_line_create_uid_fkey,f,hr_bank_account_allocation_wizard_line,create_uid,res_users,id,n
hr_bank_account_allocation_wizard_line_wizard_id_fkey,f,hr_bank_account_allocation_wizard_line,wizard_id,hr_bank_account_allocation_wizard,id,c
hr_bank_account_allocation_wizard_line_write_uid_fkey,f,hr_bank_account_allocation_wizard_line,write_uid,res_users,id,n
hr_bank_account_allocation_wizard_line_pkey,p,hr_bank_account_allocation_wizard_line,id,,, 
hr_contract_advantage_template_create_uid_fkey,f,hr_contract_advantage_template,create_uid,res_users,id,n
hr_contract_advantage_template_write_uid_fkey,f,hr_contract_advantage_template,write_uid,res_users,id,n
hr_contract_advantage_template_pkey,p,hr_contract_advantage_template,id,,, 
hr_contract_type_country_id_fkey,f,hr_contract_type,country_id,res_country,id,n
hr_contract_type_create_uid_fkey,f,hr_contract_type,create_uid,res_users,id,n
hr_contract_type_write_uid_fkey,f,hr_contract_type,write_uid,res_users,id,n
hr_contract_type_pkey,p,hr_contract_type,id,,, 
hr_contribution_register_company_id_fkey,f,hr_contribution_register,company_id,res_company,id,r
hr_contribution_register_create_uid_fkey,f,hr_contribution_register,create_uid,res_users,id,n
hr_contribution_register_partner_id_fkey,f,hr_contribution_register,partner_id,res_partner,id,n
hr_contribution_register_write_uid_fkey,f,hr_contribution_register,write_uid,res_users,id,n
hr_contribution_register_pkey,p,hr_contribution_register,id,,, 
hr_department_company_id_fkey,f,hr_department,company_id,res_company,id,n
hr_department_create_uid_fkey,f,hr_department,create_uid,res_users,id,n
hr_department_manager_id_fkey,f,hr_department,manager_id,hr_employee,id,n
hr_department_master_department_id_fkey,f,hr_department,master_department_id,hr_department,id,n
hr_department_parent_id_fkey,f,hr_department,parent_id,hr_department,id,n
hr_department_write_uid_fkey,f,hr_department,write_uid,res_users,id,n
hr_department_pkey,p,hr_department,id,,, 
hr_department_announcements_announcement_fkey,f,hr_department_announcements,announcement,hr_announcement,id,c
hr_department_announcements_department_fkey,f,hr_department_announcements,department,hr_department,id,c
hr_department_announcements_pkey,p,hr_department_announcements,"announcement,department",,, 
hr_department_hr_leave_mandatory_day_rel_hr_department_id_fkey,f,hr_department_hr_leave_mandatory_day_rel,hr_department_id,hr_department,id,c
hr_department_hr_leave_mandatory_hr_leave_mandatory_day_id_fkey,f,hr_department_hr_leave_mandatory_day_rel,hr_leave_mandatory_day_id,hr_leave_mandatory_day,id,c
hr_department_hr_leave_mandatory_day_rel_pkey,p,hr_department_hr_leave_mandatory_day_rel,"hr_leave_mandatory_day_id,hr_department_id",,, 
hr_departure_reason_country_id_fkey,f,hr_departure_reason,country_id,res_country,id,n
hr_departure_reason_create_uid_fkey,f,hr_departure_reason,create_uid,res_users,id,n
hr_departure_reason_write_uid_fkey,f,hr_departure_reason,write_uid,res_users,id,n
hr_departure_reason_pkey,p,hr_departure_reason,id,,, 
hr_departure_wizard_create_uid_fkey,f,hr_departure_wizard,create_uid,res_users,id,n
hr_departure_wizard_departure_reason_id_fkey,f,hr_departure_wizard,departure_reason_id,hr_departure_reason,id,c
hr_departure_wizard_write_uid_fkey,f,hr_departure_wizard,write_uid,res_users,id,n
hr_departure_wizard_pkey,p,hr_departure_wizard,id,,, 
hr_departure_wizard_hr_employee_rel_hr_departure_wizard_id_fkey,f,hr_departure_wizard_hr_employee_rel,hr_departure_wizard_id,hr_departure_wizard,id,c
hr_departure_wizard_hr_employee_rel_hr_employee_id_fkey,f,hr_departure_wizard_hr_employee_rel,hr_employee_id,hr_employee,id,c
hr_departure_wizard_hr_employee_rel_pkey,p,hr_departure_wizard_hr_employee_rel,"hr_departure_wizard_id,hr_employee_id",,, 
hr_document_create_uid_fkey,f,hr_document,create_uid,res_users,id,n
hr_document_write_uid_fkey,f,hr_document,write_uid,res_users,id,n
hr_document_pkey,p,hr_document,id,,, 
hr_employee_attendance_manager_id_fkey,f,hr_employee,attendance_manager_id,res_users,id,n
hr_employee_coach_id_fkey,f,hr_employee,coach_id,hr_employee,id,n
hr_employee_company_id_fkey,f,hr_employee,company_id,res_company,id,n
hr_employee_country_of_birth_fkey,f,hr_employee,country_of_birth,res_country,id,n
hr_employee_create_uid_fkey,f,hr_employee,create_uid,res_users,id,n
hr_employee_current_version_id_fkey,f,hr_employee,current_version_id,hr_version,id,n
hr_employee_expense_manager_id_fkey,f,hr_employee,expense_manager_id,res_users,id,n
hr_employee_friday_location_id_fkey,f,hr_employee,friday_location_id,hr_work_location,id,n
hr_employee_last_attendance_id_fkey,f,hr_employee,last_attendance_id,hr_attendance,id,n
hr_employee_leave_manager_id_fkey,f,hr_employee,leave_manager_id,res_users,id,n
hr_employee_message_main_attachment_id_fkey,f,hr_employee,message_main_attachment_id,ir_attachment,id,n
hr_employee_monday_location_id_fkey,f,hr_employee,monday_location_id,hr_work_location,id,n
hr_employee_parent_id_fkey,f,hr_employee,parent_id,hr_employee,id,n
hr_employee_resource_id_fkey,f,hr_employee,resource_id,resource_resource,id,r
hr_employee_saturday_location_id_fkey,f,hr_employee,saturday_location_id,hr_work_location,id,n
hr_employee_sunday_location_id_fkey,f,hr_employee,sunday_location_id,hr_work_location,id,n
hr_employee_thursday_location_id_fkey,f,hr_employee,thursday_location_id,hr_work_location,id,n
hr_employee_tuesday_location_id_fkey,f,hr_employee,tuesday_location_id,hr_work_location,id,n
hr_employee_user_id_fkey,f,hr_employee,user_id,res_users,id,r
hr_employee_wednesday_location_id_fkey,f,hr_employee,wednesday_location_id,hr_work_location,id,n
hr_employee_work_contact_id_fkey,f,hr_employee,work_contact_id,res_partner,id,n
hr_employee_write_uid_fkey,f,hr_employee,write_uid,res_users,id,n
hr_employee_pkey,p,hr_employee,id,,, 
hr_employee_barcode_uniq,u,hr_employee,barcode,,, 
hr_employee_user_uniq,u,hr_employee,"user_id,company_id",,, 
hr_employee_announcements_announcement_fkey,f,hr_employee_announcements,announcement,hr_announcement,id,c
hr_employee_announcements_employee_fkey,f,hr_employee_announcements,employee,hr_employee,id,c
hr_employee_announcements_pkey,p,hr_employee_announcements,"announcement,employee",,, 
hr_employee_category_create_uid_fkey,f,hr_employee_category,create_uid,res_users,id,n
hr_employee_category_write_uid_fkey,f,hr_employee_category,write_uid,res_users,id,n
hr_employee_category_pkey,p,hr_employee_category,id,,, 
hr_employee_category_name_uniq,u,hr_employee_category,name,,, 
hr_employee_cv_wizard_create_uid_fkey,f,hr_employee_cv_wizard,create_uid,res_users,id,n
hr_employee_cv_wizard_write_uid_fkey,f,hr_employee_cv_wizard,write_uid,res_users,id,n
hr_employee_cv_wizard_pkey,p,hr_employee_cv_wizard,id,,, 
hr_employee_delete_wizard_create_uid_fkey,f,hr_employee_delete_wizard,create_uid,res_users,id,n
hr_employee_delete_wizard_write_uid_fkey,f,hr_employee_delete_wizard,write_uid,res_users,id,n
hr_employee_delete_wizard_pkey,p,hr_employee_delete_wizard,id,,, 
hr_employee_document_create_uid_fkey,f,hr_employee_document,create_uid,res_users,id,n
hr_employee_document_document_type_id_fkey,f,hr_employee_document,document_type_id,document_type,id,n
hr_employee_document_employee_ref_id_fkey,f,hr_employee_document,employee_ref_id,hr_employee,id,n
hr_employee_document_write_uid_fkey,f,hr_employee_document,write_uid,res_users,id,n
hr_employee_document_pkey,p,hr_employee_document,id,,, 
hr_employee_family_create_uid_fkey,f,hr_employee_family,create_uid,res_users,id,n
hr_employee_family_employee_id_fkey,f,hr_employee_family,employee_id,hr_employee,id,n
hr_employee_family_relation_id_fkey,f,hr_employee_family,relation_id,hr_employee_relation,id,n
hr_employee_family_write_uid_fkey,f,hr_employee_family,write_uid,res_users,id,n
hr_employee_family_pkey,p,hr_employee_family,id,,, 
hr_employee_group_rel_employee_id_fkey,f,hr_employee_group_rel,employee_id,hr_employee,id,c
hr_employee_group_rel_payslip_id_fkey,f,hr_employee_group_rel,payslip_id,hr_payslip_employees,id,c
hr_employee_group_rel_pkey,p,hr_employee_group_rel,"payslip_id,employee_id",,, 
hr_employee_hr_employee_cv_wizard_hr_employee_cv_wizard_id_fkey,f,hr_employee_hr_employee_cv_wizard_rel,hr_employee_cv_wizard_id,hr_employee_cv_wizard,id,c
hr_employee_hr_employee_cv_wizard_rel_hr_employee_id_fkey,f,hr_employee_hr_employee_cv_wizard_rel,hr_employee_id,hr_employee,id,c
hr_employee_hr_employee_cv_wizard_rel_pkey,p,hr_employee_hr_employee_cv_wizard_rel,"hr_employee_cv_wizard_id,hr_employee_id",,, 
hr_employee_hr_employee_delet_hr_employee_delete_wizard_id_fkey,f,hr_employee_hr_employee_delete_wizard_rel,hr_employee_delete_wizard_id,hr_employee_delete_wizard,id,c
hr_employee_hr_employee_delete_wizard_rel_hr_employee_id_fkey,f,hr_employee_hr_employee_delete_wizard_rel,hr_employee_id,hr_employee,id,c
hr_employee_hr_employee_delete_wizard_rel_pkey,p,hr_employee_hr_employee_delete_wizard_rel,"hr_employee_delete_wizard_id,hr_employee_id",,, 
hr_employee_hr_leave_allocati_hr_leave_allocation_generate_fkey,f,hr_employee_hr_leave_allocation_generate_multi_wizard_rel,hr_leave_allocation_generate_multi_wizard_id,hr_leave_allocation_generate_multi_wizard,id,c
hr_employee_hr_leave_allocation_generate_mu_hr_employee_id_fkey,f,hr_employee_hr_leave_allocation_generate_multi_wizard_rel,hr_employee_id,hr_employee,id,c
hr_employee_hr_leave_allocation_generate_multi_wizard_rel_pkey,p,hr_employee_hr_leave_allocation_generate_multi_wizard_rel,"hr_leave_allocation_generate_multi_wizard_id,hr_employee_id",,, 
hr_employee_hr_leave_generate_hr_leave_generate_multi_wiza_fkey,f,hr_employee_hr_leave_generate_multi_wizard_rel,hr_leave_generate_multi_wizard_id,hr_leave_generate_multi_wizard,id,c
hr_employee_hr_leave_generate_multi_wizard__hr_employee_id_fkey,f,hr_employee_hr_leave_generate_multi_wizard_rel,hr_employee_id,hr_employee,id,c
hr_employee_hr_leave_generate_multi_wizard_rel_pkey,p,hr_employee_hr_leave_generate_multi_wizard_rel,"hr_leave_generate_multi_wizard_id,hr_employee_id",,, 
hr_employee_hr_skill_rel_hr_employee_id_fkey,f,hr_employee_hr_skill_rel,hr_employee_id,hr_employee,id,c
hr_employee_hr_skill_rel_hr_skill_id_fkey,f,hr_employee_hr_skill_rel,hr_skill_id,hr_skill,id,c
hr_employee_hr_skill_rel_pkey,p,hr_employee_hr_skill_rel,"hr_employee_id,hr_skill_id",,, 
hr_employee_location_create_uid_fkey,f,hr_employee_location,create_uid,res_users,id,n
hr_employee_location_employee_id_fkey,f,hr_employee_location,employee_id,hr_employee,id,c
hr_employee_location_work_location_id_fkey,f,hr_employee_location,work_location_id,hr_work_location,id,r
hr_employee_location_write_uid_fkey,f,hr_employee_location,write_uid,res_users,id,n
hr_employee_location_pkey,p,hr_employee_location,id,,, 
hr_employee_location_uniq_exceptional_per_day,u,hr_employee_location,"employee_id,date",,, 
hr_employee_relation_create_uid_fkey,f,hr_employee_relation,create_uid,res_users,id,n
hr_employee_relation_write_uid_fkey,f,hr_employee_relation,write_uid,res_users,id,n
hr_employee_relation_pkey,p,hr_employee_relation,id,,, 
hr_employee_skill_create_uid_fkey,f,hr_employee_skill,create_uid,res_users,id,n
hr_employee_skill_employee_id_fkey,f,hr_employee_skill,employee_id,hr_employee,id,c
hr_employee_skill_skill_id_fkey,f,hr_employee_skill,skill_id,hr_skill,id,c
hr_employee_skill_skill_level_id_fkey,f,hr_employee_skill,skill_level_id,hr_skill_level,id,c
hr_employee_skill_skill_type_id_fkey,f,hr_employee_skill,skill_type_id,hr_skill_type,id,c
hr_employee_skill_write_uid_fkey,f,hr_employee_skill,write_uid,res_users,id,n
hr_employee_skill_pkey,p,hr_employee_skill,id,,, 
hr_expense_account_id_fkey,f,hr_expense,account_id,account_account,id,n
hr_expense_account_move_id_fkey,f,hr_expense,account_move_id,account_move,id,n
hr_expense_company_id_fkey,f,hr_expense,company_id,res_company,id,r
hr_expense_create_uid_fkey,f,hr_expense,create_uid,res_users,id,n
hr_expense_currency_id_fkey,f,hr_expense,currency_id,res_currency,id,r
hr_expense_department_id_fkey,f,hr_expense,department_id,hr_department,id,n
hr_expense_employee_id_fkey,f,hr_expense,employee_id,hr_employee,id,r
hr_expense_manager_id_fkey,f,hr_expense,manager_id,res_users,id,n
hr_expense_message_main_attachment_id_fkey,f,hr_expense,message_main_attachment_id,ir_attachment,id,n
hr_expense_payment_method_line_id_fkey,f,hr_expense,payment_method_line_id,account_payment_method_line,id,n
hr_expense_product_id_fkey,f,hr_expense,product_id,product_product,id,r
hr_expense_product_uom_id_fkey,f,hr_expense,product_uom_id,uom_uom,id,n
hr_expense_split_expense_origin_id_fkey,f,hr_expense,split_expense_origin_id,hr_expense,id,n
hr_expense_vendor_id_fkey,f,hr_expense,vendor_id,res_partner,id,n
hr_expense_write_uid_fkey,f,hr_expense,write_uid,res_users,id,n
hr_expense_pkey,p,hr_expense,id,,, 
hr_expense_approve_duplicate_create_uid_fkey,f,hr_expense_approve_duplicate,create_uid,res_users,id,n
hr_expense_approve_duplicate_write_uid_fkey,f,hr_expense_approve_duplicate,write_uid,res_users,id,n
hr_expense_approve_duplicate_pkey,p,hr_expense_approve_duplicate,id,,, 
hr_expense_hr_expense_approve_duplicate_rel_hr_expense_id_fkey,f,hr_expense_hr_expense_approve_duplicate_rel,hr_expense_id,hr_expense,id,c
hr_expense_hr_expense_approve_hr_expense_approve_duplicate_fkey,f,hr_expense_hr_expense_approve_duplicate_rel,hr_expense_approve_duplicate_id,hr_expense_approve_duplicate,id,c
hr_expense_hr_expense_approve_duplicate_rel_pkey,p,hr_expense_hr_expense_approve_duplicate_rel,"hr_expense_approve_duplicate_id,hr_expense_id",,, 
hr_expense_hr_expense_refuse_w_hr_expense_refuse_wizard_id_fkey,f,hr_expense_hr_expense_refuse_wizard_rel,hr_expense_refuse_wizard_id,hr_expense_refuse_wizard,id,c
hr_expense_hr_expense_refuse_wizard_rel_hr_expense_id_fkey,f,hr_expense_hr_expense_refuse_wizard_rel,hr_expense_id,hr_expense,id,c
hr_expense_hr_expense_refuse_wizard_rel_pkey,p,hr_expense_hr_expense_refuse_wizard_rel,"hr_expense_refuse_wizard_id,hr_expense_id",,, 
hr_expense_post_wizard_company_id_fkey,f,hr_expense_post_wizard,company_id,res_company,id,n
hr_expense_post_wizard_create_uid_fkey,f,hr_expense_post_wizard,create_uid,res_users,id,n
hr_expense_post_wizard_employee_journal_id_fkey,f,hr_expense_post_wizard,employee_journal_id,account_journal,id,n
hr_expense_post_wizard_write_uid_fkey,f,hr_expense_post_wizard,write_uid,res_users,id,n
hr_expense_post_wizard_pkey,p,hr_expense_post_wizard,id,,, 
hr_expense_refuse_wizard_create_uid_fkey,f,hr_expense_refuse_wizard,create_uid,res_users,id,n
hr_expense_refuse_wizard_write_uid_fkey,f,hr_expense_refuse_wizard,write_uid,res_users,id,n
hr_expense_refuse_wizard_pkey,p,hr_expense_refuse_wizard,id,,, 
hr_expense_split_company_id_fkey,f,hr_expense_split,company_id,res_company,id,n
hr_expense_split_create_uid_fkey,f,hr_expense_split,create_uid,res_users,id,n
hr_expense_split_currency_id_fkey,f,hr_expense_split,currency_id,res_currency,id,n
hr_expense_split_employee_id_fkey,f,hr_expense_split,employee_id,hr_employee,id,c
hr_expense_split_expense_id_fkey,f,hr_expense_split,expense_id,hr_expense,id,n
hr_expense_split_manager_id_fkey,f,hr_expense_split,manager_id,res_users,id,n
hr_expense_split_product_id_fkey,f,hr_expense_split,product_id,product_product,id,c
hr_expense_split_wizard_id_fkey,f,hr_expense_split,wizard_id,hr_expense_split_wizard,id,n
hr_expense_split_write_uid_fkey,f,hr_expense_split,write_uid,res_users,id,n
hr_expense_split_pkey,p,hr_expense_split,id,,, 
hr_expense_split_wizard_create_uid_fkey,f,hr_expense_split_wizard,create_uid,res_users,id,n
hr_expense_split_wizard_expense_id_fkey,f,hr_expense_split_wizard,expense_id,hr_expense,id,c
hr_expense_split_wizard_write_uid_fkey,f,hr_expense_split_wizard,write_uid,res_users,id,n
hr_expense_split_wizard_pkey,p,hr_expense_split_wizard,id,,, 
hr_holidays_cancel_leave_create_uid_fkey,f,hr_holidays_cancel_leave,create_uid,res_users,id,n
hr_holidays_cancel_leave_leave_id_fkey,f,hr_holidays_cancel_leave,leave_id,hr_leave,id,c
hr_holidays_cancel_leave_write_uid_fkey,f,hr_holidays_cancel_leave,write_uid,res_users,id,n
hr_holidays_cancel_leave_pkey,p,hr_holidays_cancel_leave,id,,, 
hr_holidays_summary_employee_create_uid_fkey,f,hr_holidays_summary_employee,create_uid,res_users,id,n
hr_holidays_summary_employee_write_uid_fkey,f,hr_holidays_summary_employee,write_uid,res_users,id,n
hr_holidays_summary_employee_pkey,p,hr_holidays_summary_employee,id,,, 
hr_job_address_id_fkey,f,hr_job,address_id,res_partner,id,n
hr_job_alias_id_fkey,f,hr_job,alias_id,mail_alias,id,r
hr_job_company_id_fkey,f,hr_job,company_id,res_company,id,n
hr_job_contract_type_id_fkey,f,hr_job,contract_type_id,hr_contract_type,id,n
hr_job_create_uid_fkey,f,hr_job,create_uid,res_users,id,n
hr_job_department_id_fkey,f,hr_job,department_id,hr_department,id,n
hr_job_expected_degree_fkey,f,hr_job,expected_degree,hr_recruitment_degree,id,n
hr_job_industry_id_fkey,f,hr_job,industry_id,res_partner_industry,id,n
hr_job_manager_id_fkey,f,hr_job,manager_id,hr_employee,id,n
hr_job_survey_id_fkey,f,hr_job,survey_id,survey_survey,id,n
hr_job_user_id_fkey,f,hr_job,user_id,res_users,id,n
hr_job_write_uid_fkey,f,hr_job,write_uid,res_users,id,n
hr_job_pkey,p,hr_job,id,,, 
hr_job_name_company_uniq,u,hr_job,"name,company_id,department_id",,, 
hr_job_extended_interviewer_res_users_hr_job_id_fkey,f,hr_job_extended_interviewer_res_users,hr_job_id,hr_job,id,c
hr_job_extended_interviewer_res_users_res_users_id_fkey,f,hr_job_extended_interviewer_res_users,res_users_id,res_users,id,c
hr_job_extended_interviewer_res_users_pkey,p,hr_job_extended_interviewer_res_users,"hr_job_id,res_users_id",,, 
hr_job_hr_leave_mandatory_day_re_hr_leave_mandatory_day_id_fkey,f,hr_job_hr_leave_mandatory_day_rel,hr_leave_mandatory_day_id,hr_leave_mandatory_day,id,c
hr_job_hr_leave_mandatory_day_rel_hr_job_id_fkey,f,hr_job_hr_leave_mandatory_day_rel,hr_job_id,hr_job,id,c
hr_job_hr_leave_mandatory_day_rel_pkey,p,hr_job_hr_leave_mandatory_day_rel,"hr_leave_mandatory_day_id,hr_job_id",,, 
hr_job_hr_recruitment_stage_rel_hr_job_id_fkey,f,hr_job_hr_recruitment_stage_rel,hr_job_id,hr_job,id,c
hr_job_hr_recruitment_stage_rel_hr_recruitment_stage_id_fkey,f,hr_job_hr_recruitment_stage_rel,hr_recruitment_stage_id,hr_recruitment_stage,id,c
hr_job_hr_recruitment_stage_rel_pkey,p,hr_job_hr_recruitment_stage_rel,"hr_recruitment_stage_id,hr_job_id",,, 
hr_job_hr_skill_rel_hr_job_id_fkey,f,hr_job_hr_skill_rel,hr_job_id,hr_job,id,c
hr_job_hr_skill_rel_hr_skill_id_fkey,f,hr_job_hr_skill_rel,hr_skill_id,hr_skill,id,c
hr_job_hr_skill_rel_pkey,p,hr_job_hr_skill_rel,"hr_job_id,hr_skill_id",,, 
hr_job_job_add_applicants_rel_hr_job_id_fkey,f,hr_job_job_add_applicants_rel,hr_job_id,hr_job,id,c
hr_job_job_add_applicants_rel_job_add_applicants_id_fkey,f,hr_job_job_add_applicants_rel,job_add_applicants_id,job_add_applicants,id,c
hr_job_job_add_applicants_rel_pkey,p,hr_job_job_add_applicants_rel,"job_add_applicants_id,hr_job_id",,, 
hr_job_platform_create_uid_fkey,f,hr_job_platform,create_uid,res_users,id,n
hr_job_platform_write_uid_fkey,f,hr_job_platform,write_uid,res_users,id,n
hr_job_platform_pkey,p,hr_job_platform,id,,, 
hr_job_platform_email_uniq,u,hr_job_platform,email,,, 
hr_job_position_announcements_announcement_fkey,f,hr_job_position_announcements,announcement,hr_announcement,id,c
hr_job_position_announcements_job_position_fkey,f,hr_job_position_announcements,job_position,hr_job,id,c
hr_job_position_announcements_pkey,p,hr_job_position_announcements,"announcement,job_position",,, 
hr_job_res_users_rel_hr_job_id_fkey,f,hr_job_res_users_rel,hr_job_id,hr_job,id,c
hr_job_res_users_rel_res_users_id_fkey,f,hr_job_res_users_rel,res_users_id,res_users,id,c
hr_job_res_users_rel_pkey,p,hr_job_res_users_rel,"hr_job_id,res_users_id",,, 
hr_job_skill_create_uid_fkey,f,hr_job_skill,create_uid,res_users,id,n
hr_job_skill_job_id_fkey,f,hr_job_skill,job_id,hr_job,id,c
hr_job_skill_skill_id_fkey,f,hr_job_skill,skill_id,hr_skill,id,c
hr_job_skill_skill_level_id_fkey,f,hr_job_skill,skill_level_id,hr_skill_level,id,c
hr_job_skill_skill_type_id_fkey,f,hr_job_skill,skill_type_id,hr_skill_type,id,c
hr_job_skill_write_uid_fkey,f,hr_job_skill,write_uid,res_users,id,n
hr_job_skill_pkey,p,hr_job_skill,id,,, 
hr_leave_company_id_fkey,f,hr_leave,company_id,res_company,id,n
hr_leave_create_uid_fkey,f,hr_leave,create_uid,res_users,id,n
hr_leave_department_id_fkey,f,hr_leave,department_id,hr_department,id,n
hr_leave_employee_company_id_fkey,f,hr_leave,employee_company_id,res_company,id,n
hr_leave_employee_id_fkey,f,hr_leave,employee_id,hr_employee,id,r
hr_leave_first_approver_id_fkey,f,hr_leave,first_approver_id,hr_employee,id,n
hr_leave_holiday_status_id_fkey,f,hr_leave,holiday_status_id,hr_leave_type,id,r
hr_leave_meeting_id_fkey,f,hr_leave,meeting_id,calendar_event,id,n
hr_leave_message_main_attachment_id_fkey,f,hr_leave,message_main_attachment_id,ir_attachment,id,n
hr_leave_resource_calendar_id_fkey,f,hr_leave,resource_calendar_id,resource_calendar,id,n
hr_leave_second_approver_id_fkey,f,hr_leave,second_approver_id,hr_employee,id,n
hr_leave_user_id_fkey,f,hr_leave,user_id,res_users,id,n
hr_leave_write_uid_fkey,f,hr_leave,write_uid,res_users,id,n
hr_leave_pkey,p,hr_leave,id,,, 
hr_leave_accrual_level_accrual_plan_id_fkey,f,hr_leave_accrual_level,accrual_plan_id,hr_leave_accrual_plan,id,c
hr_leave_accrual_level_create_uid_fkey,f,hr_leave_accrual_level,create_uid,res_users,id,n
hr_leave_accrual_level_write_uid_fkey,f,hr_leave_accrual_level,write_uid,res_users,id,n
hr_leave_accrual_level_pkey,p,hr_leave_accrual_level,id,,, 
hr_leave_accrual_plan_company_id_fkey,f,hr_leave_accrual_plan,company_id,res_company,id,n
hr_leave_accrual_plan_create_uid_fkey,f,hr_leave_accrual_plan,create_uid,res_users,id,n
hr_leave_accrual_plan_time_off_type_id_fkey,f,hr_leave_accrual_plan,time_off_type_id,hr_leave_type,id,n
hr_leave_accrual_plan_write_uid_fkey,f,hr_leave_accrual_plan,write_uid,res_users,id,n
hr_leave_accrual_plan_pkey,p,hr_leave_accrual_plan,id,,, 
hr_leave_allocation_accrual_plan_id_fkey,f,hr_leave_allocation,accrual_plan_id,hr_leave_accrual_plan,id,n
hr_leave_allocation_approver_id_fkey,f,hr_leave_allocation,approver_id,hr_employee,id,n
hr_leave_allocation_create_uid_fkey,f,hr_leave_allocation,create_uid,res_users,id,n
hr_leave_allocation_department_id_fkey,f,hr_leave_allocation,department_id,hr_department,id,n
hr_leave_allocation_employee_company_id_fkey,f,hr_leave_allocation,employee_company_id,res_company,id,n
hr_leave_allocation_employee_id_fkey,f,hr_leave_allocation,employee_id,hr_employee,id,r
hr_leave_allocation_holiday_status_id_fkey,f,hr_leave_allocation,holiday_status_id,hr_leave_type,id,r
hr_leave_allocation_manager_id_fkey,f,hr_leave_allocation,manager_id,hr_employee,id,n
hr_leave_allocation_second_approver_id_fkey,f,hr_leave_allocation,second_approver_id,hr_employee,id,n
hr_leave_allocation_write_uid_fkey,f,hr_leave_allocation,write_uid,res_users,id,n
hr_leave_allocation_pkey,p,hr_leave_allocation,id,,, 
hr_leave_allocation_generate_multi_wizar_holiday_status_id_fkey,f,hr_leave_allocation_generate_multi_wizard,holiday_status_id,hr_leave_type,id,c
hr_leave_allocation_generate_multi_wizard_accrual_plan_id_fkey,f,hr_leave_allocation_generate_multi_wizard,accrual_plan_id,hr_leave_accrual_plan,id,n
hr_leave_allocation_generate_multi_wizard_category_id_fkey,f,hr_leave_allocation_generate_multi_wizard,category_id,hr_employee_category,id,n
hr_leave_allocation_generate_multi_wizard_company_id_fkey,f,hr_leave_allocation_generate_multi_wizard,company_id,res_company,id,c
hr_leave_allocation_generate_multi_wizard_create_uid_fkey,f,hr_leave_allocation_generate_multi_wizard,create_uid,res_users,id,n
hr_leave_allocation_generate_multi_wizard_department_id_fkey,f,hr_leave_allocation_generate_multi_wizard,department_id,hr_department,id,n
hr_leave_allocation_generate_multi_wizard_write_uid_fkey,f,hr_leave_allocation_generate_multi_wizard,write_uid,res_users,id,n
hr_leave_allocation_generate_multi_wizard_pkey,p,hr_leave_allocation_generate_multi_wizard,id,,, 
hr_leave_generate_multi_wizard_category_id_fkey,f,hr_leave_generate_multi_wizard,category_id,hr_employee_category,id,n
hr_leave_generate_multi_wizard_company_id_fkey,f,hr_leave_generate_multi_wizard,company_id,res_company,id,c
hr_leave_generate_multi_wizard_create_uid_fkey,f,hr_leave_generate_multi_wizard,create_uid,res_users,id,n
hr_leave_generate_multi_wizard_department_id_fkey,f,hr_leave_generate_multi_wizard,department_id,hr_department,id,n
hr_leave_generate_multi_wizard_holiday_status_id_fkey,f,hr_leave_generate_multi_wizard,holiday_status_id,hr_leave_type,id,c
hr_leave_generate_multi_wizard_write_uid_fkey,f,hr_leave_generate_multi_wizard,write_uid,res_users,id,n
hr_leave_generate_multi_wizard_pkey,p,hr_leave_generate_multi_wizard,id,,, 
hr_leave_mandatory_day_company_id_fkey,f,hr_leave_mandatory_day,company_id,res_company,id,r
hr_leave_mandatory_day_create_uid_fkey,f,hr_leave_mandatory_day,create_uid,res_users,id,n
hr_leave_mandatory_day_resource_calendar_id_fkey,f,hr_leave_mandatory_day,resource_calendar_id,resource_calendar,id,n
hr_leave_mandatory_day_write_uid_fkey,f,hr_leave_mandatory_day,write_uid,res_users,id,n
hr_leave_mandatory_day_pkey,p,hr_leave_mandatory_day,id,,, 
hr_leave_type_allocation_notif_subtype_id_fkey,f,hr_leave_type,allocation_notif_subtype_id,mail_message_subtype,id,n
hr_leave_type_company_id_fkey,f,hr_leave_type,company_id,res_company,id,n
hr_leave_type_country_id_fkey,f,hr_leave_type,country_id,res_country,id,n
hr_leave_type_create_uid_fkey,f,hr_leave_type,create_uid,res_users,id,n
hr_leave_type_icon_id_fkey,f,hr_leave_type,icon_id,ir_attachment,id,n
hr_leave_type_leave_notif_subtype_id_fkey,f,hr_leave_type,leave_notif_subtype_id,mail_message_subtype,id,n
hr_leave_type_write_uid_fkey,f,hr_leave_type,write_uid,res_users,id,n
hr_leave_type_pkey,p,hr_leave_type,id,,, 
hr_leave_type_res_users_rel_hr_leave_type_id_fkey,f,hr_leave_type_res_users_rel,hr_leave_type_id,hr_leave_type,id,c
hr_leave_type_res_users_rel_res_users_id_fkey,f,hr_leave_type_res_users_rel,res_users_id,res_users,id,c
hr_leave_type_res_users_rel_pkey,p,hr_leave_type_res_users_rel,"hr_leave_type_id,res_users_id",,, 
hr_loan_company_id_fkey,f,hr_loan,company_id,res_company,id,n
hr_loan_create_uid_fkey,f,hr_loan,create_uid,res_users,id,n
hr_loan_currency_id_fkey,f,hr_loan,currency_id,res_currency,id,r
hr_loan_employee_account_id_fkey,f,hr_loan,employee_account_id,account_account,id,n
hr_loan_employee_id_fkey,f,hr_loan,employee_id,hr_employee,id,r
hr_loan_journal_id_fkey,f,hr_loan,journal_id,account_journal,id,n
hr_loan_treasury_account_id_fkey,f,hr_loan,treasury_account_id,account_account,id,n
hr_loan_write_uid_fkey,f,hr_loan,write_uid,res_users,id,n
hr_loan_pkey,p,hr_loan,id,,, 
hr_loan_line_create_uid_fkey,f,hr_loan_line,create_uid,res_users,id,n
hr_loan_line_employee_id_fkey,f,hr_loan_line,employee_id,hr_employee,id,n
hr_loan_line_loan_id_fkey,f,hr_loan_line,loan_id,hr_loan,id,n
hr_loan_line_payslip_id_fkey,f,hr_loan_line,payslip_id,hr_payslip,id,n
hr_loan_line_write_uid_fkey,f,hr_loan_line,write_uid,res_users,id,n
hr_loan_line_pkey,p,hr_loan_line,id,,, 
hr_payroll_structure_company_id_fkey,f,hr_payroll_structure,company_id,res_company,id,r
hr_payroll_structure_create_uid_fkey,f,hr_payroll_structure,create_uid,res_users,id,n
hr_payroll_structure_parent_id_fkey,f,hr_payroll_structure,parent_id,hr_payroll_structure,id,n
hr_payroll_structure_write_uid_fkey,f,hr_payroll_structure,write_uid,res_users,id,n
hr_payroll_structure_pkey,p,hr_payroll_structure,id,,, 
hr_payroll_structure_type_country_id_fkey,f,hr_payroll_structure_type,country_id,res_country,id,n
hr_payroll_structure_type_create_uid_fkey,f,hr_payroll_structure_type,create_uid,res_users,id,n
hr_payroll_structure_type_default_resource_calendar_id_fkey,f,hr_payroll_structure_type,default_resource_calendar_id,resource_calendar,id,n
hr_payroll_structure_type_write_uid_fkey,f,hr_payroll_structure_type,write_uid,res_users,id,n
hr_payroll_structure_type_pkey,p,hr_payroll_structure_type,id,,, 
hr_payslip_company_id_fkey,f,hr_payslip,company_id,res_company,id,r
hr_payslip_contract_id_fkey,f,hr_payslip,contract_id,hr_version,id,n
hr_payslip_create_uid_fkey,f,hr_payslip,create_uid,res_users,id,n
hr_payslip_employee_id_fkey,f,hr_payslip,employee_id,hr_employee,id,r
hr_payslip_journal_id_fkey,f,hr_payslip,journal_id,account_journal,id,r
hr_payslip_move_id_fkey,f,hr_payslip,move_id,account_move,id,n
hr_payslip_payslip_run_id_fkey,f,hr_payslip,payslip_run_id,hr_payslip_run,id,n
hr_payslip_struct_id_fkey,f,hr_payslip,struct_id,hr_payroll_structure,id,n
hr_payslip_write_uid_fkey,f,hr_payslip,write_uid,res_users,id,n
hr_payslip_pkey,p,hr_payslip,id,,, 
hr_payslip_employees_create_uid_fkey,f,hr_payslip_employees,create_uid,res_users,id,n
hr_payslip_employees_write_uid_fkey,f,hr_payslip_employees,write_uid,res_users,id,n
hr_payslip_employees_pkey,p,hr_payslip_employees,id,,, 
hr_payslip_input_contract_id_fkey,f,hr_payslip_input,contract_id,hr_version,id,r
hr_payslip_input_create_uid_fkey,f,hr_payslip_input,create_uid,res_users,id,n
hr_payslip_input_loan_line_id_fkey,f,hr_payslip_input,loan_line_id,hr_loan_line,id,n
hr_payslip_input_payslip_id_fkey,f,hr_payslip_input,payslip_id,hr_payslip,id,c
hr_payslip_input_write_uid_fkey,f,hr_payslip_input,write_uid,res_users,id,n
hr_payslip_input_pkey,p,hr_payslip_input,id,,, 
hr_payslip_line_account_credit_id_fkey,f,hr_payslip_line,account_credit_id,account_account,id,n
hr_payslip_line_account_debit_id_fkey,f,hr_payslip_line,account_debit_id,account_account,id,n
hr_payslip_line_account_tax_id_fkey,f,hr_payslip_line,account_tax_id,account_tax,id,n
hr_payslip_line_analytic_account_id_fkey,f,hr_payslip_line,analytic_account_id,account_analytic_account,id,n
hr_payslip_line_category_id_fkey,f,hr_payslip_line,category_id,hr_salary_rule_category,id,r
hr_payslip_line_company_id_fkey,f,hr_payslip_line,company_id,res_company,id,r
hr_payslip_line_contract_id_fkey,f,hr_payslip_line,contract_id,hr_version,id,r
hr_payslip_line_create_uid_fkey,f,hr_payslip_line,create_uid,res_users,id,n
hr_payslip_line_employee_id_fkey,f,hr_payslip_line,employee_id,hr_employee,id,r
hr_payslip_line_parent_rule_id_fkey,f,hr_payslip_line,parent_rule_id,hr_salary_rule,id,n
hr_payslip_line_register_id_fkey,f,hr_payslip_line,register_id,hr_contribution_register,id,n
hr_payslip_line_salary_rule_id_fkey,f,hr_payslip_line,salary_rule_id,hr_salary_rule,id,r
hr_payslip_line_slip_id_fkey,f,hr_payslip_line,slip_id,hr_payslip,id,c
hr_payslip_line_write_uid_fkey,f,hr_payslip_line,write_uid,res_users,id,n
hr_payslip_line_pkey,p,hr_payslip_line,id,,, 
hr_payslip_run_company_id_fkey,f,hr_payslip_run,company_id,res_company,id,n
hr_payslip_run_create_uid_fkey,f,hr_payslip_run,create_uid,res_users,id,n
hr_payslip_run_journal_id_fkey,f,hr_payslip_run,journal_id,account_journal,id,r
hr_payslip_run_write_uid_fkey,f,hr_payslip_run,write_uid,res_users,id,n
hr_payslip_run_pkey,p,hr_payslip_run,id,,, 
hr_payslip_worked_days_contract_id_fkey,f,hr_payslip_worked_days,contract_id,hr_version,id,r
hr_payslip_worked_days_create_uid_fkey,f,hr_payslip_worked_days,create_uid,res_users,id,n
hr_payslip_worked_days_payslip_id_fkey,f,hr_payslip_worked_days,payslip_id,hr_payslip,id,c
hr_payslip_worked_days_write_uid_fkey,f,hr_payslip_worked_days,write_uid,res_users,id,n
hr_payslip_worked_days_pkey,p,hr_payslip_worked_days,id,,, 
hr_recruitment_degree_create_uid_fkey,f,hr_recruitment_degree,create_uid,res_users,id,n
hr_recruitment_degree_write_uid_fkey,f,hr_recruitment_degree,write_uid,res_users,id,n
hr_recruitment_degree_pkey,p,hr_recruitment_degree,id,,, 
hr_recruitment_degree_name_uniq,u,hr_recruitment_degree,name,,, 
hr_recruitment_source_alias_id_fkey,f,hr_recruitment_source,alias_id,mail_alias,id,r
hr_recruitment_source_campaign_id_fkey,f,hr_recruitment_source,campaign_id,utm_campaign,id,n
hr_recruitment_source_create_uid_fkey,f,hr_recruitment_source,create_uid,res_users,id,n
hr_recruitment_source_job_id_fkey,f,hr_recruitment_source,job_id,hr_job,id,c
hr_recruitment_source_medium_id_fkey,f,hr_recruitment_source,medium_id,utm_medium,id,n
hr_recruitment_source_source_id_fkey,f,hr_recruitment_source,source_id,utm_source,id,r
hr_recruitment_source_write_uid_fkey,f,hr_recruitment_source,write_uid,res_users,id,n
hr_recruitment_source_pkey,p,hr_recruitment_source,id,,, 
hr_recruitment_stage_create_uid_fkey,f,hr_recruitment_stage,create_uid,res_users,id,n
hr_recruitment_stage_template_id_fkey,f,hr_recruitment_stage,template_id,mail_template,id,n
hr_recruitment_stage_write_uid_fkey,f,hr_recruitment_stage,write_uid,res_users,id,n
hr_recruitment_stage_pkey,p,hr_recruitment_stage,id,,, 
hr_reminder_company_id_fkey,f,hr_reminder,company_id,res_company,id,r
hr_reminder_create_uid_fkey,f,hr_reminder,create_uid,res_users,id,n
hr_reminder_field_id_fkey,f,hr_reminder,field_id,ir_model_fields,id,c
hr_reminder_model_id_fkey,f,hr_reminder,model_id,ir_model,id,c
hr_reminder_write_uid_fkey,f,hr_reminder,write_uid,res_users,id,n
hr_reminder_pkey,p,hr_reminder,id,,, 
hr_resignation_create_uid_fkey,f,hr_resignation,create_uid,res_users,id,n
hr_resignation_employee_id_fkey,f,hr_resignation,employee_id,hr_employee,id,n
hr_resignation_write_uid_fkey,f,hr_resignation,write_uid,res_users,id,n
hr_resignation_pkey,p,hr_resignation,id,,, 
hr_resume_line_create_uid_fkey,f,hr_resume_line,create_uid,res_users,id,n
hr_resume_line_department_id_fkey,f,hr_resume_line,department_id,hr_department,id,n
hr_resume_line_employee_id_fkey,f,hr_resume_line,employee_id,hr_employee,id,c
hr_resume_line_event_id_fkey,f,hr_resume_line,event_id,event_event,id,n
hr_resume_line_line_type_id_fkey,f,hr_resume_line,line_type_id,hr_resume_line_type,id,n
hr_resume_line_survey_id_fkey,f,hr_resume_line,survey_id,survey_survey,id,n
hr_resume_line_write_uid_fkey,f,hr_resume_line,write_uid,res_users,id,n
hr_resume_line_pkey,p,hr_resume_line,id,,, 
hr_resume_line_type_create_uid_fkey,f,hr_resume_line_type,create_uid,res_users,id,n
hr_resume_line_type_write_uid_fkey,f,hr_resume_line_type,write_uid,res_users,id,n
hr_resume_line_type_pkey,p,hr_resume_line_type,id,,, 
hr_rule_input_create_uid_fkey,f,hr_rule_input,create_uid,res_users,id,n
hr_rule_input_input_id_fkey,f,hr_rule_input,input_id,hr_salary_rule,id,r
hr_rule_input_write_uid_fkey,f,hr_rule_input,write_uid,res_users,id,n
hr_rule_input_pkey,p,hr_rule_input,id,,, 
hr_salary_rule_account_credit_id_fkey,f,hr_salary_rule,account_credit_id,account_account,id,n
hr_salary_rule_account_debit_id_fkey,f,hr_salary_rule,account_debit_id,account_account,id,n
hr_salary_rule_account_tax_id_fkey,f,hr_salary_rule,account_tax_id,account_tax,id,n
hr_salary_rule_analytic_account_id_fkey,f,hr_salary_rule,analytic_account_id,account_analytic_account,id,n
hr_salary_rule_category_id_fkey,f,hr_salary_rule,category_id,hr_salary_rule_category,id,r
hr_salary_rule_company_id_fkey,f,hr_salary_rule,company_id,res_company,id,r
hr_salary_rule_create_uid_fkey,f,hr_salary_rule,create_uid,res_users,id,n
hr_salary_rule_parent_rule_id_fkey,f,hr_salary_rule,parent_rule_id,hr_salary_rule,id,n
hr_salary_rule_register_id_fkey,f,hr_salary_rule,register_id,hr_contribution_register,id,n
hr_salary_rule_write_uid_fkey,f,hr_salary_rule,write_uid,res_users,id,n
hr_salary_rule_pkey,p,hr_salary_rule,id,,, 
hr_salary_rule_category_company_id_fkey,f,hr_salary_rule_category,company_id,res_company,id,r
hr_salary_rule_category_create_uid_fkey,f,hr_salary_rule_category,create_uid,res_users,id,n
hr_salary_rule_category_parent_id_fkey,f,hr_salary_rule_category,parent_id,hr_salary_rule_category,id,n
hr_salary_rule_category_write_uid_fkey,f,hr_salary_rule_category,write_uid,res_users,id,n
hr_salary_rule_category_pkey,p,hr_salary_rule_category,id,,, 
hr_skill_create_uid_fkey,f,hr_skill,create_uid,res_users,id,n
hr_skill_skill_type_id_fkey,f,hr_skill,skill_type_id,hr_skill_type,id,c
hr_skill_write_uid_fkey,f,hr_skill,write_uid,res_users,id,n
hr_skill_pkey,p,hr_skill,id,,, 
hr_skill_level_create_uid_fkey,f,hr_skill_level,create_uid,res_users,id,n
hr_skill_level_skill_type_id_fkey,f,hr_skill_level,skill_type_id,hr_skill_type,id,c
hr_skill_level_write_uid_fkey,f,hr_skill_level,write_uid,res_users,id,n
hr_skill_level_pkey,p,hr_skill_level,id,,, 
hr_skill_type_create_uid_fkey,f,hr_skill_type,create_uid,res_users,id,n
hr_skill_type_write_uid_fkey,f,hr_skill_type,write_uid,res_users,id,n
hr_skill_type_pkey,p,hr_skill_type,id,,, 
hr_structure_salary_rule_rel_rule_id_fkey,f,hr_structure_salary_rule_rel,rule_id,hr_salary_rule,id,c
hr_structure_salary_rule_rel_struct_id_fkey,f,hr_structure_salary_rule_rel,struct_id,hr_payroll_structure,id,c
hr_structure_salary_rule_rel_pkey,p,hr_structure_salary_rule_rel,"struct_id,rule_id",,, 
hr_talent_pool_company_id_fkey,f,hr_talent_pool,company_id,res_company,id,n
hr_talent_pool_create_uid_fkey,f,hr_talent_pool,create_uid,res_users,id,n
hr_talent_pool_pool_manager_fkey,f,hr_talent_pool,pool_manager,res_users,id,n
hr_talent_pool_write_uid_fkey,f,hr_talent_pool,write_uid,res_users,id,n
hr_talent_pool_pkey,p,hr_talent_pool,id,,, 
hr_talent_pool_talent_pool_ad_talent_pool_add_applicants_i_fkey,f,hr_talent_pool_talent_pool_add_applicants_rel,talent_pool_add_applicants_id,talent_pool_add_applicants,id,c
hr_talent_pool_talent_pool_add_applicant_hr_talent_pool_id_fkey,f,hr_talent_pool_talent_pool_add_applicants_rel,hr_talent_pool_id,hr_talent_pool,id,c
hr_talent_pool_talent_pool_add_applicants_rel_pkey,p,hr_talent_pool_talent_pool_add_applicants_rel,"talent_pool_add_applicants_id,hr_talent_pool_id",,, 
hr_version_address_id_fkey,f,hr_version,address_id,res_partner,id,n
hr_version_analytic_account_id_fkey,f,hr_version,analytic_account_id,account_analytic_account,id,n
hr_version_company_id_fkey,f,hr_version,company_id,res_company,id,n
hr_version_contract_template_id_fkey,f,hr_version,contract_template_id,hr_version,id,n
hr_version_contract_type_id_fkey,f,hr_version,contract_type_id,hr_contract_type,id,n
hr_version_country_id_fkey,f,hr_version,country_id,res_country,id,n
hr_version_create_uid_fkey,f,hr_version,create_uid,res_users,id,n
hr_version_department_id_fkey,f,hr_version,department_id,hr_department,id,n
hr_version_departure_reason_id_fkey,f,hr_version,departure_reason_id,hr_departure_reason,id,r
hr_version_employee_id_fkey,f,hr_version,employee_id,hr_employee,id,n
hr_version_hr_responsible_id_fkey,f,hr_version,hr_responsible_id,res_users,id,r
hr_version_job_id_fkey,f,hr_version,job_id,hr_job,id,n
hr_version_journal_id_fkey,f,hr_version,journal_id,account_journal,id,n
hr_version_last_modified_uid_fkey,f,hr_version,last_modified_uid,res_users,id,r
hr_version_private_country_id_fkey,f,hr_version,private_country_id,res_country,id,n
hr_version_private_state_id_fkey,f,hr_version,private_state_id,res_country_state,id,n
hr_version_resource_calendar_id_fkey,f,hr_version,resource_calendar_id,resource_calendar,id,n
hr_version_ruleset_id_fkey,f,hr_version,ruleset_id,hr_attendance_overtime_ruleset,id,n
hr_version_struct_id_fkey,f,hr_version,struct_id,hr_payroll_structure,id,n
hr_version_structure_type_id_fkey,f,hr_version,structure_type_id,hr_payroll_structure_type,id,n
hr_version_work_location_id_fkey,f,hr_version,work_location_id,hr_work_location,id,n
hr_version_write_uid_fkey,f,hr_version,write_uid,res_users,id,n
hr_version_pkey,p,hr_version,id,,, 
hr_version_wizard_contract_template_id_fkey,f,hr_version_wizard,contract_template_id,hr_version,id,c
hr_version_wizard_create_uid_fkey,f,hr_version_wizard,create_uid,res_users,id,n
hr_version_wizard_write_uid_fkey,f,hr_version_wizard,write_uid,res_users,id,n
hr_version_wizard_pkey,p,hr_version_wizard,id,,, 
hr_work_location_address_id_fkey,f,hr_work_location,address_id,res_partner,id,r
hr_work_location_company_id_fkey,f,hr_work_location,company_id,res_company,id,r
hr_work_location_create_uid_fkey,f,hr_work_location,create_uid,res_users,id,n
hr_work_location_write_uid_fkey,f,hr_work_location,write_uid,res_users,id,n
hr_work_location_pkey,p,hr_work_location,id,,, 
html_editor_converter_test_create_uid_fkey,f,html_editor_converter_test,create_uid,res_users,id,n
html_editor_converter_test_many2one_fkey,f,html_editor_converter_test,many2one,html_editor_converter_test_sub,id,n
html_editor_converter_test_write_uid_fkey,f,html_editor_converter_test,write_uid,res_users,id,n
html_editor_converter_test_pkey,p,html_editor_converter_test,id,,, 
html_editor_converter_test_sub_create_uid_fkey,f,html_editor_converter_test_sub,create_uid,res_users,id,n
html_editor_converter_test_sub_write_uid_fkey,f,html_editor_converter_test_sub,write_uid,res_users,id,n
html_editor_converter_test_sub_pkey,p,html_editor_converter_test_sub,id,,, 
iap_account_create_uid_fkey,f,iap_account,create_uid,res_users,id,n
iap_account_service_id_fkey,f,iap_account,service_id,iap_service,id,r
iap_account_write_uid_fkey,f,iap_account,write_uid,res_users,id,n
iap_account_pkey,p,iap_account,id,,, 
iap_account_res_company_rel_iap_account_id_fkey,f,iap_account_res_company_rel,iap_account_id,iap_account,id,c
iap_account_res_company_rel_res_company_id_fkey,f,iap_account_res_company_rel,res_company_id,res_company,id,c
iap_account_res_company_rel_pkey,p,iap_account_res_company_rel,"iap_account_id,res_company_id",,, 
iap_account_res_users_rel_iap_account_id_fkey,f,iap_account_res_users_rel,iap_account_id,iap_account,id,c
iap_account_res_users_rel_res_users_id_fkey,f,iap_account_res_users_rel,res_users_id,res_users,id,c
iap_account_res_users_rel_pkey,p,iap_account_res_users_rel,"iap_account_id,res_users_id",,, 
iap_service_create_uid_fkey,f,iap_service,create_uid,res_users,id,n
iap_service_write_uid_fkey,f,iap_service,write_uid,res_users,id,n
iap_service_pkey,p,iap_service,id,,, 
iap_service_unique_technical_name,u,iap_service,technical_name,,, 
id_attachment_rel_attach_ref_fkey,f,id_attachment_rel,attach_ref,ir_attachment,id,c
id_attachment_rel_id_ref_fkey,f,id_attachment_rel,id_ref,hr_employee,id,c
id_attachment_rel_pkey,p,id_attachment_rel,"id_ref,attach_ref",,, 
ir_act_client_binding_model_id_fkey,f,ir_act_client,binding_model_id,ir_model,id,c
ir_act_client_create_uid_fkey,f,ir_act_client,create_uid,res_users,id,n
ir_act_client_write_uid_fkey,f,ir_act_client,write_uid,res_users,id,n
ir_act_client_pkey,p,ir_act_client,id,,, 
ir_act_client_path_unique,u,ir_act_client,path,,, 
ir_act_report_xml_binding_model_id_fkey,f,ir_act_report_xml,binding_model_id,ir_model,id,c
ir_act_report_xml_create_uid_fkey,f,ir_act_report_xml,create_uid,res_users,id,n
ir_act_report_xml_paperformat_id_fkey,f,ir_act_report_xml,paperformat_id,report_paperformat,id,n
ir_act_report_xml_write_uid_fkey,f,ir_act_report_xml,write_uid,res_users,id,n
ir_act_report_xml_pkey,p,ir_act_report_xml,id,,, 
ir_act_report_xml_path_unique,u,ir_act_report_xml,path,,, 
ir_act_server_activity_type_id_fkey,f,ir_act_server,activity_type_id,mail_activity_type,id,r
ir_act_server_activity_user_id_fkey,f,ir_act_server,activity_user_id,res_users,id,n
ir_act_server_binding_model_id_fkey,f,ir_act_server,binding_model_id,ir_model,id,c
ir_act_server_create_uid_fkey,f,ir_act_server,create_uid,res_users,id,n
ir_act_server_crud_model_id_fkey,f,ir_act_server,crud_model_id,ir_model,id,n
ir_act_server_link_field_id_fkey,f,ir_act_server,link_field_id,ir_model_fields,id,n
ir_act_server_model_id_fkey,f,ir_act_server,model_id,ir_model,id,c
ir_act_server_parent_id_fkey,f,ir_act_server,parent_id,ir_act_server,id,c
ir_act_server_selection_value_fkey,f,ir_act_server,selection_value,ir_model_fields_selection,id,c
ir_act_server_sequence_id_fkey,f,ir_act_server,sequence_id,ir_sequence,id,n
ir_act_server_sms_template_id_fkey,f,ir_act_server,sms_template_id,sms_template,id,n
ir_act_server_template_id_fkey,f,ir_act_server,template_id,mail_template,id,n
ir_act_server_update_field_id_fkey,f,ir_act_server,update_field_id,ir_model_fields,id,c
ir_act_server_update_related_model_id_fkey,f,ir_act_server,update_related_model_id,ir_model,id,n
ir_act_server_write_uid_fkey,f,ir_act_server,write_uid,res_users,id,n
ir_act_server_pkey,p,ir_act_server,id,,, 
ir_act_server_path_unique,u,ir_act_server,path,,, 
ir_act_server_group_rel_act_id_fkey,f,ir_act_server_group_rel,act_id,ir_act_server,id,c
ir_act_server_group_rel_gid_fkey,f,ir_act_server_group_rel,gid,res_groups,id,c
ir_act_server_group_rel_pkey,p,ir_act_server_group_rel,"act_id,gid",,, 
ir_act_server_res_partner_rel_ir_act_server_id_fkey,f,ir_act_server_res_partner_rel,ir_act_server_id,ir_act_server,id,c
ir_act_server_res_partner_rel_res_partner_id_fkey,f,ir_act_server_res_partner_rel,res_partner_id,res_partner,id,c
ir_act_server_res_partner_rel_pkey,p,ir_act_server_res_partner_rel,"ir_act_server_id,res_partner_id",,, 
ir_act_server_webhook_field_rel_field_id_fkey,f,ir_act_server_webhook_field_rel,field_id,ir_model_fields,id,c
ir_act_server_webhook_field_rel_server_id_fkey,f,ir_act_server_webhook_field_rel,server_id,ir_act_server,id,c
ir_act_server_webhook_field_rel_pkey,p,ir_act_server_webhook_field_rel,"server_id,field_id",,, 
ir_act_url_binding_model_id_fkey,f,ir_act_url,binding_model_id,ir_model,id,c
ir_act_url_create_uid_fkey,f,ir_act_url,create_uid,res_users,id,n
ir_act_url_write_uid_fkey,f,ir_act_url,write_uid,res_users,id,n
ir_act_url_pkey,p,ir_act_url,id,,, 
ir_act_url_path_unique,u,ir_act_url,path,,, 
ir_act_window_binding_model_id_fkey,f,ir_act_window,binding_model_id,ir_model,id,c
ir_act_window_create_uid_fkey,f,ir_act_window,create_uid,res_users,id,n
ir_act_window_search_view_id_fkey,f,ir_act_window,search_view_id,ir_ui_view,id,n
ir_act_window_view_id_fkey,f,ir_act_window,view_id,ir_ui_view,id,n
ir_act_window_write_uid_fkey,f,ir_act_window,write_uid,res_users,id,n
ir_act_window_pkey,p,ir_act_window,id,,, 
ir_act_window_path_unique,u,ir_act_window,path,,, 
ir_act_window_group_rel_act_id_fkey,f,ir_act_window_group_rel,act_id,ir_act_window,id,c
ir_act_window_group_rel_gid_fkey,f,ir_act_window_group_rel,gid,res_groups,id,c
ir_act_window_group_rel_pkey,p,ir_act_window_group_rel,"act_id,gid",,, 
ir_act_window_view_act_window_id_fkey,f,ir_act_window_view,act_window_id,ir_act_window,id,c
ir_act_window_view_create_uid_fkey,f,ir_act_window_view,create_uid,res_users,id,n
ir_act_window_view_view_id_fkey,f,ir_act_window_view,view_id,ir_ui_view,id,n
ir_act_window_view_write_uid_fkey,f,ir_act_window_view,write_uid,res_users,id,n
ir_act_window_view_pkey,p,ir_act_window_view,id,,, 
ir_actions_binding_model_id_fkey,f,ir_actions,binding_model_id,ir_model,id,c
ir_actions_create_uid_fkey,f,ir_actions,create_uid,res_users,id,n
ir_actions_write_uid_fkey,f,ir_actions,write_uid,res_users,id,n
ir_actions_pkey,p,ir_actions,id,,, 
ir_actions_path_unique,u,ir_actions,path,,, 
ir_actions_server_history_action_id_fkey,f,ir_actions_server_history,action_id,ir_act_server,id,c
ir_actions_server_history_create_uid_fkey,f,ir_actions_server_history,create_uid,res_users,id,n
ir_actions_server_history_write_uid_fkey,f,ir_actions_server_history,write_uid,res_users,id,n
ir_actions_server_history_pkey,p,ir_actions_server_history,id,,, 
ir_actions_todo_create_uid_fkey,f,ir_actions_todo,create_uid,res_users,id,n
ir_actions_todo_write_uid_fkey,f,ir_actions_todo,write_uid,res_users,id,n
ir_actions_todo_pkey,p,ir_actions_todo,id,,, 
ir_asset_create_uid_fkey,f,ir_asset,create_uid,res_users,id,n
ir_asset_write_uid_fkey,f,ir_asset,write_uid,res_users,id,n
ir_asset_pkey,p,ir_asset,id,,, 
ir_attachment_company_id_fkey,f,ir_attachment,company_id,res_company,id,n
ir_attachment_create_uid_fkey,f,ir_attachment,create_uid,res_users,id,n
ir_attachment_original_id_fkey,f,ir_attachment,original_id,ir_attachment,id,n
ir_attachment_write_uid_fkey,f,ir_attachment,write_uid,res_users,id,n
ir_attachment_pkey,p,ir_attachment,id,,, 
ir_config_parameter_create_uid_fkey,f,ir_config_parameter,create_uid,res_users,id,n
ir_config_parameter_write_uid_fkey,f,ir_config_parameter,write_uid,res_users,id,n
ir_config_parameter_pkey,p,ir_config_parameter,id,,, 
ir_config_parameter_key_uniq,u,ir_config_parameter,key,,, 
ir_cron_create_uid_fkey,f,ir_cron,create_uid,res_users,id,n
ir_cron_ir_actions_server_id_fkey,f,ir_cron,ir_actions_server_id,ir_act_server,id,r
ir_cron_user_id_fkey,f,ir_cron,user_id,res_users,id,r
ir_cron_write_uid_fkey,f,ir_cron,write_uid,res_users,id,n
ir_cron_pkey,p,ir_cron,id,,, 
ir_cron_progress_create_uid_fkey,f,ir_cron_progress,create_uid,res_users,id,n
ir_cron_progress_cron_id_fkey,f,ir_cron_progress,cron_id,ir_cron,id,c
ir_cron_progress_write_uid_fkey,f,ir_cron_progress,write_uid,res_users,id,n
ir_cron_progress_pkey,p,ir_cron_progress,id,,, 
ir_cron_trigger_create_uid_fkey,f,ir_cron_trigger,create_uid,res_users,id,n
ir_cron_trigger_cron_id_fkey,f,ir_cron_trigger,cron_id,ir_cron,id,c
ir_cron_trigger_write_uid_fkey,f,ir_cron_trigger,write_uid,res_users,id,n
ir_cron_trigger_pkey,p,ir_cron_trigger,id,,, 
ir_default_company_id_fkey,f,ir_default,company_id,res_company,id,c
ir_default_create_uid_fkey,f,ir_default,create_uid,res_users,id,n
ir_default_field_id_fkey,f,ir_default,field_id,ir_model_fields,id,c
ir_default_user_id_fkey,f,ir_default,user_id,res_users,id,c
ir_default_write_uid_fkey,f,ir_default,write_uid,res_users,id,n
ir_default_pkey,p,ir_default,id,,, 
ir_demo_create_uid_fkey,f,ir_demo,create_uid,res_users,id,n
ir_demo_write_uid_fkey,f,ir_demo,write_uid,res_users,id,n
ir_demo_pkey,p,ir_demo,id,,, 
ir_demo_failure_create_uid_fkey,f,ir_demo_failure,create_uid,res_users,id,n
ir_demo_failure_module_id_fkey,f,ir_demo_failure,module_id,ir_module_module,id,c
ir_demo_failure_wizard_id_fkey,f,ir_demo_failure,wizard_id,ir_demo_failure_wizard,id,n
ir_demo_failure_write_uid_fkey,f,ir_demo_failure,write_uid,res_users,id,n
ir_demo_failure_pkey,p,ir_demo_failure,id,,, 
ir_demo_failure_wizard_create_uid_fkey,f,ir_demo_failure_wizard,create_uid,res_users,id,n
ir_demo_failure_wizard_write_uid_fkey,f,ir_demo_failure_wizard,write_uid,res_users,id,n
ir_demo_failure_wizard_pkey,p,ir_demo_failure_wizard,id,,, 
ir_embedded_actions_create_uid_fkey,f,ir_embedded_actions,create_uid,res_users,id,n
ir_embedded_actions_parent_action_id_fkey,f,ir_embedded_actions,parent_action_id,ir_act_window,id,c
ir_embedded_actions_user_id_fkey,f,ir_embedded_actions,user_id,res_users,id,c
ir_embedded_actions_write_uid_fkey,f,ir_embedded_actions,write_uid,res_users,id,n
ir_embedded_actions_pkey,p,ir_embedded_actions,id,,, 
ir_embedded_actions_res_groups_rel_ir_embedded_actions_id_fkey,f,ir_embedded_actions_res_groups_rel,ir_embedded_actions_id,ir_embedded_actions,id,c
ir_embedded_actions_res_groups_rel_res_groups_id_fkey,f,ir_embedded_actions_res_groups_rel,res_groups_id,res_groups,id,c
ir_embedded_actions_res_groups_rel_pkey,p,ir_embedded_actions_res_groups_rel,"ir_embedded_actions_id,res_groups_id",,, 
ir_exports_create_uid_fkey,f,ir_exports,create_uid,res_users,id,n
ir_exports_write_uid_fkey,f,ir_exports,write_uid,res_users,id,n
ir_exports_pkey,p,ir_exports,id,,, 
ir_exports_line_create_uid_fkey,f,ir_exports_line,create_uid,res_users,id,n
ir_exports_line_export_id_fkey,f,ir_exports_line,export_id,ir_exports,id,c
ir_exports_line_write_uid_fkey,f,ir_exports_line,write_uid,res_users,id,n
ir_exports_line_pkey,p,ir_exports_line,id,,, 
ir_filters_create_uid_fkey,f,ir_filters,create_uid,res_users,id,n
ir_filters_embedded_action_id_fkey,f,ir_filters,embedded_action_id,ir_embedded_actions,id,c
ir_filters_write_uid_fkey,f,ir_filters,write_uid,res_users,id,n
ir_filters_pkey,p,ir_filters,id,,, 
ir_filters_res_users_rel_ir_filters_id_fkey,f,ir_filters_res_users_rel,ir_filters_id,ir_filters,id,c
ir_filters_res_users_rel_res_users_id_fkey,f,ir_filters_res_users_rel,res_users_id,res_users,id,c
ir_filters_res_users_rel_pkey,p,ir_filters_res_users_rel,"ir_filters_id,res_users_id",,, 
ir_logging_pkey,p,ir_logging,id,,, 
ir_mail_server_create_uid_fkey,f,ir_mail_server,create_uid,res_users,id,n
ir_mail_server_owner_user_id_fkey,f,ir_mail_server,owner_user_id,res_users,id,n
ir_mail_server_write_uid_fkey,f,ir_mail_server,write_uid,res_users,id,n
ir_mail_server_pkey,p,ir_mail_server,id,,, 
ir_mail_server_unique_owner_user_id,u,ir_mail_server,owner_user_id,,, 
ir_model_create_uid_fkey,f,ir_model,create_uid,res_users,id,n
ir_model_write_uid_fkey,f,ir_model,write_uid,res_users,id,n
ir_model_pkey,p,ir_model,id,,, 
ir_model_obj_name_uniq,u,ir_model,model,,, 
ir_model_access_create_uid_fkey,f,ir_model_access,create_uid,res_users,id,n
ir_model_access_group_id_fkey,f,ir_model_access,group_id,res_groups,id,r
ir_model_access_model_id_fkey,f,ir_model_access,model_id,ir_model,id,c
ir_model_access_write_uid_fkey,f,ir_model_access,write_uid,res_users,id,n
ir_model_access_pkey,p,ir_model_access,id,,, 
ir_model_constraint_create_uid_fkey,f,ir_model_constraint,create_uid,res_users,id,n
ir_model_constraint_model_fkey,f,ir_model_constraint,model,ir_model,id,c
ir_model_constraint_module_fkey,f,ir_model_constraint,module,ir_module_module,id,c
ir_model_constraint_write_uid_fkey,f,ir_model_constraint,write_uid,res_users,id,n
ir_model_constraint_pkey,p,ir_model_constraint,id,,, 
ir_model_constraint_module_name_uniq,u,ir_model_constraint,"name,module",,, 
ir_model_data_create_uid_fkey,f,ir_model_data,create_uid,res_users,id,n
ir_model_data_write_uid_fkey,f,ir_model_data,write_uid,res_users,id,n
ir_model_data_pkey,p,ir_model_data,id,,, 
ir_model_fields_create_uid_fkey,f,ir_model_fields,create_uid,res_users,id,n
ir_model_fields_model_id_fkey,f,ir_model_fields,model_id,ir_model,id,c
ir_model_fields_related_field_id_fkey,f,ir_model_fields,related_field_id,ir_model_fields,id,c
ir_model_fields_relation_field_id_fkey,f,ir_model_fields,relation_field_id,ir_model_fields,id,c
ir_model_fields_write_uid_fkey,f,ir_model_fields,write_uid,res_users,id,n
ir_model_fields_pkey,p,ir_model_fields,id,,, 
ir_model_fields_name_unique,u,ir_model_fields,"model,name",,, 
ir_model_fields_group_rel_field_id_fkey,f,ir_model_fields_group_rel,field_id,ir_model_fields,id,c
ir_model_fields_group_rel_group_id_fkey,f,ir_model_fields_group_rel,group_id,res_groups,id,c
ir_model_fields_group_rel_pkey,p,ir_model_fields_group_rel,"field_id,group_id",,, 
ir_model_fields_selection_create_uid_fkey,f,ir_model_fields_selection,create_uid,res_users,id,n
ir_model_fields_selection_field_id_fkey,f,ir_model_fields_selection,field_id,ir_model_fields,id,c
ir_model_fields_selection_write_uid_fkey,f,ir_model_fields_selection,write_uid,res_users,id,n
ir_model_fields_selection_pkey,p,ir_model_fields_selection,id,,, 
ir_model_fields_selection_selection_field_uniq,u,ir_model_fields_selection,"field_id,value",,, 
ir_model_inherit_model_id_fkey,f,ir_model_inherit,model_id,ir_model,id,c
ir_model_inherit_parent_field_id_fkey,f,ir_model_inherit,parent_field_id,ir_model_fields,id,c
ir_model_inherit_parent_id_fkey,f,ir_model_inherit,parent_id,ir_model,id,c
ir_model_inherit_pkey,p,ir_model_inherit,id,,, 
ir_model_inherit_uniq,u,ir_model_inherit,"model_id,parent_id",,, 
ir_model_relation_create_uid_fkey,f,ir_model_relation,create_uid,res_users,id,n
ir_model_relation_model_fkey,f,ir_model_relation,model,ir_model,id,c
ir_model_relation_module_fkey,f,ir_model_relation,module,ir_module_module,id,c
ir_model_relation_write_uid_fkey,f,ir_model_relation,write_uid,res_users,id,n
ir_model_relation_pkey,p,ir_model_relation,id,,, 
ir_model_spreadsheet_dashboard_re_spreadsheet_dashboard_id_fkey,f,ir_model_spreadsheet_dashboard_rel,spreadsheet_dashboard_id,spreadsheet_dashboard,id,c
ir_model_spreadsheet_dashboard_rel_ir_model_id_fkey,f,ir_model_spreadsheet_dashboard_rel,ir_model_id,ir_model,id,c
ir_model_spreadsheet_dashboard_rel_pkey,p,ir_model_spreadsheet_dashboard_rel,"spreadsheet_dashboard_id,ir_model_id",,, 
ir_module_category_create_uid_fkey,f,ir_module_category,create_uid,res_users,id,n
ir_module_category_parent_id_fkey,f,ir_module_category,parent_id,ir_module_category,id,n
ir_module_category_write_uid_fkey,f,ir_module_category,write_uid,res_users,id,n
ir_module_category_pkey,p,ir_module_category,id,,, 
ir_module_module_category_id_fkey,f,ir_module_module,category_id,ir_module_category,id,n
ir_module_module_create_uid_fkey,f,ir_module_module,create_uid,res_users,id,n
ir_module_module_write_uid_fkey,f,ir_module_module,write_uid,res_users,id,n
ir_module_module_pkey,p,ir_module_module,id,,, 
ir_module_module_name_uniq,u,ir_module_module,name,,, 
ir_module_module_dependency_module_id_fkey,f,ir_module_module_dependency,module_id,ir_module_module,id,c
ir_module_module_dependency_pkey,p,ir_module_module_dependency,id,,, 
ir_module_module_exclusion_create_uid_fkey,f,ir_module_module_exclusion,create_uid,res_users,id,n
ir_module_module_exclusion_module_id_fkey,f,ir_module_module_exclusion,module_id,ir_module_module,id,c
ir_module_module_exclusion_write_uid_fkey,f,ir_module_module_exclusion,write_uid,res_users,id,n
ir_module_module_exclusion_pkey,p,ir_module_module_exclusion,id,,, 
ir_profile_pkey,p,ir_profile,id,,, 
ir_rule_create_uid_fkey,f,ir_rule,create_uid,res_users,id,n
ir_rule_model_id_fkey,f,ir_rule,model_id,ir_model,id,c
ir_rule_write_uid_fkey,f,ir_rule,write_uid,res_users,id,n
ir_rule_pkey,p,ir_rule,id,,, 
ir_sequence_company_id_fkey,f,ir_sequence,company_id,res_company,id,n
ir_sequence_create_uid_fkey,f,ir_sequence,create_uid,res_users,id,n
ir_sequence_write_uid_fkey,f,ir_sequence,write_uid,res_users,id,n
ir_sequence_pkey,p,ir_sequence,id,,, 
ir_sequence_date_range_create_uid_fkey,f,ir_sequence_date_range,create_uid,res_users,id,n
ir_sequence_date_range_sequence_id_fkey,f,ir_sequence_date_range,sequence_id,ir_sequence,id,c
ir_sequence_date_range_write_uid_fkey,f,ir_sequence_date_range,write_uid,res_users,id,n
ir_sequence_date_range_pkey,p,ir_sequence_date_range,id,,, 
ir_sequence_date_range_unique_range_per_sequence,u,ir_sequence_date_range,"sequence_id,date_from,date_to",,, 
ir_ui_menu_create_uid_fkey,f,ir_ui_menu,create_uid,res_users,id,n
ir_ui_menu_parent_id_fkey,f,ir_ui_menu,parent_id,ir_ui_menu,id,r
ir_ui_menu_write_uid_fkey,f,ir_ui_menu,write_uid,res_users,id,n
ir_ui_menu_pkey,p,ir_ui_menu,id,,, 
ir_ui_menu_group_rel_gid_fkey,f,ir_ui_menu_group_rel,gid,res_groups,id,c
ir_ui_menu_group_rel_menu_id_fkey,f,ir_ui_menu_group_rel,menu_id,ir_ui_menu,id,c
ir_ui_menu_group_rel_pkey,p,ir_ui_menu_group_rel,"menu_id,gid",,, 
ir_ui_view_create_uid_fkey,f,ir_ui_view,create_uid,res_users,id,n
ir_ui_view_inherit_id_fkey,f,ir_ui_view,inherit_id,ir_ui_view,id,r
ir_ui_view_write_uid_fkey,f,ir_ui_view,write_uid,res_users,id,n
ir_ui_view_pkey,p,ir_ui_view,id,,, 
ir_ui_view_custom_create_uid_fkey,f,ir_ui_view_custom,create_uid,res_users,id,n
ir_ui_view_custom_ref_id_fkey,f,ir_ui_view_custom,ref_id,ir_ui_view,id,c
ir_ui_view_custom_user_id_fkey,f,ir_ui_view_custom,user_id,res_users,id,c
ir_ui_view_custom_write_uid_fkey,f,ir_ui_view_custom,write_uid,res_users,id,n
ir_ui_view_custom_pkey,p,ir_ui_view_custom,id,,, 
ir_ui_view_group_rel_group_id_fkey,f,ir_ui_view_group_rel,group_id,res_groups,id,c
ir_ui_view_group_rel_view_id_fkey,f,ir_ui_view_group_rel,view_id,ir_ui_view,id,c
ir_ui_view_group_rel_pkey,p,ir_ui_view_group_rel,"view_id,group_id",,, 
job_add_applicants_create_uid_fkey,f,job_add_applicants,create_uid,res_users,id,n
job_add_applicants_write_uid_fkey,f,job_add_applicants,write_uid,res_users,id,n
job_add_applicants_pkey,p,job_add_applicants,id,,, 
job_favorite_user_rel_job_id_fkey,f,job_favorite_user_rel,job_id,hr_job,id,c
job_favorite_user_rel_user_id_fkey,f,job_favorite_user_rel,user_id,res_users,id,c
job_favorite_user_rel_pkey,p,job_favorite_user_rel,"job_id,user_id",,, 
l10n_in_hr_leave_optional_holiday_company_id_fkey,f,l10n_in_hr_leave_optional_holiday,company_id,res_company,id,r
l10n_in_hr_leave_optional_holiday_create_uid_fkey,f,l10n_in_hr_leave_optional_holiday,create_uid,res_users,id,n
l10n_in_hr_leave_optional_holiday_write_uid_fkey,f,l10n_in_hr_leave_optional_holiday,write_uid,res_users,id,n
l10n_in_hr_leave_optional_holiday_pkey,p,l10n_in_hr_leave_optional_holiday,id,,, 
l10n_in_pan_entity_create_uid_fkey,f,l10n_in_pan_entity,create_uid,res_users,id,n
l10n_in_pan_entity_write_uid_fkey,f,l10n_in_pan_entity,write_uid,res_users,id,n
l10n_in_pan_entity_pkey,p,l10n_in_pan_entity,id,,, 
l10n_in_pan_entity_name_uniq,u,l10n_in_pan_entity,name,,, 
l10n_in_port_code_create_uid_fkey,f,l10n_in_port_code,create_uid,res_users,id,n
l10n_in_port_code_state_id_fkey,f,l10n_in_port_code,state_id,res_country_state,id,n
l10n_in_port_code_write_uid_fkey,f,l10n_in_port_code,write_uid,res_users,id,n
l10n_in_port_code_pkey,p,l10n_in_port_code,id,,, 
l10n_in_port_code_code_uniq,u,l10n_in_port_code,code,,, 
l10n_in_section_alert_create_uid_fkey,f,l10n_in_section_alert,create_uid,res_users,id,n
l10n_in_section_alert_tax_report_line_id_fkey,f,l10n_in_section_alert,tax_report_line_id,account_report_line,id,n
l10n_in_section_alert_write_uid_fkey,f,l10n_in_section_alert,write_uid,res_users,id,n
l10n_in_section_alert_pkey,p,l10n_in_section_alert,id,,, 
l10n_in_withhold_wizard_create_uid_fkey,f,l10n_in_withhold_wizard,create_uid,res_users,id,n
l10n_in_withhold_wizard_journal_id_fkey,f,l10n_in_withhold_wizard,journal_id,account_journal,id,c
l10n_in_withhold_wizard_related_move_id_fkey,f,l10n_in_withhold_wizard,related_move_id,account_move,id,n
l10n_in_withhold_wizard_related_payment_id_fkey,f,l10n_in_withhold_wizard,related_payment_id,account_payment,id,n
l10n_in_withhold_wizard_tax_id_fkey,f,l10n_in_withhold_wizard,tax_id,account_tax,id,c
l10n_in_withhold_wizard_write_uid_fkey,f,l10n_in_withhold_wizard,write_uid,res_users,id,n
l10n_in_withhold_wizard_pkey,p,l10n_in_withhold_wizard,id,,, 
mail_activity_activity_type_id_fkey,f,mail_activity,activity_type_id,mail_activity_type,id,r
mail_activity_calendar_event_id_fkey,f,mail_activity,calendar_event_id,calendar_event,id,c
mail_activity_create_uid_fkey,f,mail_activity,create_uid,res_users,id,n
mail_activity_previous_activity_type_id_fkey,f,mail_activity,previous_activity_type_id,mail_activity_type,id,n
mail_activity_recommended_activity_type_id_fkey,f,mail_activity,recommended_activity_type_id,mail_activity_type,id,n
mail_activity_res_model_id_fkey,f,mail_activity,res_model_id,ir_model,id,c
mail_activity_user_id_fkey,f,mail_activity,user_id,res_users,id,c
mail_activity_write_uid_fkey,f,mail_activity,write_uid,res_users,id,n
mail_activity_pkey,p,mail_activity,id,,, 
mail_activity_plan_company_id_fkey,f,mail_activity_plan,company_id,res_company,id,n
mail_activity_plan_create_uid_fkey,f,mail_activity_plan,create_uid,res_users,id,n
mail_activity_plan_department_id_fkey,f,mail_activity_plan,department_id,hr_department,id,c
mail_activity_plan_res_model_id_fkey,f,mail_activity_plan,res_model_id,ir_model,id,c
mail_activity_plan_write_uid_fkey,f,mail_activity_plan,write_uid,res_users,id,n
mail_activity_plan_pkey,p,mail_activity_plan,id,,, 
mail_activity_plan_mail_activity_mail_activity_schedule_id_fkey,f,mail_activity_plan_mail_activity_schedule_rel,mail_activity_schedule_id,mail_activity_schedule,id,c
mail_activity_plan_mail_activity_sch_mail_activity_plan_id_fkey,f,mail_activity_plan_mail_activity_schedule_rel,mail_activity_plan_id,mail_activity_plan,id,c
mail_activity_plan_mail_activity_schedule_rel_pkey,p,mail_activity_plan_mail_activity_schedule_rel,"mail_activity_schedule_id,mail_activity_plan_id",,, 
mail_activity_plan_template_activity_type_id_fkey,f,mail_activity_plan_template,activity_type_id,mail_activity_type,id,r
mail_activity_plan_template_create_uid_fkey,f,mail_activity_plan_template,create_uid,res_users,id,n
mail_activity_plan_template_plan_id_fkey,f,mail_activity_plan_template,plan_id,mail_activity_plan,id,c
mail_activity_plan_template_responsible_id_fkey,f,mail_activity_plan_template,responsible_id,res_users,id,n
mail_activity_plan_template_write_uid_fkey,f,mail_activity_plan_template,write_uid,res_users,id,n
mail_activity_plan_template_pkey,p,mail_activity_plan_template,id,,, 
mail_activity_plan_template_m_mail_activity_plan_template__fkey,f,mail_activity_plan_template_mail_activity_type_rel,mail_activity_plan_template_id,mail_activity_plan_template,id,c
mail_activity_plan_template_mail_act_mail_activity_type_id_fkey,f,mail_activity_plan_template_mail_activity_type_rel,mail_activity_type_id,mail_activity_type,id,c
mail_activity_plan_template_mail_activity_type_rel_pkey,p,mail_activity_plan_template_mail_activity_type_rel,"mail_activity_plan_template_id,mail_activity_type_id",,, 
mail_activity_rel_activity_id_fkey,f,mail_activity_rel,activity_id,mail_activity_type,id,c
mail_activity_rel_recommended_id_fkey,f,mail_activity_rel,recommended_id,mail_activity_type,id,c
mail_activity_rel_pkey,p,mail_activity_rel,"activity_id,recommended_id",,, 
mail_activity_schedule_activity_type_id_fkey,f,mail_activity_schedule,activity_type_id,mail_activity_type,id,n
mail_activity_schedule_activity_user_id_fkey,f,mail_activity_schedule,activity_user_id,res_users,id,n
mail_activity_schedule_create_uid_fkey,f,mail_activity_schedule,create_uid,res_users,id,n
mail_activity_schedule_plan_id_fkey,f,mail_activity_schedule,plan_id,mail_activity_plan,id,n
mail_activity_schedule_plan_on_demand_user_id_fkey,f,mail_activity_schedule,plan_on_demand_user_id,res_users,id,n
mail_activity_schedule_res_model_id_fkey,f,mail_activity_schedule,res_model_id,ir_model,id,c
mail_activity_schedule_write_uid_fkey,f,mail_activity_schedule,write_uid,res_users,id,n
mail_activity_schedule_pkey,p,mail_activity_schedule,id,,, 
mail_activity_schedule_line_activity_schedule_id_fkey,f,mail_activity_schedule_line,activity_schedule_id,mail_activity_schedule,id,c
mail_activity_schedule_line_create_uid_fkey,f,mail_activity_schedule_line,create_uid,res_users,id,n
mail_activity_schedule_line_responsible_user_id_fkey,f,mail_activity_schedule_line,responsible_user_id,res_users,id,n
mail_activity_schedule_line_write_uid_fkey,f,mail_activity_schedule_line,write_uid,res_users,id,n
mail_activity_schedule_line_pkey,p,mail_activity_schedule_line,id,,, 
mail_activity_todo_create_create_uid_fkey,f,mail_activity_todo_create,create_uid,res_users,id,n
mail_activity_todo_create_user_id_fkey,f,mail_activity_todo_create,user_id,res_users,id,c
mail_activity_todo_create_write_uid_fkey,f,mail_activity_todo_create,write_uid,res_users,id,n
mail_activity_todo_create_pkey,p,mail_activity_todo_create,id,,, 
mail_activity_type_create_uid_fkey,f,mail_activity_type,create_uid,res_users,id,n
mail_activity_type_default_user_id_fkey,f,mail_activity_type,default_user_id,res_users,id,n
mail_activity_type_triggered_next_type_id_fkey,f,mail_activity_type,triggered_next_type_id,mail_activity_type,id,r
mail_activity_type_write_uid_fkey,f,mail_activity_type,write_uid,res_users,id,n
mail_activity_type_pkey,p,mail_activity_type,id,,, 
mail_activity_type_mail_template_rel_mail_activity_type_id_fkey,f,mail_activity_type_mail_template_rel,mail_activity_type_id,mail_activity_type,id,c
mail_activity_type_mail_template_rel_mail_template_id_fkey,f,mail_activity_type_mail_template_rel,mail_template_id,mail_template,id,c
mail_activity_type_mail_template_rel_pkey,p,mail_activity_type_mail_template_rel,"mail_activity_type_id,mail_template_id",,, 
mail_alias_alias_domain_id_fkey,f,mail_alias,alias_domain_id,mail_alias_domain,id,r
mail_alias_alias_model_id_fkey,f,mail_alias,alias_model_id,ir_model,id,c
mail_alias_alias_parent_model_id_fkey,f,mail_alias,alias_parent_model_id,ir_model,id,n
mail_alias_create_uid_fkey,f,mail_alias,create_uid,res_users,id,n
mail_alias_write_uid_fkey,f,mail_alias,write_uid,res_users,id,n
mail_alias_pkey,p,mail_alias,id,,, 
mail_alias_domain_create_uid_fkey,f,mail_alias_domain,create_uid,res_users,id,n
mail_alias_domain_write_uid_fkey,f,mail_alias_domain,write_uid,res_users,id,n
mail_alias_domain_pkey,p,mail_alias_domain,id,,, 
mail_alias_domain_bounce_email_uniques,u,mail_alias_domain,"bounce_alias,name",,, 
mail_alias_domain_catchall_email_uniques,u,mail_alias_domain,"catchall_alias,name",,, 
mail_blacklist_create_uid_fkey,f,mail_blacklist,create_uid,res_users,id,n
mail_blacklist_write_uid_fkey,f,mail_blacklist,write_uid,res_users,id,n
mail_blacklist_pkey,p,mail_blacklist,id,,, 
mail_blacklist_unique_email,u,mail_blacklist,email,,, 
mail_blacklist_remove_create_uid_fkey,f,mail_blacklist_remove,create_uid,res_users,id,n
mail_blacklist_remove_write_uid_fkey,f,mail_blacklist_remove,write_uid,res_users,id,n
mail_blacklist_remove_pkey,p,mail_blacklist_remove,id,,, 
mail_canned_response_create_uid_fkey,f,mail_canned_response,create_uid,res_users,id,n
mail_canned_response_write_uid_fkey,f,mail_canned_response,write_uid,res_users,id,n
mail_canned_response_pkey,p,mail_canned_response,id,,, 
mail_canned_response_res_groups_re_mail_canned_response_id_fkey,f,mail_canned_response_res_groups_rel,mail_canned_response_id,mail_canned_response,id,c
mail_canned_response_res_groups_rel_res_groups_id_fkey,f,mail_canned_response_res_groups_rel,res_groups_id,res_groups,id,c
mail_canned_response_res_groups_rel_pkey,p,mail_canned_response_res_groups_rel,"mail_canned_response_id,res_groups_id",,, 
mail_compose_message_author_id_fkey,f,mail_compose_message,author_id,res_partner,id,n
mail_compose_message_create_uid_fkey,f,mail_compose_message,create_uid,res_users,id,n
mail_compose_message_mail_activity_type_id_fkey,f,mail_compose_message,mail_activity_type_id,mail_activity_type,id,n
mail_compose_message_mail_server_id_fkey,f,mail_compose_message,mail_server_id,ir_mail_server,id,n
mail_compose_message_parent_id_fkey,f,mail_compose_message,parent_id,mail_message,id,n
mail_compose_message_record_alias_domain_id_fkey,f,mail_compose_message,record_alias_domain_id,mail_alias_domain,id,n
mail_compose_message_record_company_id_fkey,f,mail_compose_message,record_company_id,res_company,id,n
mail_compose_message_res_domain_user_id_fkey,f,mail_compose_message,res_domain_user_id,res_users,id,n
mail_compose_message_subtype_id_fkey,f,mail_compose_message,subtype_id,mail_message_subtype,id,n
mail_compose_message_template_id_fkey,f,mail_compose_message,template_id,mail_template,id,n
mail_compose_message_write_uid_fkey,f,mail_compose_message,write_uid,res_users,id,n
mail_compose_message_pkey,p,mail_compose_message,id,,, 
mail_compose_message_ir_attachments_rel_attachment_id_fkey,f,mail_compose_message_ir_attachments_rel,attachment_id,ir_attachment,id,c
mail_compose_message_ir_attachments_rel_wizard_id_fkey,f,mail_compose_message_ir_attachments_rel,wizard_id,mail_compose_message,id,c
mail_compose_message_ir_attachments_rel_pkey,p,mail_compose_message_ir_attachments_rel,"wizard_id,attachment_id",,, 
mail_compose_message_res_partner_rel_partner_id_fkey,f,mail_compose_message_res_partner_rel,partner_id,res_partner,id,c
mail_compose_message_res_partner_rel_wizard_id_fkey,f,mail_compose_message_res_partner_rel,wizard_id,mail_compose_message,id,c
mail_compose_message_res_partner_rel_pkey,p,mail_compose_message_res_partner_rel,"wizard_id,partner_id",,, 
mail_followers_partner_id_fkey,f,mail_followers,partner_id,res_partner,id,c
mail_followers_pkey,p,mail_followers,id,,, 
mail_followers_mail_followers_res_partner_res_model_id_uniq,u,mail_followers,"res_model,res_id,partner_id",,, 
mail_followers_edit_create_uid_fkey,f,mail_followers_edit,create_uid,res_users,id,n
mail_followers_edit_write_uid_fkey,f,mail_followers_edit,write_uid,res_users,id,n
mail_followers_edit_pkey,p,mail_followers_edit,id,,, 
mail_followers_edit_res_partner_rel_mail_followers_edit_id_fkey,f,mail_followers_edit_res_partner_rel,mail_followers_edit_id,mail_followers_edit,id,c
mail_followers_edit_res_partner_rel_res_partner_id_fkey,f,mail_followers_edit_res_partner_rel,res_partner_id,res_partner,id,c
mail_followers_edit_res_partner_rel_pkey,p,mail_followers_edit_res_partner_rel,"mail_followers_edit_id,res_partner_id",,, 
mail_followers_mail_message_subtyp_mail_message_subtype_id_fkey,f,mail_followers_mail_message_subtype_rel,mail_message_subtype_id,mail_message_subtype,id,c
mail_followers_mail_message_subtype_rel_mail_followers_id_fkey,f,mail_followers_mail_message_subtype_rel,mail_followers_id,mail_followers,id,c
mail_followers_mail_message_subtype_rel_pkey,p,mail_followers_mail_message_subtype_rel,"mail_followers_id,mail_message_subtype_id",,, 
mail_gateway_allowed_create_uid_fkey,f,mail_gateway_allowed,create_uid,res_users,id,n
mail_gateway_allowed_write_uid_fkey,f,mail_gateway_allowed,write_uid,res_users,id,n
mail_gateway_allowed_pkey,p,mail_gateway_allowed,id,,, 
mail_guest_country_id_fkey,f,mail_guest,country_id,res_country,id,n
mail_guest_create_uid_fkey,f,mail_guest,create_uid,res_users,id,n
mail_guest_write_uid_fkey,f,mail_guest,write_uid,res_users,id,n
mail_guest_pkey,p,mail_guest,id,,, 
mail_ice_server_create_uid_fkey,f,mail_ice_server,create_uid,res_users,id,n
mail_ice_server_write_uid_fkey,f,mail_ice_server,write_uid,res_users,id,n
mail_ice_server_pkey,p,mail_ice_server,id,,, 
mail_link_preview_create_uid_fkey,f,mail_link_preview,create_uid,res_users,id,n
mail_link_preview_write_uid_fkey,f,mail_link_preview,write_uid,res_users,id,n
mail_link_preview_pkey,p,mail_link_preview,id,,, 
mail_mail_create_uid_fkey,f,mail_mail,create_uid,res_users,id,n
mail_mail_fetchmail_server_id_fkey,f,mail_mail,fetchmail_server_id,fetchmail_server,id,n
mail_mail_mail_message_id_fkey,f,mail_mail,mail_message_id,mail_message,id,c
mail_mail_write_uid_fkey,f,mail_mail,write_uid,res_users,id,n
mail_mail_pkey,p,mail_mail,id,,, 
mail_mail_res_partner_rel_mail_mail_id_fkey,f,mail_mail_res_partner_rel,mail_mail_id,mail_mail,id,c
mail_mail_res_partner_rel_res_partner_id_fkey,f,mail_mail_res_partner_rel,res_partner_id,res_partner,id,c
mail_mail_res_partner_rel_pkey,p,mail_mail_res_partner_rel,"mail_mail_id,res_partner_id",,, 
mail_message_author_guest_id_fkey,f,mail_message,author_guest_id,mail_guest,id,n
mail_message_author_id_fkey,f,mail_message,author_id,res_partner,id,n
mail_message_create_uid_fkey,f,mail_message,create_uid,res_users,id,n
mail_message_mail_activity_type_id_fkey,f,mail_message,mail_activity_type_id,mail_activity_type,id,n
mail_message_mail_server_id_fkey,f,mail_message,mail_server_id,ir_mail_server,id,n
mail_message_parent_id_fkey,f,mail_message,parent_id,mail_message,id,n
mail_message_record_alias_domain_id_fkey,f,mail_message,record_alias_domain_id,mail_alias_domain,id,n
mail_message_record_company_id_fkey,f,mail_message,record_company_id,res_company,id,n
mail_message_subtype_id_fkey,f,mail_message,subtype_id,mail_message_subtype,id,n
mail_message_write_uid_fkey,f,mail_message,write_uid,res_users,id,n
mail_message_pkey,p,mail_message,id,,, 
mail_message_link_preview_create_uid_fkey,f,mail_message_link_preview,create_uid,res_users,id,n
mail_message_link_preview_link_preview_id_fkey,f,mail_message_link_preview,link_preview_id,mail_link_preview,id,c
mail_message_link_preview_message_id_fkey,f,mail_message_link_preview,message_id,mail_message,id,c
mail_message_link_preview_write_uid_fkey,f,mail_message_link_preview,write_uid,res_users,id,n
mail_message_link_preview_pkey,p,mail_message_link_preview,id,,, 
mail_message_reaction_guest_id_fkey,f,mail_message_reaction,guest_id,mail_guest,id,c
mail_message_reaction_message_id_fkey,f,mail_message_reaction,message_id,mail_message,id,c
mail_message_reaction_partner_id_fkey,f,mail_message_reaction,partner_id,res_partner,id,c
mail_message_reaction_pkey,p,mail_message_reaction,id,,, 
mail_message_res_partner_rel_mail_message_id_fkey,f,mail_message_res_partner_rel,mail_message_id,mail_message,id,c
mail_message_res_partner_rel_res_partner_id_fkey,f,mail_message_res_partner_rel,res_partner_id,res_partner,id,c
mail_message_res_partner_rel_pkey,p,mail_message_res_partner_rel,"mail_message_id,res_partner_id",,, 
mail_message_res_partner_starred_rel_mail_message_id_fkey,f,mail_message_res_partner_starred_rel,mail_message_id,mail_message,id,c
mail_message_res_partner_starred_rel_res_partner_id_fkey,f,mail_message_res_partner_starred_rel,res_partner_id,res_partner,id,c
mail_message_res_partner_starred_rel_pkey,p,mail_message_res_partner_starred_rel,"mail_message_id,res_partner_id",,, 
mail_message_schedule_create_uid_fkey,f,mail_message_schedule,create_uid,res_users,id,n
mail_message_schedule_mail_message_id_fkey,f,mail_message_schedule,mail_message_id,mail_message,id,c
mail_message_schedule_write_uid_fkey,f,mail_message_schedule,write_uid,res_users,id,n
mail_message_schedule_pkey,p,mail_message_schedule,id,,, 
mail_message_subtype_create_uid_fkey,f,mail_message_subtype,create_uid,res_users,id,n
mail_message_subtype_parent_id_fkey,f,mail_message_subtype,parent_id,mail_message_subtype,id,n
mail_message_subtype_write_uid_fkey,f,mail_message_subtype,write_uid,res_users,id,n
mail_message_subtype_pkey,p,mail_message_subtype,id,,, 
mail_message_translation_create_uid_fkey,f,mail_message_translation,create_uid,res_users,id,n
mail_message_translation_message_id_fkey,f,mail_message_translation,message_id,mail_message,id,c
mail_message_translation_write_uid_fkey,f,mail_message_translation,write_uid,res_users,id,n
mail_message_translation_pkey,p,mail_message_translation,id,,, 
mail_notification_author_id_fkey,f,mail_notification,author_id,res_partner,id,n
mail_notification_letter_id_fkey,f,mail_notification,letter_id,snailmail_letter,id,c
mail_notification_mail_mail_id_fkey,f,mail_notification,mail_mail_id,mail_mail,id,n
mail_notification_mail_message_id_fkey,f,mail_notification,mail_message_id,mail_message,id,c
mail_notification_res_partner_id_fkey,f,mail_notification,res_partner_id,res_partner,id,c
mail_notification_pkey,p,mail_notification,id,,, 
mail_presence_guest_id_fkey,f,mail_presence,guest_id,mail_guest,id,c
mail_presence_user_id_fkey,f,mail_presence,user_id,res_users,id,c
mail_presence_pkey,p,mail_presence,id,,, 
mail_push_create_uid_fkey,f,mail_push,create_uid,res_users,id,n
mail_push_mail_push_device_id_fkey,f,mail_push,mail_push_device_id,mail_push_device,id,c
mail_push_write_uid_fkey,f,mail_push,write_uid,res_users,id,n
mail_push_pkey,p,mail_push,id,,, 
mail_push_device_create_uid_fkey,f,mail_push_device,create_uid,res_users,id,n
mail_push_device_partner_id_fkey,f,mail_push_device,partner_id,res_partner,id,r
mail_push_device_write_uid_fkey,f,mail_push_device,write_uid,res_users,id,n
mail_push_device_pkey,p,mail_push_device,id,,, 
mail_push_device_endpoint_unique,u,mail_push_device,endpoint,,, 
mail_scheduled_message_author_id_fkey,f,mail_scheduled_message,author_id,res_partner,id,r
mail_scheduled_message_create_uid_fkey,f,mail_scheduled_message,create_uid,res_users,id,n
mail_scheduled_message_write_uid_fkey,f,mail_scheduled_message,write_uid,res_users,id,n
mail_scheduled_message_pkey,p,mail_scheduled_message,id,,, 
mail_scheduled_message_res_partn_mail_scheduled_message_id_fkey,f,mail_scheduled_message_res_partner_rel,mail_scheduled_message_id,mail_scheduled_message,id,c
mail_scheduled_message_res_partner_rel_res_partner_id_fkey,f,mail_scheduled_message_res_partner_rel,res_partner_id,res_partner,id,c
mail_scheduled_message_res_partner_rel_pkey,p,mail_scheduled_message_res_partner_rel,"mail_scheduled_message_id,res_partner_id",,, 
mail_template_create_uid_fkey,f,mail_template,create_uid,res_users,id,n
mail_template_mail_server_id_fkey,f,mail_template,mail_server_id,ir_mail_server,id,n
mail_template_model_id_fkey,f,mail_template,model_id,ir_model,id,c
mail_template_ref_ir_act_window_fkey,f,mail_template,ref_ir_act_window,ir_act_window,id,n
mail_template_user_id_fkey,f,mail_template,user_id,res_users,id,n
mail_template_write_uid_fkey,f,mail_template,write_uid,res_users,id,n
mail_template_pkey,p,mail_template,id,,, 
mail_template_ir_actions_report_rel_ir_actions_report_id_fkey,f,mail_template_ir_actions_report_rel,ir_actions_report_id,ir_act_report_xml,id,c
mail_template_ir_actions_report_rel_mail_template_id_fkey,f,mail_template_ir_actions_report_rel,mail_template_id,mail_template,id,c
mail_template_ir_actions_report_rel_pkey,p,mail_template_ir_actions_report_rel,"mail_template_id,ir_actions_report_id",,, 
mail_template_mail_template_reset_r_mail_template_reset_id_fkey,f,mail_template_mail_template_reset_rel,mail_template_reset_id,mail_template_reset,id,c
mail_template_mail_template_reset_rel_mail_template_id_fkey,f,mail_template_mail_template_reset_rel,mail_template_id,mail_template,id,c
mail_template_mail_template_reset_rel_pkey,p,mail_template_mail_template_reset_rel,"mail_template_reset_id,mail_template_id",,, 
mail_template_preview_create_uid_fkey,f,mail_template_preview,create_uid,res_users,id,n
mail_template_preview_mail_template_id_fkey,f,mail_template_preview,mail_template_id,mail_template,id,c
mail_template_preview_write_uid_fkey,f,mail_template_preview,write_uid,res_users,id,n
mail_template_preview_pkey,p,mail_template_preview,id,,, 
mail_template_reset_create_uid_fkey,f,mail_template_reset,create_uid,res_users,id,n
mail_template_reset_write_uid_fkey,f,mail_template_reset,write_uid,res_users,id,n
mail_template_reset_pkey,p,mail_template_reset,id,,, 
mail_tracking_value_create_uid_fkey,f,mail_tracking_value,create_uid,res_users,id,n
mail_tracking_value_currency_id_fkey,f,mail_tracking_value,currency_id,res_currency,id,n
mail_tracking_value_field_id_fkey,f,mail_tracking_value,field_id,ir_model_fields,id,n
mail_tracking_value_mail_message_id_fkey,f,mail_tracking_value,mail_message_id,mail_message,id,c
mail_tracking_value_write_uid_fkey,f,mail_tracking_value,write_uid,res_users,id,n
mail_tracking_value_pkey,p,mail_tracking_value,id,,, 
meeting_category_rel_event_id_fkey,f,meeting_category_rel,event_id,calendar_event,id,c
meeting_category_rel_type_id_fkey,f,meeting_category_rel,type_id,calendar_event_type,id,c
meeting_category_rel_pkey,p,meeting_category_rel,"event_id,type_id",,, 
message_attachment_rel_attachment_id_fkey,f,message_attachment_rel,attachment_id,ir_attachment,id,c
message_attachment_rel_message_id_fkey,f,message_attachment_rel,message_id,mail_message,id,c
message_attachment_rel_pkey,p,message_attachment_rel,"message_id,attachment_id",,, 
module_country_country_id_fkey,f,module_country,country_id,res_country,id,c
module_country_module_id_fkey,f,module_country,module_id,ir_module_module,id,c
module_country_pkey,p,module_country,"module_id,country_id",,, 
onboarding_onboarding_create_uid_fkey,f,onboarding_onboarding,create_uid,res_users,id,n
onboarding_onboarding_write_uid_fkey,f,onboarding_onboarding,write_uid,res_users,id,n
onboarding_onboarding_pkey,p,onboarding_onboarding,id,,, 
onboarding_onboarding_route_name_uniq,u,onboarding_onboarding,route_name,,, 
onboarding_onboarding_onboard_onboarding_onboarding_step_i_fkey,f,onboarding_onboarding_onboarding_onboarding_step_rel,onboarding_onboarding_step_id,onboarding_onboarding_step,id,c
onboarding_onboarding_onboarding__onboarding_onboarding_id_fkey,f,onboarding_onboarding_onboarding_onboarding_step_rel,onboarding_onboarding_id,onboarding_onboarding,id,c
onboarding_onboarding_onboarding_onboarding_step_rel_pkey,p,onboarding_onboarding_onboarding_onboarding_step_rel,"onboarding_onboarding_id,onboarding_onboarding_step_id",,, 
onboarding_onboarding_step_create_uid_fkey,f,onboarding_onboarding_step,create_uid,res_users,id,n
onboarding_onboarding_step_write_uid_fkey,f,onboarding_onboarding_step,write_uid,res_users,id,n
onboarding_onboarding_step_pkey,p,onboarding_onboarding_step,id,,, 
onboarding_progress_company_id_fkey,f,onboarding_progress,company_id,res_company,id,c
onboarding_progress_create_uid_fkey,f,onboarding_progress,create_uid,res_users,id,n
onboarding_progress_onboarding_id_fkey,f,onboarding_progress,onboarding_id,onboarding_onboarding,id,c
onboarding_progress_write_uid_fkey,f,onboarding_progress,write_uid,res_users,id,n
onboarding_progress_pkey,p,onboarding_progress,id,,, 
onboarding_progress_onboarding_onboarding_progress_step_id_fkey,f,onboarding_progress_onboarding_progress_step_rel,onboarding_progress_step_id,onboarding_progress_step,id,c
onboarding_progress_onboarding_prog_onboarding_progress_id_fkey,f,onboarding_progress_onboarding_progress_step_rel,onboarding_progress_id,onboarding_progress,id,c
onboarding_progress_onboarding_progress_step_rel_pkey,p,onboarding_progress_onboarding_progress_step_rel,"onboarding_progress_id,onboarding_progress_step_id",,, 
onboarding_progress_step_company_id_fkey,f,onboarding_progress_step,company_id,res_company,id,c
onboarding_progress_step_create_uid_fkey,f,onboarding_progress_step,create_uid,res_users,id,n
onboarding_progress_step_step_id_fkey,f,onboarding_progress_step,step_id,onboarding_onboarding_step,id,c
onboarding_progress_step_write_uid_fkey,f,onboarding_progress_step,write_uid,res_users,id,n
onboarding_progress_step_pkey,p,onboarding_progress_step,id,,, 
orm_signaling_assets_pkey,p,orm_signaling_assets,id,,, 
orm_signaling_default_pkey,p,orm_signaling_default,id,,, 
orm_signaling_groups_pkey,p,orm_signaling_groups,id,,, 
orm_signaling_registry_pkey,p,orm_signaling_registry,id,,, 
orm_signaling_routing_pkey,p,orm_signaling_routing,id,,, 
orm_signaling_stable_pkey,p,orm_signaling_stable,id,,, 
orm_signaling_templates_pkey,p,orm_signaling_templates,id,,, 
passport_attachment_rel_attach_ref1_fkey,f,passport_attachment_rel,attach_ref1,ir_attachment,id,c
passport_attachment_rel_passport_ref_fkey,f,passport_attachment_rel,passport_ref,hr_employee,id,c
passport_attachment_rel_pkey,p,passport_attachment_rel,"passport_ref,attach_ref1",,, 
payment_capture_wizard_create_uid_fkey,f,payment_capture_wizard,create_uid,res_users,id,n
payment_capture_wizard_write_uid_fkey,f,payment_capture_wizard,write_uid,res_users,id,n
payment_capture_wizard_pkey,p,payment_capture_wizard,id,,, 
payment_capture_wizard_payment_t_payment_capture_wizard_id_fkey,f,payment_capture_wizard_payment_transaction_rel,payment_capture_wizard_id,payment_capture_wizard,id,c
payment_capture_wizard_payment_tran_payment_transaction_id_fkey,f,payment_capture_wizard_payment_transaction_rel,payment_transaction_id,payment_transaction,id,c
payment_capture_wizard_payment_transaction_rel_pkey,p,payment_capture_wizard_payment_transaction_rel,"payment_capture_wizard_id,payment_transaction_id",,, 
payment_country_rel_country_id_fkey,f,payment_country_rel,country_id,res_country,id,c
payment_country_rel_payment_id_fkey,f,payment_country_rel,payment_id,payment_provider,id,c
payment_country_rel_pkey,p,payment_country_rel,"payment_id,country_id",,, 
payment_currency_rel_currency_id_fkey,f,payment_currency_rel,currency_id,res_currency,id,c
payment_currency_rel_payment_provider_id_fkey,f,payment_currency_rel,payment_provider_id,payment_provider,id,c
payment_currency_rel_pkey,p,payment_currency_rel,"payment_provider_id,currency_id",,, 
payment_link_wizard_create_uid_fkey,f,payment_link_wizard,create_uid,res_users,id,n
payment_link_wizard_currency_id_fkey,f,payment_link_wizard,currency_id,res_currency,id,n
payment_link_wizard_partner_id_fkey,f,payment_link_wizard,partner_id,res_partner,id,n
payment_link_wizard_write_uid_fkey,f,payment_link_wizard,write_uid,res_users,id,n
payment_link_wizard_pkey,p,payment_link_wizard,id,,, 
payment_method_create_uid_fkey,f,payment_method,create_uid,res_users,id,n
payment_method_primary_payment_method_id_fkey,f,payment_method,primary_payment_method_id,payment_method,id,n
payment_method_write_uid_fkey,f,payment_method,write_uid,res_users,id,n
payment_method_pkey,p,payment_method,id,,, 
payment_method_payment_provider_rel_payment_method_id_fkey,f,payment_method_payment_provider_rel,payment_method_id,payment_method,id,c
payment_method_payment_provider_rel_payment_provider_id_fkey,f,payment_method_payment_provider_rel,payment_provider_id,payment_provider,id,c
payment_method_payment_provider_rel_pkey,p,payment_method_payment_provider_rel,"payment_method_id,payment_provider_id",,, 
payment_method_res_country_rel_payment_method_id_fkey,f,payment_method_res_country_rel,payment_method_id,payment_method,id,c
payment_method_res_country_rel_res_country_id_fkey,f,payment_method_res_country_rel,res_country_id,res_country,id,c
payment_method_res_country_rel_pkey,p,payment_method_res_country_rel,"payment_method_id,res_country_id",,, 
payment_method_res_currency_rel_payment_method_id_fkey,f,payment_method_res_currency_rel,payment_method_id,payment_method,id,c
payment_method_res_currency_rel_res_currency_id_fkey,f,payment_method_res_currency_rel,res_currency_id,res_currency,id,c
payment_method_res_currency_rel_pkey,p,payment_method_res_currency_rel,"payment_method_id,res_currency_id",,, 
payment_provider_company_id_fkey,f,payment_provider,company_id,res_company,id,r
payment_provider_create_uid_fkey,f,payment_provider,create_uid,res_users,id,n
payment_provider_express_checkout_form_view_id_fkey,f,payment_provider,express_checkout_form_view_id,ir_ui_view,id,r
payment_provider_inline_form_view_id_fkey,f,payment_provider,inline_form_view_id,ir_ui_view,id,r
payment_provider_module_id_fkey,f,payment_provider,module_id,ir_module_module,id,n
payment_provider_redirect_form_view_id_fkey,f,payment_provider,redirect_form_view_id,ir_ui_view,id,r
payment_provider_token_inline_form_view_id_fkey,f,payment_provider,token_inline_form_view_id,ir_ui_view,id,r
payment_provider_write_uid_fkey,f,payment_provider,write_uid,res_users,id,n
payment_provider_pkey,p,payment_provider,id,,, 
payment_refund_wizard_create_uid_fkey,f,payment_refund_wizard,create_uid,res_users,id,n
payment_refund_wizard_payment_id_fkey,f,payment_refund_wizard,payment_id,account_payment,id,n
payment_refund_wizard_write_uid_fkey,f,payment_refund_wizard,write_uid,res_users,id,n
payment_refund_wizard_pkey,p,payment_refund_wizard,id,,, 
payment_token_company_id_fkey,f,payment_token,company_id,res_company,id,n
payment_token_create_uid_fkey,f,payment_token,create_uid,res_users,id,n
payment_token_partner_id_fkey,f,payment_token,partner_id,res_partner,id,r
payment_token_payment_method_id_fkey,f,payment_token,payment_method_id,payment_method,id,r
payment_token_provider_id_fkey,f,payment_token,provider_id,payment_provider,id,r
payment_token_write_uid_fkey,f,payment_token,write_uid,res_users,id,n
payment_token_pkey,p,payment_token,id,,, 
payment_transaction_company_id_fkey,f,payment_transaction,company_id,res_company,id,n
payment_transaction_create_uid_fkey,f,payment_transaction,create_uid,res_users,id,n
payment_transaction_currency_id_fkey,f,payment_transaction,currency_id,res_currency,id,r
payment_transaction_partner_country_id_fkey,f,payment_transaction,partner_country_id,res_country,id,n
payment_transaction_partner_id_fkey,f,payment_transaction,partner_id,res_partner,id,r
payment_transaction_partner_state_id_fkey,f,payment_transaction,partner_state_id,res_country_state,id,n
payment_transaction_payment_id_fkey,f,payment_transaction,payment_id,account_payment,id,n
payment_transaction_payment_method_id_fkey,f,payment_transaction,payment_method_id,payment_method,id,r
payment_transaction_provider_id_fkey,f,payment_transaction,provider_id,payment_provider,id,r
payment_transaction_source_transaction_id_fkey,f,payment_transaction,source_transaction_id,payment_transaction,id,n
payment_transaction_token_id_fkey,f,payment_transaction,token_id,payment_token,id,r
payment_transaction_write_uid_fkey,f,payment_transaction,write_uid,res_users,id,n
payment_transaction_pkey,p,payment_transaction,id,,, 
payment_transaction_reference_uniq,u,payment_transaction,reference,,, 
payslip_lines_contribution_register_create_uid_fkey,f,payslip_lines_contribution_register,create_uid,res_users,id,n
payslip_lines_contribution_register_write_uid_fkey,f,payslip_lines_contribution_register,write_uid,res_users,id,n
payslip_lines_contribution_register_pkey,p,payslip_lines_contribution_register,id,,, 
phone_blacklist_create_uid_fkey,f,phone_blacklist,create_uid,res_users,id,n
phone_blacklist_write_uid_fkey,f,phone_blacklist,write_uid,res_users,id,n
phone_blacklist_pkey,p,phone_blacklist,id,,, 
phone_blacklist_unique_number,u,phone_blacklist,number,,, 
phone_blacklist_remove_create_uid_fkey,f,phone_blacklist_remove,create_uid,res_users,id,n
phone_blacklist_remove_write_uid_fkey,f,phone_blacklist_remove,write_uid,res_users,id,n
phone_blacklist_remove_pkey,p,phone_blacklist_remove,id,,, 
portal_share_create_uid_fkey,f,portal_share,create_uid,res_users,id,n
portal_share_write_uid_fkey,f,portal_share,write_uid,res_users,id,n
portal_share_pkey,p,portal_share,id,,, 
portal_share_res_partner_rel_portal_share_id_fkey,f,portal_share_res_partner_rel,portal_share_id,portal_share,id,c
portal_share_res_partner_rel_res_partner_id_fkey,f,portal_share_res_partner_rel,res_partner_id,res_partner,id,c
portal_share_res_partner_rel_pkey,p,portal_share_res_partner_rel,"portal_share_id,res_partner_id",,, 
portal_wizard_create_uid_fkey,f,portal_wizard,create_uid,res_users,id,n
portal_wizard_write_uid_fkey,f,portal_wizard,write_uid,res_users,id,n
portal_wizard_pkey,p,portal_wizard,id,,, 
portal_wizard_res_partner_rel_portal_wizard_id_fkey,f,portal_wizard_res_partner_rel,portal_wizard_id,portal_wizard,id,c
portal_wizard_res_partner_rel_res_partner_id_fkey,f,portal_wizard_res_partner_rel,res_partner_id,res_partner,id,c
portal_wizard_res_partner_rel_pkey,p,portal_wizard_res_partner_rel,"portal_wizard_id,res_partner_id",,, 
portal_wizard_user_create_uid_fkey,f,portal_wizard_user,create_uid,res_users,id,n
portal_wizard_user_partner_id_fkey,f,portal_wizard_user,partner_id,res_partner,id,c
portal_wizard_user_wizard_id_fkey,f,portal_wizard_user,wizard_id,portal_wizard,id,c
portal_wizard_user_write_uid_fkey,f,portal_wizard_user,write_uid,res_users,id,n
portal_wizard_user_pkey,p,portal_wizard_user,id,,, 
privacy_log_create_uid_fkey,f,privacy_log,create_uid,res_users,id,n
privacy_log_user_id_fkey,f,privacy_log,user_id,res_users,id,r
privacy_log_write_uid_fkey,f,privacy_log,write_uid,res_users,id,n
privacy_log_pkey,p,privacy_log,id,,, 
privacy_lookup_wizard_create_uid_fkey,f,privacy_lookup_wizard,create_uid,res_users,id,n
privacy_lookup_wizard_log_id_fkey,f,privacy_lookup_wizard,log_id,privacy_log,id,n
privacy_lookup_wizard_write_uid_fkey,f,privacy_lookup_wizard,write_uid,res_users,id,n
privacy_lookup_wizard_pkey,p,privacy_lookup_wizard,id,,, 
privacy_lookup_wizard_line_create_uid_fkey,f,privacy_lookup_wizard_line,create_uid,res_users,id,n
privacy_lookup_wizard_line_res_model_id_fkey,f,privacy_lookup_wizard_line,res_model_id,ir_model,id,c
privacy_lookup_wizard_line_wizard_id_fkey,f,privacy_lookup_wizard_line,wizard_id,privacy_lookup_wizard,id,n
privacy_lookup_wizard_line_write_uid_fkey,f,privacy_lookup_wizard_line,write_uid,res_users,id,n
privacy_lookup_wizard_line_pkey,p,privacy_lookup_wizard_line,id,,, 
product_attr_exclusion_value__product_template_attribute_e_fkey,f,product_attr_exclusion_value_ids_rel,product_template_attribute_exclusion_id,product_template_attribute_exclusion,id,c
product_attr_exclusion_value__product_template_attribute_v_fkey,f,product_attr_exclusion_value_ids_rel,product_template_attribute_value_id,product_template_attribute_value,id,c
product_attr_exclusion_value_ids_rel_pkey,p,product_attr_exclusion_value_ids_rel,"product_template_attribute_exclusion_id,product_template_attribute_value_id",,, 
product_attribute_create_uid_fkey,f,product_attribute,create_uid,res_users,id,n
product_attribute_write_uid_fkey,f,product_attribute,write_uid,res_users,id,n
product_attribute_pkey,p,product_attribute,id,,, 
product_attribute_custom_valu_custom_product_template_attr_fkey,f,product_attribute_custom_value,custom_product_template_attribute_value_id,product_template_attribute_value,id,r
product_attribute_custom_value_create_uid_fkey,f,product_attribute_custom_value,create_uid,res_users,id,n
product_attribute_custom_value_write_uid_fkey,f,product_attribute_custom_value,write_uid,res_users,id,n
product_attribute_custom_value_pkey,p,product_attribute_custom_value,id,,, 
product_attribute_product_template_re_product_attribute_id_fkey,f,product_attribute_product_template_rel,product_attribute_id,product_attribute,id,c
product_attribute_product_template_rel_product_template_id_fkey,f,product_attribute_product_template_rel,product_template_id,product_template,id,c
product_attribute_product_template_rel_pkey,p,product_attribute_product_template_rel,"product_attribute_id,product_template_id",,, 
product_attribute_value_attribute_id_fkey,f,product_attribute_value,attribute_id,product_attribute,id,c
product_attribute_value_create_uid_fkey,f,product_attribute_value,create_uid,res_users,id,n
product_attribute_value_write_uid_fkey,f,product_attribute_value,write_uid,res_users,id,n
product_attribute_value_pkey,p,product_attribute_value,id,,, 
product_attribute_value_produ_product_template_attribute_l_fkey,f,product_attribute_value_product_template_attribute_line_rel,product_template_attribute_line_id,product_template_attribute_line,id,c
product_attribute_value_product_product_attribute_value_id_fkey,f,product_attribute_value_product_template_attribute_line_rel,product_attribute_value_id,product_attribute_value,id,r
product_attribute_value_product_template_attribute_line_re_pkey,p,product_attribute_value_product_template_attribute_line_rel,"product_attribute_value_id,product_template_attribute_line_id",,, 
product_category_create_uid_fkey,f,product_category,create_uid,res_users,id,n
product_category_parent_id_fkey,f,product_category,parent_id,product_category,id,c
product_category_write_uid_fkey,f,product_category,write_uid,res_users,id,n
product_category_pkey,p,product_category,id,,, 
product_combo_company_id_fkey,f,product_combo,company_id,res_company,id,n
product_combo_create_uid_fkey,f,product_combo,create_uid,res_users,id,n
product_combo_write_uid_fkey,f,product_combo,write_uid,res_users,id,n
product_combo_pkey,p,product_combo,id,,, 
product_combo_item_combo_id_fkey,f,product_combo_item,combo_id,product_combo,id,c
product_combo_item_company_id_fkey,f,product_combo_item,company_id,res_company,id,n
product_combo_item_create_uid_fkey,f,product_combo_item,create_uid,res_users,id,n
product_combo_item_product_id_fkey,f,product_combo_item,product_id,product_product,id,r
product_combo_item_write_uid_fkey,f,product_combo_item,write_uid,res_users,id,n
product_combo_item_pkey,p,product_combo_item,id,,, 
product_combo_product_template_rel_product_combo_id_fkey,f,product_combo_product_template_rel,product_combo_id,product_combo,id,c
product_combo_product_template_rel_product_template_id_fkey,f,product_combo_product_template_rel,product_template_id,product_template,id,c
product_combo_product_template_rel_pkey,p,product_combo_product_template_rel,"product_template_id,product_combo_id",,, 
product_document_create_uid_fkey,f,product_document,create_uid,res_users,id,n
product_document_ir_attachment_id_fkey,f,product_document,ir_attachment_id,ir_attachment,id,c
product_document_write_uid_fkey,f,product_document,write_uid,res_users,id,n
product_document_pkey,p,product_document,id,,, 
product_label_layout_create_uid_fkey,f,product_label_layout,create_uid,res_users,id,n
product_label_layout_pricelist_id_fkey,f,product_label_layout,pricelist_id,product_pricelist,id,n
product_label_layout_write_uid_fkey,f,product_label_layout,write_uid,res_users,id,n
product_label_layout_pkey,p,product_label_layout,id,,, 
product_label_layout_product_produ_product_label_layout_id_fkey,f,product_label_layout_product_product_rel,product_label_layout_id,product_label_layout,id,c
product_label_layout_product_product_re_product_product_id_fkey,f,product_label_layout_product_product_rel,product_product_id,product_product,id,c
product_label_layout_product_product_rel_pkey,p,product_label_layout_product_product_rel,"product_label_layout_id,product_product_id",,, 
product_label_layout_product_templ_product_label_layout_id_fkey,f,product_label_layout_product_template_rel,product_label_layout_id,product_label_layout,id,c
product_label_layout_product_template__product_template_id_fkey,f,product_label_layout_product_template_rel,product_template_id,product_template,id,c
product_label_layout_product_template_rel_pkey,p,product_label_layout_product_template_rel,"product_label_layout_id,product_template_id",,, 
product_pricelist_company_id_fkey,f,product_pricelist,company_id,res_company,id,n
product_pricelist_create_uid_fkey,f,product_pricelist,create_uid,res_users,id,n
product_pricelist_currency_id_fkey,f,product_pricelist,currency_id,res_currency,id,r
product_pricelist_write_uid_fkey,f,product_pricelist,write_uid,res_users,id,n
product_pricelist_pkey,p,product_pricelist,id,,, 
product_pricelist_item_base_pricelist_id_fkey,f,product_pricelist_item,base_pricelist_id,product_pricelist,id,n
product_pricelist_item_categ_id_fkey,f,product_pricelist_item,categ_id,product_category,id,c
product_pricelist_item_company_id_fkey,f,product_pricelist_item,company_id,res_company,id,n
product_pricelist_item_create_uid_fkey,f,product_pricelist_item,create_uid,res_users,id,n
product_pricelist_item_currency_id_fkey,f,product_pricelist_item,currency_id,res_currency,id,n
product_pricelist_item_pricelist_id_fkey,f,product_pricelist_item,pricelist_id,product_pricelist,id,c
product_pricelist_item_product_id_fkey,f,product_pricelist_item,product_id,product_product,id,c
product_pricelist_item_product_tmpl_id_fkey,f,product_pricelist_item,product_tmpl_id,product_template,id,c
product_pricelist_item_write_uid_fkey,f,product_pricelist_item,write_uid,res_users,id,n
product_pricelist_item_pkey,p,product_pricelist_item,id,,, 
product_product_create_uid_fkey,f,product_product,create_uid,res_users,id,n
product_product_product_tmpl_id_fkey,f,product_product,product_tmpl_id,product_template,id,c
product_product_write_uid_fkey,f,product_product,write_uid,res_users,id,n
product_product_pkey,p,product_product,id,,, 
product_supplier_taxes_rel_prod_id_fkey,f,product_supplier_taxes_rel,prod_id,product_template,id,c
product_supplier_taxes_rel_tax_id_fkey,f,product_supplier_taxes_rel,tax_id,account_tax,id,c
product_supplier_taxes_rel_pkey,p,product_supplier_taxes_rel,"prod_id,tax_id",,, 
product_supplierinfo_company_id_fkey,f,product_supplierinfo,company_id,res_company,id,n
product_supplierinfo_create_uid_fkey,f,product_supplierinfo,create_uid,res_users,id,n
product_supplierinfo_currency_id_fkey,f,product_supplierinfo,currency_id,res_currency,id,r
product_supplierinfo_partner_id_fkey,f,product_supplierinfo,partner_id,res_partner,id,c
product_supplierinfo_product_id_fkey,f,product_supplierinfo,product_id,product_product,id,n
product_supplierinfo_product_tmpl_id_fkey,f,product_supplierinfo,product_tmpl_id,product_template,id,c
product_supplierinfo_product_uom_id_fkey,f,product_supplierinfo,product_uom_id,uom_uom,id,r
product_supplierinfo_write_uid_fkey,f,product_supplierinfo,write_uid,res_users,id,n
product_supplierinfo_pkey,p,product_supplierinfo,id,,, 
product_tag_create_uid_fkey,f,product_tag,create_uid,res_users,id,n
product_tag_write_uid_fkey,f,product_tag,write_uid,res_users,id,n
product_tag_pkey,p,product_tag,id,,, 
product_tag_name_uniq,u,product_tag,name,,, 
product_tag_product_product_rel_product_product_id_fkey,f,product_tag_product_product_rel,product_product_id,product_product,id,c
product_tag_product_product_rel_product_tag_id_fkey,f,product_tag_product_product_rel,product_tag_id,product_tag,id,c
product_tag_product_product_rel_pkey,p,product_tag_product_product_rel,"product_product_id,product_tag_id",,, 
product_tag_product_template_rel_product_tag_id_fkey,f,product_tag_product_template_rel,product_tag_id,product_tag,id,c
product_tag_product_template_rel_product_template_id_fkey,f,product_tag_product_template_rel,product_template_id,product_template,id,c
product_tag_product_template_rel_pkey,p,product_tag_product_template_rel,"product_template_id,product_tag_id",,, 
product_taxes_rel_prod_id_fkey,f,product_taxes_rel,prod_id,product_template,id,c
product_taxes_rel_tax_id_fkey,f,product_taxes_rel,tax_id,account_tax,id,c
product_taxes_rel_pkey,p,product_taxes_rel,"prod_id,tax_id",,, 
product_template_categ_id_fkey,f,product_template,categ_id,product_category,id,n
product_template_company_id_fkey,f,product_template,company_id,res_company,id,n
product_template_create_uid_fkey,f,product_template,create_uid,res_users,id,n
product_template_uom_id_fkey,f,product_template,uom_id,uom_uom,id,r
product_template_write_uid_fkey,f,product_template,write_uid,res_users,id,n
product_template_pkey,p,product_template,id,,, 
product_template_attribute_ex_product_template_attribute_v_fkey,f,product_template_attribute_exclusion,product_template_attribute_value_id,product_template_attribute_value,id,c
product_template_attribute_exclusion_create_uid_fkey,f,product_template_attribute_exclusion,create_uid,res_users,id,n
product_template_attribute_exclusion_product_tmpl_id_fkey,f,product_template_attribute_exclusion,product_tmpl_id,product_template,id,c
product_template_attribute_exclusion_write_uid_fkey,f,product_template_attribute_exclusion,write_uid,res_users,id,n
product_template_attribute_exclusion_pkey,p,product_template_attribute_exclusion,id,,, 
product_template_attribute_line_attribute_id_fkey,f,product_template_attribute_line,attribute_id,product_attribute,id,r
product_template_attribute_line_create_uid_fkey,f,product_template_attribute_line,create_uid,res_users,id,n
product_template_attribute_line_product_tmpl_id_fkey,f,product_template_attribute_line,product_tmpl_id,product_template,id,c
product_template_attribute_line_write_uid_fkey,f,product_template_attribute_line,write_uid,res_users,id,n
product_template_attribute_line_pkey,p,product_template_attribute_line,id,,, 
product_template_attribute_valu_product_attribute_value_id_fkey,f,product_template_attribute_value,product_attribute_value_id,product_attribute_value,id,c
product_template_attribute_value_attribute_id_fkey,f,product_template_attribute_value,attribute_id,product_attribute,id,n
product_template_attribute_value_attribute_line_id_fkey,f,product_template_attribute_value,attribute_line_id,product_template_attribute_line,id,c
product_template_attribute_value_create_uid_fkey,f,product_template_attribute_value,create_uid,res_users,id,n
product_template_attribute_value_product_tmpl_id_fkey,f,product_template_attribute_value,product_tmpl_id,product_template,id,n
product_template_attribute_value_write_uid_fkey,f,product_template_attribute_value,write_uid,res_users,id,n
product_template_attribute_value_pkey,p,product_template_attribute_value,id,,, 
product_template_attribute_value_attribute_value_unique,u,product_template_attribute_value,"attribute_line_id,product_attribute_value_id",,, 
product_template_uom_uom_rel_product_template_id_fkey,f,product_template_uom_uom_rel,product_template_id,product_template,id,c
product_template_uom_uom_rel_uom_uom_id_fkey,f,product_template_uom_uom_rel,uom_uom_id,uom_uom,id,c
product_template_uom_uom_rel_pkey,p,product_template_uom_uom_rel,"product_template_id,uom_uom_id",,, 
product_uom_company_id_fkey,f,product_uom,company_id,res_company,id,n
product_uom_create_uid_fkey,f,product_uom,create_uid,res_users,id,n
product_uom_product_id_fkey,f,product_uom,product_id,product_product,id,c
product_uom_uom_id_fkey,f,product_uom,uom_id,uom_uom,id,c
product_uom_write_uid_fkey,f,product_uom,write_uid,res_users,id,n
product_uom_pkey,p,product_uom,id,,, 
product_uom_barcode_uniq,u,product_uom,barcode,,, 
product_variant_combination_product_product_id_fkey,f,product_variant_combination,product_product_id,product_product,id,c
product_variant_combination_product_template_attribute_val_fkey,f,product_variant_combination,product_template_attribute_value_id,product_template_attribute_value,id,r
product_variant_combination_pkey,p,product_variant_combination,"product_product_id,product_template_attribute_value_id",,, 
project_collaborator_create_uid_fkey,f,project_collaborator,create_uid,res_users,id,n
project_collaborator_partner_id_fkey,f,project_collaborator,partner_id,res_partner,id,r
project_collaborator_project_id_fkey,f,project_collaborator,project_id,project_project,id,r
project_collaborator_write_uid_fkey,f,project_collaborator,write_uid,res_users,id,n
project_collaborator_pkey,p,project_collaborator,id,,, 
project_collaborator_unique_collaborator,u,project_collaborator,"project_id,partner_id",,, 
project_favorite_user_rel_project_id_fkey,f,project_favorite_user_rel,project_id,project_project,id,c
project_favorite_user_rel_user_id_fkey,f,project_favorite_user_rel,user_id,res_users,id,c
project_favorite_user_rel_pkey,p,project_favorite_user_rel,"project_id,user_id",,, 
project_milestone_create_uid_fkey,f,project_milestone,create_uid,res_users,id,n
project_milestone_project_id_fkey,f,project_milestone,project_id,project_project,id,c
project_milestone_write_uid_fkey,f,project_milestone,write_uid,res_users,id,n
project_milestone_pkey,p,project_milestone,id,,, 
project_project_account_id_fkey,f,project_project,account_id,account_analytic_account,id,n
project_project_alias_id_fkey,f,project_project,alias_id,mail_alias,id,r
project_project_company_id_fkey,f,project_project,company_id,res_company,id,n
project_project_create_uid_fkey,f,project_project,create_uid,res_users,id,n
project_project_last_update_id_fkey,f,project_project,last_update_id,project_update,id,n
project_project_partner_id_fkey,f,project_project,partner_id,res_partner,id,n
project_project_stage_id_fkey,f,project_project,stage_id,project_project_stage,id,r
project_project_user_id_fkey,f,project_project,user_id,res_users,id,n
project_project_write_uid_fkey,f,project_project,write_uid,res_users,id,n
project_project_pkey,p,project_project,id,,, 
project_project_project_tags_rel_project_project_id_fkey,f,project_project_project_tags_rel,project_project_id,project_project,id,c
project_project_project_tags_rel_project_tags_id_fkey,f,project_project_project_tags_rel,project_tags_id,project_tags,id,c
project_project_project_tags_rel_pkey,p,project_project_project_tags_rel,"project_project_id,project_tags_id",,, 
project_project_project_task__project_task_type_delete_wiz_fkey,f,project_project_project_task_type_delete_wizard_rel,project_task_type_delete_wizard_id,project_task_type_delete_wizard,id,c
project_project_project_task_type_delet_project_project_id_fkey,f,project_project_project_task_type_delete_wizard_rel,project_project_id,project_project,id,c
project_project_project_task_type_delete_wizard_rel_pkey,p,project_project_project_task_type_delete_wizard_rel,"project_task_type_delete_wizard_id,project_project_id",,, 
project_project_stage_company_id_fkey,f,project_project_stage,company_id,res_company,id,n
project_project_stage_create_uid_fkey,f,project_project_stage,create_uid,res_users,id,n
project_project_stage_mail_template_id_fkey,f,project_project_stage,mail_template_id,mail_template,id,n
project_project_stage_sms_template_id_fkey,f,project_project_stage,sms_template_id,sms_template,id,n
project_project_stage_write_uid_fkey,f,project_project_stage,write_uid,res_users,id,n
project_project_stage_pkey,p,project_project_stage,id,,, 
project_project_stage_delete_wizard_create_uid_fkey,f,project_project_stage_delete_wizard,create_uid,res_users,id,n
project_project_stage_delete_wizard_write_uid_fkey,f,project_project_stage_delete_wizard,write_uid,res_users,id,n
project_project_stage_delete_wizard_pkey,p,project_project_stage_delete_wizard,id,,, 
project_project_stage_project_pro_project_project_stage_id_fkey,f,project_project_stage_project_project_stage_delete_wizard_rel,project_project_stage_id,project_project_stage,id,c
project_project_stage_project_project_project_stage_delete_fkey,f,project_project_stage_project_project_stage_delete_wizard_rel,project_project_stage_delete_wizard_id,project_project_stage_delete_wizard,id,c
project_project_stage_project_project_stage_delete_wizard__pkey,p,project_project_stage_project_project_stage_delete_wizard_rel,"project_project_stage_delete_wizard_id,project_project_stage_id",,, 
project_role_create_uid_fkey,f,project_role,create_uid,res_users,id,n
project_role_write_uid_fkey,f,project_role,write_uid,res_users,id,n
project_role_pkey,p,project_role,id,,, 
project_role_project_task_rel_project_role_id_fkey,f,project_role_project_task_rel,project_role_id,project_role,id,c
project_role_project_task_rel_project_task_id_fkey,f,project_role_project_task_rel,project_task_id,project_task,id,c
project_role_project_task_rel_pkey,p,project_role_project_task_rel,"project_task_id,project_role_id",,, 
project_share_collaborator_wizard_create_uid_fkey,f,project_share_collaborator_wizard,create_uid,res_users,id,n
project_share_collaborator_wizard_parent_wizard_id_fkey,f,project_share_collaborator_wizard,parent_wizard_id,project_share_wizard,id,n
project_share_collaborator_wizard_partner_id_fkey,f,project_share_collaborator_wizard,partner_id,res_partner,id,c
project_share_collaborator_wizard_write_uid_fkey,f,project_share_collaborator_wizard,write_uid,res_users,id,n
project_share_collaborator_wizard_pkey,p,project_share_collaborator_wizard,id,,, 
project_share_wizard_create_uid_fkey,f,project_share_wizard,create_uid,res_users,id,n
project_share_wizard_write_uid_fkey,f,project_share_wizard,write_uid,res_users,id,n
project_share_wizard_pkey,p,project_share_wizard,id,,, 
project_share_wizard_res_partner_r_project_share_wizard_id_fkey,f,project_share_wizard_res_partner_rel,project_share_wizard_id,project_share_wizard,id,c
project_share_wizard_res_partner_rel_res_partner_id_fkey,f,project_share_wizard_res_partner_rel,res_partner_id,res_partner,id,c
project_share_wizard_res_partner_rel_pkey,p,project_share_wizard_res_partner_rel,"project_share_wizard_id,res_partner_id",,, 
project_tags_create_uid_fkey,f,project_tags,create_uid,res_users,id,n
project_tags_write_uid_fkey,f,project_tags,write_uid,res_users,id,n
project_tags_pkey,p,project_tags,id,,, 
project_tags_name_uniq,u,project_tags,name,,, 
project_tags_project_task_rel_project_tags_id_fkey,f,project_tags_project_task_rel,project_tags_id,project_tags,id,c
project_tags_project_task_rel_project_task_id_fkey,f,project_tags_project_task_rel,project_task_id,project_task,id,c
project_tags_project_task_rel_pkey,p,project_tags_project_task_rel,"project_task_id,project_tags_id",,, 
project_task_company_id_fkey,f,project_task,company_id,res_company,id,n
project_task_create_uid_fkey,f,project_task,create_uid,res_users,id,n
project_task_displayed_image_id_fkey,f,project_task,displayed_image_id,ir_attachment,id,n
project_task_milestone_id_fkey,f,project_task,milestone_id,project_milestone,id,n
project_task_parent_id_fkey,f,project_task,parent_id,project_task,id,n
project_task_partner_id_fkey,f,project_task,partner_id,res_partner,id,n
project_task_project_id_fkey,f,project_task,project_id,project_project,id,n
project_task_recurrence_id_fkey,f,project_task,recurrence_id,project_task_recurrence,id,n
project_task_stage_id_fkey,f,project_task,stage_id,project_task_type,id,r
project_task_write_uid_fkey,f,project_task,write_uid,res_users,id,n
project_task_pkey,p,project_task,id,,, 
project_task_recurrence_create_uid_fkey,f,project_task_recurrence,create_uid,res_users,id,n
project_task_recurrence_write_uid_fkey,f,project_task_recurrence,write_uid,res_users,id,n
project_task_recurrence_pkey,p,project_task_recurrence,id,,, 
project_task_type_create_uid_fkey,f,project_task_type,create_uid,res_users,id,n
project_task_type_mail_template_id_fkey,f,project_task_type,mail_template_id,mail_template,id,n
project_task_type_rating_template_id_fkey,f,project_task_type,rating_template_id,mail_template,id,n
project_task_type_sms_template_id_fkey,f,project_task_type,sms_template_id,sms_template,id,n
project_task_type_user_id_fkey,f,project_task_type,user_id,res_users,id,n
project_task_type_write_uid_fkey,f,project_task_type,write_uid,res_users,id,n
project_task_type_pkey,p,project_task_type,id,,, 
project_task_type_delete_wizard_create_uid_fkey,f,project_task_type_delete_wizard,create_uid,res_users,id,n
project_task_type_delete_wizard_write_uid_fkey,f,project_task_type_delete_wizard,write_uid,res_users,id,n
project_task_type_delete_wizard_pkey,p,project_task_type_delete_wizard,id,,, 
project_task_type_project_tas_project_task_type_delete_wiz_fkey,f,project_task_type_project_task_type_delete_wizard_rel,project_task_type_delete_wizard_id,project_task_type_delete_wizard,id,c
project_task_type_project_task_type_d_project_task_type_id_fkey,f,project_task_type_project_task_type_delete_wizard_rel,project_task_type_id,project_task_type,id,c
project_task_type_project_task_type_delete_wizard_rel_pkey,p,project_task_type_project_task_type_delete_wizard_rel,"project_task_type_delete_wizard_id,project_task_type_id",,, 
project_task_type_rel_project_id_fkey,f,project_task_type_rel,project_id,project_project,id,c
project_task_type_rel_type_id_fkey,f,project_task_type_rel,type_id,project_task_type,id,c
project_task_type_rel_pkey,p,project_task_type_rel,"project_id,type_id",,, 
project_task_user_rel_create_uid_fkey,f,project_task_user_rel,create_uid,res_users,id,n
project_task_user_rel_stage_id_fkey,f,project_task_user_rel,stage_id,project_task_type,id,r
project_task_user_rel_task_id_fkey,f,project_task_user_rel,task_id,project_task,id,c
project_task_user_rel_user_id_fkey,f,project_task_user_rel,user_id,res_users,id,c
project_task_user_rel_write_uid_fkey,f,project_task_user_rel,write_uid,res_users,id,n
project_task_user_rel_pkey,p,project_task_user_rel,id,,, 
project_task_user_rel_project_personal_stage_unique,u,project_task_user_rel,"task_id,user_id",,, 
project_template_create_wizard_alias_domain_id_fkey,f,project_template_create_wizard,alias_domain_id,mail_alias_domain,id,n
project_template_create_wizard_create_uid_fkey,f,project_template_create_wizard,create_uid,res_users,id,n
project_template_create_wizard_template_id_fkey,f,project_template_create_wizard,template_id,project_project,id,n
project_template_create_wizard_write_uid_fkey,f,project_template_create_wizard,write_uid,res_users,id,n
project_template_create_wizard_pkey,p,project_template_create_wizard,id,,, 
project_template_role_to_users_map_create_uid_fkey,f,project_template_role_to_users_map,create_uid,res_users,id,n
project_template_role_to_users_map_role_id_fkey,f,project_template_role_to_users_map,role_id,project_role,id,c
project_template_role_to_users_map_wizard_id_fkey,f,project_template_role_to_users_map,wizard_id,project_template_create_wizard,id,n
project_template_role_to_users_map_write_uid_fkey,f,project_template_role_to_users_map,write_uid,res_users,id,n
project_template_role_to_users_map_pkey,p,project_template_role_to_users_map,id,,, 
project_template_role_to_user_project_template_role_to_use_fkey,f,project_template_role_to_users_map_res_users_rel,project_template_role_to_users_map_id,project_template_role_to_users_map,id,c
project_template_role_to_users_map_res_users__res_users_id_fkey,f,project_template_role_to_users_map_res_users_rel,res_users_id,res_users,id,c
project_template_role_to_users_map_res_users_rel_pkey,p,project_template_role_to_users_map_res_users_rel,"project_template_role_to_users_map_id,res_users_id",,, 
project_update_create_uid_fkey,f,project_update,create_uid,res_users,id,n
project_update_project_id_fkey,f,project_update,project_id,project_project,id,r
project_update_uom_id_fkey,f,project_update,uom_id,uom_uom,id,n
project_update_user_id_fkey,f,project_update,user_id,res_users,id,r
project_update_write_uid_fkey,f,project_update,write_uid,res_users,id,n
project_update_pkey,p,project_update,id,,, 
properties_base_definition_create_uid_fkey,f,properties_base_definition,create_uid,res_users,id,n
properties_base_definition_properties_field_id_fkey,f,properties_base_definition,properties_field_id,ir_model_fields,id,c
properties_base_definition_write_uid_fkey,f,properties_base_definition,write_uid,res_users,id,n
properties_base_definition_pkey,p,properties_base_definition,id,,, 
properties_base_definition_unique_properties_field_id,u,properties_base_definition,properties_field_id,,, 
rating_rating_create_uid_fkey,f,rating_rating,create_uid,res_users,id,n
rating_rating_message_id_fkey,f,rating_rating,message_id,mail_message,id,c
rating_rating_parent_res_model_id_fkey,f,rating_rating,parent_res_model_id,ir_model,id,c
rating_rating_partner_id_fkey,f,rating_rating,partner_id,res_partner,id,n
rating_rating_publisher_id_fkey,f,rating_rating,publisher_id,res_partner,id,n
rating_rating_rated_partner_id_fkey,f,rating_rating,rated_partner_id,res_partner,id,n
rating_rating_res_model_id_fkey,f,rating_rating,res_model_id,ir_model,id,c
rating_rating_write_uid_fkey,f,rating_rating,write_uid,res_users,id,n
rating_rating_pkey,p,rating_rating,id,,, 
rel_badge_auth_users_gamification_badge_id_fkey,f,rel_badge_auth_users,gamification_badge_id,gamification_badge,id,c
rel_badge_auth_users_res_users_id_fkey,f,rel_badge_auth_users,res_users_id,res_users,id,c
rel_badge_auth_users_pkey,p,rel_badge_auth_users,"gamification_badge_id,res_users_id",,, 
rel_modules_langexport_module_id_fkey,f,rel_modules_langexport,module_id,ir_module_module,id,c
rel_modules_langexport_wiz_id_fkey,f,rel_modules_langexport,wiz_id,base_language_export,id,c
rel_modules_langexport_pkey,p,rel_modules_langexport,"wiz_id,module_id",,, 
report_layout_create_uid_fkey,f,report_layout,create_uid,res_users,id,n
report_layout_view_id_fkey,f,report_layout,view_id,ir_ui_view,id,r
report_layout_write_uid_fkey,f,report_layout,write_uid,res_users,id,n
report_layout_pkey,p,report_layout,id,,, 
report_paperformat_create_uid_fkey,f,report_paperformat,create_uid,res_users,id,n
report_paperformat_write_uid_fkey,f,report_paperformat,write_uid,res_users,id,n
report_paperformat_pkey,p,report_paperformat,id,,, 
res_bank_country_fkey,f,res_bank,country,res_country,id,n
res_bank_create_uid_fkey,f,res_bank,create_uid,res_users,id,n
res_bank_state_fkey,f,res_bank,state,res_country_state,id,n
res_bank_write_uid_fkey,f,res_bank,write_uid,res_users,id,n
res_bank_pkey,p,res_bank,id,,, 
res_company_account_cash_basis_base_account_id_fkey,f,res_company,account_cash_basis_base_account_id,account_account,id,n
res_company_account_default_pos_receivable_account_id_fkey,f,res_company,account_default_pos_receivable_account_id,account_account,id,n
res_company_account_discount_expense_allocation_id_fkey,f,res_company,account_discount_expense_allocation_id,account_account,id,n
res_company_account_discount_income_allocation_id_fkey,f,res_company,account_discount_income_allocation_id,account_account,id,n
res_company_account_fiscal_country_id_fkey,f,res_company,account_fiscal_country_id,res_country,id,n
res_company_account_journal_early_pay_discount_gain_accoun_fkey,f,res_company,account_journal_early_pay_discount_gain_account_id,account_account,id,n
res_company_account_journal_early_pay_discount_loss_accoun_fkey,f,res_company,account_journal_early_pay_discount_loss_account_id,account_account,id,n
res_company_account_journal_suspense_account_id_fkey,f,res_company,account_journal_suspense_account_id,account_account,id,n
res_company_account_opening_move_id_fkey,f,res_company,account_opening_move_id,account_move,id,n
res_company_account_purchase_receipt_fiscal_position_id_fkey,f,res_company,account_purchase_receipt_fiscal_position_id,account_fiscal_position,id,n
res_company_account_purchase_tax_id_fkey,f,res_company,account_purchase_tax_id,account_tax,id,n
res_company_account_sale_tax_id_fkey,f,res_company,account_sale_tax_id,account_tax,id,n
res_company_alias_domain_id_fkey,f,res_company,alias_domain_id,mail_alias_domain,id,n
res_company_automatic_entry_default_journal_id_fkey,f,res_company,automatic_entry_default_journal_id,account_journal,id,n
res_company_batch_payment_sequence_id_fkey,f,res_company,batch_payment_sequence_id,ir_sequence,id,n
res_company_create_uid_fkey,f,res_company,create_uid,res_users,id,n
res_company_currency_exchange_journal_id_fkey,f,res_company,currency_exchange_journal_id,account_journal,id,n
res_company_currency_id_fkey,f,res_company,currency_id,res_currency,id,r
res_company_default_cash_difference_expense_account_id_fkey,f,res_company,default_cash_difference_expense_account_id,account_account,id,n
res_company_default_cash_difference_income_account_id_fkey,f,res_company,default_cash_difference_income_account_id,account_account,id,n
res_company_domestic_fiscal_position_id_fkey,f,res_company,domestic_fiscal_position_id,account_fiscal_position,id,n
res_company_expense_account_id_fkey,f,res_company,expense_account_id,account_account,id,n
res_company_expense_accrual_account_id_fkey,f,res_company,expense_accrual_account_id,account_account,id,n
res_company_expense_currency_exchange_account_id_fkey,f,res_company,expense_currency_exchange_account_id,account_account,id,n
res_company_expense_journal_id_fkey,f,res_company,expense_journal_id,account_journal,id,n
res_company_external_report_layout_id_fkey,f,res_company,external_report_layout_id,ir_ui_view,id,n
res_company_income_account_id_fkey,f,res_company,income_account_id,account_account,id,n
res_company_income_currency_exchange_account_id_fkey,f,res_company,income_currency_exchange_account_id,account_account,id,n
res_company_incoterm_id_fkey,f,res_company,incoterm_id,account_incoterms,id,n
res_company_internal_project_id_fkey,f,res_company,internal_project_id,project_project,id,n
res_company_l10n_in_pan_entity_id_fkey,f,res_company,l10n_in_pan_entity_id,l10n_in_pan_entity,id,n
res_company_l10n_in_withholding_account_id_fkey,f,res_company,l10n_in_withholding_account_id,account_account,id,n
res_company_l10n_in_withholding_journal_id_fkey,f,res_company,l10n_in_withholding_journal_id,account_journal,id,n
res_company_leave_timesheet_task_id_fkey,f,res_company,leave_timesheet_task_id,project_task,id,n
res_company_nomenclature_id_fkey,f,res_company,nomenclature_id,barcode_nomenclature,id,n
res_company_paperformat_id_fkey,f,res_company,paperformat_id,report_paperformat,id,n
res_company_parent_id_fkey,f,res_company,parent_id,res_company,id,r
res_company_partner_id_fkey,f,res_company,partner_id,res_partner,id,r
res_company_price_difference_account_id_fkey,f,res_company,price_difference_account_id,account_account,id,n
res_company_project_time_mode_id_fkey,f,res_company,project_time_mode_id,uom_uom,id,n
res_company_resource_calendar_id_fkey,f,res_company,resource_calendar_id,resource_calendar,id,r
res_company_revenue_accrual_account_id_fkey,f,res_company,revenue_accrual_account_id,account_account,id,n
res_company_tax_cash_basis_journal_id_fkey,f,res_company,tax_cash_basis_journal_id,account_journal,id,n
res_company_timesheet_encode_uom_id_fkey,f,res_company,timesheet_encode_uom_id,uom_uom,id,n
res_company_transfer_account_id_fkey,f,res_company,transfer_account_id,account_account,id,n
res_company_write_uid_fkey,f,res_company,write_uid,res_users,id,n
res_company_pkey,p,res_company,id,,, 
res_company_name_uniq,u,res_company,name,,, 
res_company_spreadsheet_dashboard_rel_res_company_id_fkey,f,res_company_spreadsheet_dashboard_rel,res_company_id,res_company,id,c
res_company_spreadsheet_dashboard_spreadsheet_dashboard_id_fkey,f,res_company_spreadsheet_dashboard_rel,spreadsheet_dashboard_id,spreadsheet_dashboard,id,c
res_company_spreadsheet_dashboard_rel_pkey,p,res_company_spreadsheet_dashboard_rel,"spreadsheet_dashboard_id,res_company_id",,, 
res_company_users_rel_cid_fkey,f,res_company_users_rel,cid,res_company,id,c
res_company_users_rel_user_id_fkey,f,res_company_users_rel,user_id,res_users,id,c
res_company_users_rel_pkey,p,res_company_users_rel,"cid,user_id",,, 
res_config_create_uid_fkey,f,res_config,create_uid,res_users,id,n
res_config_write_uid_fkey,f,res_config,write_uid,res_users,id,n
res_config_pkey,p,res_config,id,,, 
res_config_settings_auth_signup_template_user_id_fkey,f,res_config_settings,auth_signup_template_user_id,res_users,id,n
res_config_settings_company_id_fkey,f,res_config_settings,company_id,res_company,id,c
res_config_settings_create_uid_fkey,f,res_config_settings,create_uid,res_users,id,n
res_config_settings_digest_id_fkey,f,res_config_settings,digest_id,digest_digest,id,n
res_config_settings_geoloc_provider_id_fkey,f,res_config_settings,geoloc_provider_id,base_geo_provider,id,n
res_config_settings_write_uid_fkey,f,res_config_settings,write_uid,res_users,id,n
res_config_settings_pkey,p,res_config_settings,id,,, 
res_country_address_view_id_fkey,f,res_country,address_view_id,ir_ui_view,id,n
res_country_create_uid_fkey,f,res_country,create_uid,res_users,id,n
res_country_currency_id_fkey,f,res_country,currency_id,res_currency,id,n
res_country_write_uid_fkey,f,res_country,write_uid,res_users,id,n
res_country_pkey,p,res_country,id,,, 
res_country_code_uniq,u,res_country,code,,, 
res_country_name_uniq,u,res_country,name,,, 
res_country_group_create_uid_fkey,f,res_country_group,create_uid,res_users,id,n
res_country_group_write_uid_fkey,f,res_country_group,write_uid,res_users,id,n
res_country_group_pkey,p,res_country_group,id,,, 
res_country_group_check_code_uniq,u,res_country_group,code,,, 
res_country_group_pricelist_rel_pricelist_id_fkey,f,res_country_group_pricelist_rel,pricelist_id,product_pricelist,id,c
res_country_group_pricelist_rel_res_country_group_id_fkey,f,res_country_group_pricelist_rel,res_country_group_id,res_country_group,id,c
res_country_group_pricelist_rel_pkey,p,res_country_group_pricelist_rel,"pricelist_id,res_country_group_id",,, 
res_country_group_res_country_state_r_res_country_group_id_fkey,f,res_country_group_res_country_state_rel,res_country_group_id,res_country_group,id,c
res_country_group_res_country_state_r_res_country_state_id_fkey,f,res_country_group_res_country_state_rel,res_country_state_id,res_country_state,id,c
res_country_group_res_country_state_rel_pkey,p,res_country_group_res_country_state_rel,"res_country_group_id,res_country_state_id",,, 
res_country_res_country_group_rel_res_country_group_id_fkey,f,res_country_res_country_group_rel,res_country_group_id,res_country_group,id,c
res_country_res_country_group_rel_res_country_id_fkey,f,res_country_res_country_group_rel,res_country_id,res_country,id,c
res_country_res_country_group_rel_pkey,p,res_country_res_country_group_rel,"res_country_id,res_country_group_id",,, 
res_country_state_country_id_fkey,f,res_country_state,country_id,res_country,id,r
res_country_state_create_uid_fkey,f,res_country_state,create_uid,res_users,id,n
res_country_state_write_uid_fkey,f,res_country_state,write_uid,res_users,id,n
res_country_state_pkey,p,res_country_state,id,,, 
res_country_state_name_code_uniq,u,res_country_state,"country_id,code",,, 
res_currency_create_uid_fkey,f,res_currency,create_uid,res_users,id,n
res_currency_write_uid_fkey,f,res_currency,write_uid,res_users,id,n
res_currency_pkey,p,res_currency,id,,, 
res_currency_unique_name,u,res_currency,name,,, 
res_currency_rate_company_id_fkey,f,res_currency_rate,company_id,res_company,id,n
res_currency_rate_create_uid_fkey,f,res_currency_rate,create_uid,res_users,id,n
res_currency_rate_currency_id_fkey,f,res_currency_rate,currency_id,res_currency,id,c
res_currency_rate_write_uid_fkey,f,res_currency_rate,write_uid,res_users,id,n
res_currency_rate_pkey,p,res_currency_rate,id,,, 
res_currency_rate_unique_name_per_day,u,res_currency_rate,"name,currency_id,company_id",,, 
res_device_log_create_uid_fkey,f,res_device_log,create_uid,res_users,id,n
res_device_log_user_id_fkey,f,res_device_log,user_id,res_users,id,n
res_device_log_write_uid_fkey,f,res_device_log,write_uid,res_users,id,n
res_device_log_pkey,p,res_device_log,id,,, 
res_groups_create_uid_fkey,f,res_groups,create_uid,res_users,id,n
res_groups_privilege_id_fkey,f,res_groups,privilege_id,res_groups_privilege,id,n
res_groups_write_uid_fkey,f,res_groups,write_uid,res_users,id,n
res_groups_pkey,p,res_groups,id,,, 
res_groups_name_uniq,u,res_groups,"privilege_id,name",,, 
res_groups_implied_rel_gid_fkey,f,res_groups_implied_rel,gid,res_groups,id,c
res_groups_implied_rel_hid_fkey,f,res_groups_implied_rel,hid,res_groups,id,c
res_groups_implied_rel_pkey,p,res_groups_implied_rel,"gid,hid",,, 
res_groups_privilege_category_id_fkey,f,res_groups_privilege,category_id,ir_module_category,id,n
res_groups_privilege_create_uid_fkey,f,res_groups_privilege,create_uid,res_users,id,n
res_groups_privilege_write_uid_fkey,f,res_groups_privilege,write_uid,res_users,id,n
res_groups_privilege_pkey,p,res_groups_privilege,id,,, 
res_groups_report_rel_gid_fkey,f,res_groups_report_rel,gid,res_groups,id,c
res_groups_report_rel_uid_fkey,f,res_groups_report_rel,uid,ir_act_report_xml,id,c
res_groups_report_rel_pkey,p,res_groups_report_rel,"uid,gid",,, 
res_groups_spreadsheet_dashboard__spreadsheet_dashboard_id_fkey,f,res_groups_spreadsheet_dashboard_rel,spreadsheet_dashboard_id,spreadsheet_dashboard,id,c
res_groups_spreadsheet_dashboard_rel_res_groups_id_fkey,f,res_groups_spreadsheet_dashboard_rel,res_groups_id,res_groups,id,c
res_groups_spreadsheet_dashboard_rel_pkey,p,res_groups_spreadsheet_dashboard_rel,"spreadsheet_dashboard_id,res_groups_id",,, 
res_groups_users_rel_gid_fkey,f,res_groups_users_rel,gid,res_groups,id,c
res_groups_users_rel_uid_fkey,f,res_groups_users_rel,uid,res_users,id,c
res_groups_users_rel_pkey,p,res_groups_users_rel,"gid,uid",,, 
res_lang_create_uid_fkey,f,res_lang,create_uid,res_users,id,n
res_lang_write_uid_fkey,f,res_lang,write_uid,res_users,id,n
res_lang_pkey,p,res_lang,id,,, 
res_lang_code_uniq,u,res_lang,code,,, 
res_lang_name_uniq,u,res_lang,name,,, 
res_lang_url_code_uniq,u,res_lang,url_code,,, 
res_lang_install_rel_lang_id_fkey,f,res_lang_install_rel,lang_id,res_lang,id,c
res_lang_install_rel_language_wizard_id_fkey,f,res_lang_install_rel,language_wizard_id,base_language_install,id,c
res_lang_install_rel_pkey,p,res_lang_install_rel,"language_wizard_id,lang_id",,, 
res_lang_survey_survey_rel_res_lang_id_fkey,f,res_lang_survey_survey_rel,res_lang_id,res_lang,id,c
res_lang_survey_survey_rel_survey_survey_id_fkey,f,res_lang_survey_survey_rel,survey_survey_id,survey_survey,id,c
res_lang_survey_survey_rel_pkey,p,res_lang_survey_survey_rel,"survey_survey_id,res_lang_id",,, 
res_partner_commercial_partner_id_fkey,f,res_partner,commercial_partner_id,res_partner,id,n
res_partner_company_id_fkey,f,res_partner,company_id,res_company,id,n
res_partner_country_id_fkey,f,res_partner,country_id,res_country,id,r
res_partner_create_uid_fkey,f,res_partner,create_uid,res_users,id,n
res_partner_industry_id_fkey,f,res_partner,industry_id,res_partner_industry,id,n
res_partner_invoice_template_pdf_report_id_fkey,f,res_partner,invoice_template_pdf_report_id,ir_act_report_xml,id,n
res_partner_l10n_in_pan_entity_id_fkey,f,res_partner,l10n_in_pan_entity_id,l10n_in_pan_entity,id,r
res_partner_parent_id_fkey,f,res_partner,parent_id,res_partner,id,n
res_partner_state_id_fkey,f,res_partner,state_id,res_country_state,id,r
res_partner_user_id_fkey,f,res_partner,user_id,res_users,id,n
res_partner_write_uid_fkey,f,res_partner,write_uid,res_users,id,n
res_partner_pkey,p,res_partner,id,,, 
res_partner_bank_bank_id_fkey,f,res_partner_bank,bank_id,res_bank,id,n
res_partner_bank_company_id_fkey,f,res_partner_bank,company_id,res_company,id,n
res_partner_bank_create_uid_fkey,f,res_partner_bank,create_uid,res_users,id,n
res_partner_bank_currency_id_fkey,f,res_partner_bank,currency_id,res_currency,id,n
res_partner_bank_partner_id_fkey,f,res_partner_bank,partner_id,res_partner,id,c
res_partner_bank_write_uid_fkey,f,res_partner_bank,write_uid,res_users,id,n
res_partner_bank_pkey,p,res_partner_bank,id,,, 
res_partner_bank_unique_number,u,res_partner_bank,"sanitized_acc_number,partner_id",,, 
res_partner_category_create_uid_fkey,f,res_partner_category,create_uid,res_users,id,n
res_partner_category_parent_id_fkey,f,res_partner_category,parent_id,res_partner_category,id,c
res_partner_category_write_uid_fkey,f,res_partner_category,write_uid,res_users,id,n
res_partner_category_pkey,p,res_partner_category,id,,, 
res_partner_industry_create_uid_fkey,f,res_partner_industry,create_uid,res_users,id,n
res_partner_industry_write_uid_fkey,f,res_partner_industry,write_uid,res_users,id,n
res_partner_industry_pkey,p,res_partner_industry,id,,, 
res_partner_res_partner_category_rel_category_id_fkey,f,res_partner_res_partner_category_rel,category_id,res_partner_category,id,c
res_partner_res_partner_category_rel_partner_id_fkey,f,res_partner_res_partner_category_rel,partner_id,res_partner,id,c
res_partner_res_partner_category_rel_pkey,p,res_partner_res_partner_category_rel,"category_id,partner_id",,, 
res_partner_task_share_wizard_rel_res_partner_id_fkey,f,res_partner_task_share_wizard_rel,res_partner_id,res_partner,id,c
res_partner_task_share_wizard_rel_task_share_wizard_id_fkey,f,res_partner_task_share_wizard_rel,task_share_wizard_id,task_share_wizard,id,c
res_partner_task_share_wizard_rel_pkey,p,res_partner_task_share_wizard_rel,"task_share_wizard_id,res_partner_id",,, 
res_role_create_uid_fkey,f,res_role,create_uid,res_users,id,n
res_role_write_uid_fkey,f,res_role,write_uid,res_users,id,n
res_role_pkey,p,res_role,id,,, 
res_role_res_users_rel_res_role_id_fkey,f,res_role_res_users_rel,res_role_id,res_role,id,c
res_role_res_users_rel_res_users_id_fkey,f,res_role_res_users_rel,res_users_id,res_users,id,c
res_role_res_users_rel_pkey,p,res_role_res_users_rel,"res_role_id,res_users_id",,, 
res_users_company_id_fkey,f,res_users,company_id,res_company,id,r
res_users_create_uid_fkey,f,res_users,create_uid,res_users,id,n
res_users_next_rank_id_fkey,f,res_users,next_rank_id,gamification_karma_rank,id,n
res_users_partner_id_fkey,f,res_users,partner_id,res_partner,id,r
res_users_rank_id_fkey,f,res_users,rank_id,gamification_karma_rank,id,n
res_users_write_uid_fkey,f,res_users,write_uid,res_users,id,n
res_users_pkey,p,res_users,id,,, 
res_users_login_key,u,res_users,login,,, 
res_users_apikeys_user_id_fkey,f,res_users_apikeys,user_id,res_users,id,c
res_users_apikeys_pkey,p,res_users_apikeys,id,,, 
res_users_apikeys_description_create_uid_fkey,f,res_users_apikeys_description,create_uid,res_users,id,n
res_users_apikeys_description_write_uid_fkey,f,res_users_apikeys_description,write_uid,res_users,id,n
res_users_apikeys_description_pkey,p,res_users_apikeys_description,id,,, 
res_users_deletion_create_uid_fkey,f,res_users_deletion,create_uid,res_users,id,n
res_users_deletion_user_id_fkey,f,res_users_deletion,user_id,res_users,id,n
res_users_deletion_write_uid_fkey,f,res_users_deletion,write_uid,res_users,id,n
res_users_deletion_pkey,p,res_users_deletion,id,,, 
res_users_identitycheck_create_uid_fkey,f,res_users_identitycheck,create_uid,res_users,id,n
res_users_identitycheck_write_uid_fkey,f,res_users_identitycheck,write_uid,res_users,id,n
res_users_identitycheck_pkey,p,res_users_identitycheck,id,,, 
res_users_log_create_uid_fkey,f,res_users_log,create_uid,res_users,id,n
res_users_log_write_uid_fkey,f,res_users_log,write_uid,res_users,id,n
res_users_log_pkey,p,res_users_log,id,,, 
res_users_settings_create_uid_fkey,f,res_users_settings,create_uid,res_users,id,n
res_users_settings_user_id_fkey,f,res_users_settings,user_id,res_users,id,c
res_users_settings_write_uid_fkey,f,res_users_settings,write_uid,res_users,id,n
res_users_settings_pkey,p,res_users_settings,id,,, 
res_users_settings_unique_user_id,u,res_users_settings,user_id,,, 
res_users_settings_embedded_action_action_id_fkey,f,res_users_settings_embedded_action,action_id,ir_act_window,id,c
res_users_settings_embedded_action_create_uid_fkey,f,res_users_settings_embedded_action,create_uid,res_users,id,n
res_users_settings_embedded_action_user_setting_id_fkey,f,res_users_settings_embedded_action,user_setting_id,res_users_settings,id,c
res_users_settings_embedded_action_write_uid_fkey,f,res_users_settings_embedded_action,write_uid,res_users,id,n
res_users_settings_embedded_action_pkey,p,res_users_settings_embedded_action,id,,, 
res_users_settings_embedded_action_res_user_settings_e_91890fa3,u,res_users_settings_embedded_action,"user_setting_id,action_id,res_id",,, 
res_users_settings_volumes_create_uid_fkey,f,res_users_settings_volumes,create_uid,res_users,id,n
res_users_settings_volumes_guest_id_fkey,f,res_users_settings_volumes,guest_id,res_partner,id,c
res_users_settings_volumes_partner_id_fkey,f,res_users_settings_volumes,partner_id,res_partner,id,c
res_users_settings_volumes_user_setting_id_fkey,f,res_users_settings_volumes,user_setting_id,res_users_settings,id,c
res_users_settings_volumes_write_uid_fkey,f,res_users_settings_volumes,write_uid,res_users,id,n
res_users_settings_volumes_pkey,p,res_users_settings_volumes,id,,, 
res_users_spreadsheet_dashboard_r_spreadsheet_dashboard_id_fkey,f,res_users_spreadsheet_dashboard_rel,spreadsheet_dashboard_id,spreadsheet_dashboard,id,c
res_users_spreadsheet_dashboard_rel_res_users_id_fkey,f,res_users_spreadsheet_dashboard_rel,res_users_id,res_users,id,c
res_users_spreadsheet_dashboard_rel_pkey,p,res_users_spreadsheet_dashboard_rel,"spreadsheet_dashboard_id,res_users_id",,, 
res_users_survey_survey_rel_res_users_id_fkey,f,res_users_survey_survey_rel,res_users_id,res_users,id,c
res_users_survey_survey_rel_survey_survey_id_fkey,f,res_users_survey_survey_rel,survey_survey_id,survey_survey,id,c
res_users_survey_survey_rel_pkey,p,res_users_survey_survey_rel,"survey_survey_id,res_users_id",,, 
res_users_web_tour_tour_rel_res_users_id_fkey,f,res_users_web_tour_tour_rel,res_users_id,res_users,id,c
res_users_web_tour_tour_rel_web_tour_tour_id_fkey,f,res_users_web_tour_tour_rel,web_tour_tour_id,web_tour_tour,id,c
res_users_web_tour_tour_rel_pkey,p,res_users_web_tour_tour_rel,"web_tour_tour_id,res_users_id",,, 
reset_view_arch_wizard_compare_view_id_fkey,f,reset_view_arch_wizard,compare_view_id,ir_ui_view,id,n
reset_view_arch_wizard_create_uid_fkey,f,reset_view_arch_wizard,create_uid,res_users,id,n
reset_view_arch_wizard_view_id_fkey,f,reset_view_arch_wizard,view_id,ir_ui_view,id,n
reset_view_arch_wizard_write_uid_fkey,f,reset_view_arch_wizard,write_uid,res_users,id,n
reset_view_arch_wizard_pkey,p,reset_view_arch_wizard,id,,, 
resource_calendar_company_id_fkey,f,resource_calendar,company_id,res_company,id,n
resource_calendar_create_uid_fkey,f,resource_calendar,create_uid,res_users,id,n
resource_calendar_write_uid_fkey,f,resource_calendar,write_uid,res_users,id,n
resource_calendar_pkey,p,resource_calendar,id,,, 
resource_calendar_attendance_calendar_id_fkey,f,resource_calendar_attendance,calendar_id,resource_calendar,id,c
resource_calendar_attendance_create_uid_fkey,f,resource_calendar_attendance,create_uid,res_users,id,n
resource_calendar_attendance_write_uid_fkey,f,resource_calendar_attendance,write_uid,res_users,id,n
resource_calendar_attendance_pkey,p,resource_calendar_attendance,id,,, 
resource_calendar_leaves_calendar_id_fkey,f,resource_calendar_leaves,calendar_id,resource_calendar,id,n
resource_calendar_leaves_company_id_fkey,f,resource_calendar_leaves,company_id,res_company,id,n
resource_calendar_leaves_create_uid_fkey,f,resource_calendar_leaves,create_uid,res_users,id,n
resource_calendar_leaves_holiday_id_fkey,f,resource_calendar_leaves,holiday_id,hr_leave,id,n
resource_calendar_leaves_resource_id_fkey,f,resource_calendar_leaves,resource_id,resource_resource,id,n
resource_calendar_leaves_write_uid_fkey,f,resource_calendar_leaves,write_uid,res_users,id,n
resource_calendar_leaves_pkey,p,resource_calendar_leaves,id,,, 
resource_resource_calendar_id_fkey,f,resource_resource,calendar_id,resource_calendar,id,n
resource_resource_company_id_fkey,f,resource_resource,company_id,res_company,id,n
resource_resource_create_uid_fkey,f,resource_resource,create_uid,res_users,id,n
resource_resource_user_id_fkey,f,resource_resource,user_id,res_users,id,n
resource_resource_write_uid_fkey,f,resource_resource,write_uid,res_users,id,n
resource_resource_pkey,p,resource_resource,id,,, 
rule_group_rel_group_id_fkey,f,rule_group_rel,group_id,res_groups,id,r
rule_group_rel_rule_group_id_fkey,f,rule_group_rel,rule_group_id,ir_rule,id,c
rule_group_rel_pkey,p,rule_group_rel,"rule_group_id,group_id",,, 
salary_advance_company_id_fkey,f,salary_advance,company_id,res_company,id,r
salary_advance_create_uid_fkey,f,salary_advance,create_uid,res_users,id,n
salary_advance_credit_id_fkey,f,salary_advance,credit_id,account_account,id,n
salary_advance_currency_id_fkey,f,salary_advance,currency_id,res_currency,id,r
salary_advance_debit_id_fkey,f,salary_advance,debit_id,account_account,id,n
salary_advance_employee_id_fkey,f,salary_advance,employee_id,hr_employee,id,r
salary_advance_journal_id_fkey,f,salary_advance,journal_id,account_journal,id,n
salary_advance_payment_method_id_fkey,f,salary_advance,payment_method_id,account_journal,id,n
salary_advance_write_uid_fkey,f,salary_advance,write_uid,res_users,id,n
salary_advance_pkey,p,salary_advance,id,,, 
scheduled_message_attachment_rel_attachment_id_fkey,f,scheduled_message_attachment_rel,attachment_id,ir_attachment,id,c
scheduled_message_attachment_rel_scheduled_message_id_fkey,f,scheduled_message_attachment_rel,scheduled_message_id,mail_scheduled_message,id,c
scheduled_message_attachment_rel_pkey,p,scheduled_message_attachment_rel,"scheduled_message_id,attachment_id",,, 
server_action_history_wizard_action_id_fkey,f,server_action_history_wizard,action_id,ir_act_server,id,n
server_action_history_wizard_create_uid_fkey,f,server_action_history_wizard,create_uid,res_users,id,n
server_action_history_wizard_revision_fkey,f,server_action_history_wizard,revision,ir_actions_server_history,id,c
server_action_history_wizard_write_uid_fkey,f,server_action_history_wizard,write_uid,res_users,id,n
server_action_history_wizard_pkey,p,server_action_history_wizard,id,,, 
sms_account_code_account_id_fkey,f,sms_account_code,account_id,iap_account,id,c
sms_account_code_create_uid_fkey,f,sms_account_code,create_uid,res_users,id,n
sms_account_code_write_uid_fkey,f,sms_account_code,write_uid,res_users,id,n
sms_account_code_pkey,p,sms_account_code,id,,, 
sms_account_phone_account_id_fkey,f,sms_account_phone,account_id,iap_account,id,c
sms_account_phone_create_uid_fkey,f,sms_account_phone,create_uid,res_users,id,n
sms_account_phone_write_uid_fkey,f,sms_account_phone,write_uid,res_users,id,n
sms_account_phone_pkey,p,sms_account_phone,id,,, 
sms_account_sender_account_id_fkey,f,sms_account_sender,account_id,iap_account,id,c
sms_account_sender_create_uid_fkey,f,sms_account_sender,create_uid,res_users,id,n
sms_account_sender_write_uid_fkey,f,sms_account_sender,write_uid,res_users,id,n
sms_account_sender_pkey,p,sms_account_sender,id,,, 
sms_composer_create_uid_fkey,f,sms_composer,create_uid,res_users,id,n
sms_composer_template_id_fkey,f,sms_composer,template_id,sms_template,id,n
sms_composer_write_uid_fkey,f,sms_composer,write_uid,res_users,id,n
sms_composer_pkey,p,sms_composer,id,,, 
sms_sms_create_uid_fkey,f,sms_sms,create_uid,res_users,id,n
sms_sms_mail_message_id_fkey,f,sms_sms,mail_message_id,mail_message,id,n
sms_sms_partner_id_fkey,f,sms_sms,partner_id,res_partner,id,n
sms_sms_write_uid_fkey,f,sms_sms,write_uid,res_users,id,n
sms_sms_pkey,p,sms_sms,id,,, 
sms_sms_uuid_unique,u,sms_sms,uuid,,, 
sms_template_create_uid_fkey,f,sms_template,create_uid,res_users,id,n
sms_template_model_id_fkey,f,sms_template,model_id,ir_model,id,c
sms_template_sidebar_action_id_fkey,f,sms_template,sidebar_action_id,ir_act_window,id,n
sms_template_write_uid_fkey,f,sms_template,write_uid,res_users,id,n
sms_template_pkey,p,sms_template,id,,, 
sms_template_preview_create_uid_fkey,f,sms_template_preview,create_uid,res_users,id,n
sms_template_preview_sms_template_id_fkey,f,sms_template_preview,sms_template_id,sms_template,id,c
sms_template_preview_write_uid_fkey,f,sms_template_preview,write_uid,res_users,id,n
sms_template_preview_pkey,p,sms_template_preview,id,,, 
sms_template_reset_create_uid_fkey,f,sms_template_reset,create_uid,res_users,id,n
sms_template_reset_write_uid_fkey,f,sms_template_reset,write_uid,res_users,id,n
sms_template_reset_pkey,p,sms_template_reset,id,,, 
sms_template_sms_template_reset_rel_sms_template_id_fkey,f,sms_template_sms_template_reset_rel,sms_template_id,sms_template,id,c
sms_template_sms_template_reset_rel_sms_template_reset_id_fkey,f,sms_template_sms_template_reset_rel,sms_template_reset_id,sms_template_reset,id,c
sms_template_sms_template_reset_rel_pkey,p,sms_template_sms_template_reset_rel,"sms_template_reset_id,sms_template_id",,, 
sms_tracker_create_uid_fkey,f,sms_tracker,create_uid,res_users,id,n
sms_tracker_mail_notification_id_fkey,f,sms_tracker,mail_notification_id,mail_notification,id,c
sms_tracker_write_uid_fkey,f,sms_tracker,write_uid,res_users,id,n
sms_tracker_pkey,p,sms_tracker,id,,, 
sms_tracker_sms_uuid_unique,u,sms_tracker,sms_uuid,,, 
snailmail_letter_attachment_id_fkey,f,snailmail_letter,attachment_id,ir_attachment,id,c
snailmail_letter_company_id_fkey,f,snailmail_letter,company_id,res_company,id,r
snailmail_letter_country_id_fkey,f,snailmail_letter,country_id,res_country,id,n
snailmail_letter_create_uid_fkey,f,snailmail_letter,create_uid,res_users,id,n
snailmail_letter_message_id_fkey,f,snailmail_letter,message_id,mail_message,id,n
snailmail_letter_partner_id_fkey,f,snailmail_letter,partner_id,res_partner,id,r
snailmail_letter_report_template_fkey,f,snailmail_letter,report_template,ir_act_report_xml,id,n
snailmail_letter_state_id_fkey,f,snailmail_letter,state_id,res_country_state,id,n
snailmail_letter_user_id_fkey,f,snailmail_letter,user_id,res_users,id,n
snailmail_letter_write_uid_fkey,f,snailmail_letter,write_uid,res_users,id,n
snailmail_letter_pkey,p,snailmail_letter,id,,, 
spreadsheet_dashboard_create_uid_fkey,f,spreadsheet_dashboard,create_uid,res_users,id,n
spreadsheet_dashboard_dashboard_group_id_fkey,f,spreadsheet_dashboard,dashboard_group_id,spreadsheet_dashboard_group,id,r
spreadsheet_dashboard_write_uid_fkey,f,spreadsheet_dashboard,write_uid,res_users,id,n
spreadsheet_dashboard_pkey,p,spreadsheet_dashboard,id,,, 
spreadsheet_dashboard_group_create_uid_fkey,f,spreadsheet_dashboard_group,create_uid,res_users,id,n
spreadsheet_dashboard_group_write_uid_fkey,f,spreadsheet_dashboard_group,write_uid,res_users,id,n
spreadsheet_dashboard_group_pkey,p,spreadsheet_dashboard_group,id,,, 
spreadsheet_dashboard_share_create_uid_fkey,f,spreadsheet_dashboard_share,create_uid,res_users,id,n
spreadsheet_dashboard_share_dashboard_id_fkey,f,spreadsheet_dashboard_share,dashboard_id,spreadsheet_dashboard,id,c
spreadsheet_dashboard_share_write_uid_fkey,f,spreadsheet_dashboard_share,write_uid,res_users,id,n
spreadsheet_dashboard_share_pkey,p,spreadsheet_dashboard_share,id,,, 
summary_emp_rel_emp_id_fkey,f,summary_emp_rel,emp_id,hr_employee,id,c
summary_emp_rel_sum_id_fkey,f,summary_emp_rel,sum_id,hr_holidays_summary_employee,id,c
summary_emp_rel_pkey,p,summary_emp_rel,"sum_id,emp_id",,, 
survey_invite_applicant_id_fkey,f,survey_invite,applicant_id,hr_applicant,id,n
survey_invite_author_id_fkey,f,survey_invite,author_id,res_partner,id,n
survey_invite_create_uid_fkey,f,survey_invite,create_uid,res_users,id,n
survey_invite_mail_server_id_fkey,f,survey_invite,mail_server_id,ir_mail_server,id,n
survey_invite_survey_id_fkey,f,survey_invite,survey_id,survey_survey,id,c
survey_invite_template_id_fkey,f,survey_invite,template_id,mail_template,id,n
survey_invite_write_uid_fkey,f,survey_invite,write_uid,res_users,id,n
survey_invite_pkey,p,survey_invite,id,,, 
survey_invite_partner_ids_invite_id_fkey,f,survey_invite_partner_ids,invite_id,survey_invite,id,c
survey_invite_partner_ids_partner_id_fkey,f,survey_invite_partner_ids,partner_id,res_partner,id,c
survey_invite_partner_ids_pkey,p,survey_invite_partner_ids,"invite_id,partner_id",,, 
survey_mail_compose_message_ir_attachments_r_attachment_id_fkey,f,survey_mail_compose_message_ir_attachments_rel,attachment_id,ir_attachment,id,c
survey_mail_compose_message_ir_attachments_rel_wizard_id_fkey,f,survey_mail_compose_message_ir_attachments_rel,wizard_id,survey_invite,id,c
survey_mail_compose_message_ir_attachments_rel_pkey,p,survey_mail_compose_message_ir_attachments_rel,"wizard_id,attachment_id",,, 
survey_question_create_uid_fkey,f,survey_question,create_uid,res_users,id,n
survey_question_page_id_fkey,f,survey_question,page_id,survey_question,id,n
survey_question_survey_id_fkey,f,survey_question,survey_id,survey_survey,id,c
survey_question_write_uid_fkey,f,survey_question,write_uid,res_users,id,n
survey_question_pkey,p,survey_question,id,,, 
survey_question_answer_create_uid_fkey,f,survey_question_answer,create_uid,res_users,id,n
survey_question_answer_matrix_question_id_fkey,f,survey_question_answer,matrix_question_id,survey_question,id,c
survey_question_answer_question_id_fkey,f,survey_question_answer,question_id,survey_question,id,c
survey_question_answer_write_uid_fkey,f,survey_question_answer,write_uid,res_users,id,n
survey_question_answer_pkey,p,survey_question_answer,id,,, 
survey_question_survey_question__survey_question_answer_id_fkey,f,survey_question_survey_question_answer_rel,survey_question_answer_id,survey_question_answer,id,c
survey_question_survey_question_answer__survey_question_id_fkey,f,survey_question_survey_question_answer_rel,survey_question_id,survey_question,id,c
survey_question_survey_question_answer_rel_pkey,p,survey_question_survey_question_answer_rel,"survey_question_id,survey_question_answer_id",,, 
survey_question_survey_user_input_rel_survey_question_id_fkey,f,survey_question_survey_user_input_rel,survey_question_id,survey_question,id,c
survey_question_survey_user_input_rel_survey_user_input_id_fkey,f,survey_question_survey_user_input_rel,survey_user_input_id,survey_user_input,id,c
survey_question_survey_user_input_rel_pkey,p,survey_question_survey_user_input_rel,"survey_user_input_id,survey_question_id",,, 
survey_survey_certification_badge_id_fkey,f,survey_survey,certification_badge_id,gamification_badge,id,n
survey_survey_certification_mail_template_id_fkey,f,survey_survey,certification_mail_template_id,mail_template,id,n
survey_survey_create_uid_fkey,f,survey_survey,create_uid,res_users,id,n
survey_survey_session_question_id_fkey,f,survey_survey,session_question_id,survey_question,id,n
survey_survey_user_id_fkey,f,survey_survey,user_id,res_users,id,n
survey_survey_write_uid_fkey,f,survey_survey,write_uid,res_users,id,n
survey_survey_pkey,p,survey_survey,id,,, 
survey_survey_access_token_unique,u,survey_survey,access_token,,, 
survey_survey_badge_uniq,u,survey_survey,certification_badge_id,,, 
survey_survey_session_code_unique,u,survey_survey,session_code,,, 
survey_user_input_applicant_id_fkey,f,survey_user_input,applicant_id,hr_applicant,id,n
survey_user_input_create_uid_fkey,f,survey_user_input,create_uid,res_users,id,n
survey_user_input_lang_id_fkey,f,survey_user_input,lang_id,res_lang,id,n
survey_user_input_last_displayed_page_id_fkey,f,survey_user_input,last_displayed_page_id,survey_question,id,n
survey_user_input_partner_id_fkey,f,survey_user_input,partner_id,res_partner,id,n
survey_user_input_survey_id_fkey,f,survey_user_input,survey_id,survey_survey,id,c
survey_user_input_write_uid_fkey,f,survey_user_input,write_uid,res_users,id,n
survey_user_input_pkey,p,survey_user_input,id,,, 
survey_user_input_unique_token,u,survey_user_input,access_token,,, 
survey_user_input_line_create_uid_fkey,f,survey_user_input_line,create_uid,res_users,id,n
survey_user_input_line_matrix_row_id_fkey,f,survey_user_input_line,matrix_row_id,survey_question_answer,id,n
survey_user_input_line_question_id_fkey,f,survey_user_input_line,question_id,survey_question,id,c
survey_user_input_line_suggested_answer_id_fkey,f,survey_user_input_line,suggested_answer_id,survey_question_answer,id,n
survey_user_input_line_survey_id_fkey,f,survey_user_input_line,survey_id,survey_survey,id,n
survey_user_input_line_user_input_id_fkey,f,survey_user_input_line,user_input_id,survey_user_input,id,c
survey_user_input_line_write_uid_fkey,f,survey_user_input_line,write_uid,res_users,id,n
survey_user_input_line_pkey,p,survey_user_input_line,id,,, 
talent_pool_add_applicants_create_uid_fkey,f,talent_pool_add_applicants,create_uid,res_users,id,n
talent_pool_add_applicants_write_uid_fkey,f,talent_pool_add_applicants,write_uid,res_users,id,n
talent_pool_add_applicants_pkey,p,talent_pool_add_applicants,id,,, 
task_dependencies_rel_depends_on_id_fkey,f,task_dependencies_rel,depends_on_id,project_task,id,c
task_dependencies_rel_task_id_fkey,f,task_dependencies_rel,task_id,project_task,id,c
task_dependencies_rel_pkey,p,task_dependencies_rel,"task_id,depends_on_id",,, 
task_share_wizard_create_uid_fkey,f,task_share_wizard,create_uid,res_users,id,n
task_share_wizard_task_id_fkey,f,task_share_wizard,task_id,project_task,id,n
task_share_wizard_write_uid_fkey,f,task_share_wizard,write_uid,res_users,id,n
task_share_wizard_pkey,p,task_share_wizard,id,,, 
uom_uom_create_uid_fkey,f,uom_uom,create_uid,res_users,id,n
uom_uom_relative_uom_id_fkey,f,uom_uom,relative_uom_id,uom_uom,id,c
uom_uom_write_uid_fkey,f,uom_uom,write_uid,res_users,id,n
uom_uom_pkey,p,uom_uom,id,,, 
update_product_attribute_value_attribute_value_id_fkey,f,update_product_attribute_value,attribute_value_id,product_attribute_value,id,c
update_product_attribute_value_create_uid_fkey,f,update_product_attribute_value,create_uid,res_users,id,n
update_product_attribute_value_write_uid_fkey,f,update_product_attribute_value,write_uid,res_users,id,n
update_product_attribute_value_pkey,p,update_product_attribute_value,id,,, 
utm_campaign_create_uid_fkey,f,utm_campaign,create_uid,res_users,id,n
utm_campaign_stage_id_fkey,f,utm_campaign,stage_id,utm_stage,id,r
utm_campaign_user_id_fkey,f,utm_campaign,user_id,res_users,id,r
utm_campaign_write_uid_fkey,f,utm_campaign,write_uid,res_users,id,n
utm_campaign_pkey,p,utm_campaign,id,,, 
utm_campaign_unique_name,u,utm_campaign,name,,, 
utm_medium_create_uid_fkey,f,utm_medium,create_uid,res_users,id,n
utm_medium_write_uid_fkey,f,utm_medium,write_uid,res_users,id,n
utm_medium_pkey,p,utm_medium,id,,, 
utm_medium_unique_name,u,utm_medium,name,,, 
utm_source_create_uid_fkey,f,utm_source,create_uid,res_users,id,n
utm_source_write_uid_fkey,f,utm_source,write_uid,res_users,id,n
utm_source_pkey,p,utm_source,id,,, 
utm_source_unique_name,u,utm_source,name,,, 
utm_stage_create_uid_fkey,f,utm_stage,create_uid,res_users,id,n
utm_stage_write_uid_fkey,f,utm_stage,write_uid,res_users,id,n
utm_stage_pkey,p,utm_stage,id,,, 
utm_tag_create_uid_fkey,f,utm_tag,create_uid,res_users,id,n
utm_tag_write_uid_fkey,f,utm_tag,write_uid,res_users,id,n
utm_tag_pkey,p,utm_tag,id,,, 
utm_tag_name_uniq,u,utm_tag,name,,, 
utm_tag_rel_campaign_id_fkey,f,utm_tag_rel,campaign_id,utm_tag,id,c
utm_tag_rel_tag_id_fkey,f,utm_tag_rel,tag_id,utm_campaign,id,c
utm_tag_rel_pkey,p,utm_tag_rel,"tag_id,campaign_id",,, 
validate_account_move_create_uid_fkey,f,validate_account_move,create_uid,res_users,id,n
validate_account_move_write_uid_fkey,f,validate_account_move,write_uid,res_users,id,n
validate_account_move_pkey,p,validate_account_move,id,,, 
web_tour_tour_create_uid_fkey,f,web_tour_tour,create_uid,res_users,id,n
web_tour_tour_write_uid_fkey,f,web_tour_tour,write_uid,res_users,id,n
web_tour_tour_pkey,p,web_tour_tour,id,,, 
web_tour_tour_uniq_name,u,web_tour_tour,name,,, 
web_tour_tour_step_create_uid_fkey,f,web_tour_tour_step,create_uid,res_users,id,n
web_tour_tour_step_tour_id_fkey,f,web_tour_tour_step,tour_id,web_tour_tour,id,c
web_tour_tour_step_write_uid_fkey,f,web_tour_tour_step,write_uid,res_users,id,n
web_tour_tour_step_pkey,p,web_tour_tour_step,id,,, 
wizard_ir_model_menu_create_create_uid_fkey,f,wizard_ir_model_menu_create,create_uid,res_users,id,n
wizard_ir_model_menu_create_menu_id_fkey,f,wizard_ir_model_menu_create,menu_id,ir_ui_menu,id,c
wizard_ir_model_menu_create_write_uid_fkey,f,wizard_ir_model_menu_create,write_uid,res_users,id,n
wizard_ir_model_menu_create_pkey,p,wizard_ir_model_menu_create,id,,, 
